Customer_Age,Gender,Dependent_count,Marital_Status,Card_Category,Months_on_book,Total_Relationship_Count,Months_Inactive_12_mon,Contacts_Count_12_mon,Credit_Limit,Total_Revolving_Bal,Total_Amt_Chng_Q4_Q1,Total_Trans_Amt,Total_Trans_Ct,Total_Ct_Chng_Q4_Q1,Avg_Utilization_Ratio,Education_Level_Doctorate,Education_Level_Graduate,Education_Level_High School,Education_Level_Post-Graduate,Education_Level_Uneducated,Education_Level_Unknown,Income_Category_$40K - $60K,Income_Category_$60K - $80K,Income_Category_$80K - $120K,Income_Category_Less than $40K,Income_Category_Unknown,Attrition_Flag,prediction_label,prediction_score,prediction_score_1,Income_Category
48,1,4,1,Blue,29,6,1,2,2916.0,1074,0.774,1144.0,42.0,0.68,0.368,False,False,False,True,False,False,True,False,False,False,False,0,0,1.0,0.0,$60K - $80K
57,1,2,1,Blue,41,3,3,2,2527.0,1030,0.714,1291.0,33.0,0.387,0.408,False,False,False,False,True,False,False,True,False,False,False,1,1,0.235,0.765,Less than $40K
53,1,2,1,Blue,41,2,3,1,10301.0,2451,0.906,1887.0,20.0,0.657,0.238,False,True,False,False,False,False,False,False,True,False,False,0,0,0.9985,0.0015,$80K - $120K
40,0,3,2,Blue,33,2,3,3,2393.9023,203,0.7691011,1171.0,20.0,0.48464602,0.085318394,False,False,True,False,False,True,False,False,False,True,False,1,1,0.0,1.0,Less than $40K
44,0,2,1,Blue,39,1,0,3,2003.2085,0,0.78091776,816.0,28.0,0.8642509,0.0,False,True,False,False,False,True,True,False,False,True,False,1,1,0.0005,0.9995,$60K - $80K
43,0,2,2,Blue,36,3,1,4,2573.0,1640,0.873,1088.0,24.0,0.638,0.637,False,False,False,False,True,False,False,False,False,True,False,0,0,1.0,0.0,$40K - $60K
39,0,0,0,Gold,32,2,2,1,1438.3,801,1.155,1330.0,31.0,0.778,0.557,False,True,False,False,False,False,False,False,False,True,False,0,0,0.9983,0.0017,$120K +
38,0,3,1,Silver,36,1,3,2,5240.5674,1691,0.36815986,1538.0,36.0,0.661875,0.32220227,False,False,True,False,False,True,False,False,True,False,True,1,1,0.0025,0.9975,$60K - $80K
52,1,1,1,Blue,48,4,3,3,2066.0,1601,0.742,1350.0,24.0,0.414,0.775,False,False,False,False,False,False,False,False,True,False,False,0,0,0.9989,0.0011,$60K - $80K
48,1,3,1,Blue,36,3,1,2,8795.0,1318,0.563,1441.0,32.0,0.682,0.15,False,False,False,False,False,False,False,False,False,True,False,0,0,1.0,0.0,$80K - $120K
46,0,4,2,Blue,28,4,2,3,1443.2334,0,0.6713816,1201.0,42.0,0.4897616,0.0,True,True,False,False,False,False,True,False,False,False,True,1,1,0.0002,0.9998,$120K +
50,0,2,3,Blue,39,2,3,2,1438.3,0,0.59079045,1314.0,26.0,0.45612115,0.0,False,True,False,False,False,False,False,False,False,True,True,1,1,0.0003,0.9997,$40K - $60K
41,1,4,1,Blue,36,4,1,2,8923.0,2517,1.726,1539.0,17.0,1.667,0.282,False,True,False,False,False,False,False,True,False,False,False,0,0,0.9999,0.0001,$80K - $120K
54,0,1,1,Blue,46,2,3,2,4737.4727,0,0.8376282,1311.0,33.0,1.0488058,0.0,False,True,False,False,False,True,False,False,False,True,False,1,1,0.0013,0.9987,$60K - $80K
44,0,3,2,Blue,38,3,1,0,11749.0,788,0.688,1570.0,29.0,0.929,0.067,False,True,False,False,False,False,True,False,False,False,False,0,0,0.9943,0.0057,Less than $40K
37,0,2,2,Blue,29,2,2,3,4777.637,2517,0.54730713,1348.0,27.0,0.8705881,0.52702385,False,False,False,True,False,False,False,False,False,False,True,1,1,0.0159,0.9841,$80K - $120K
50,1,3,0,Blue,39,5,1,3,6362.0,1709,1.016,1671.0,27.0,0.735,0.269,False,True,False,False,False,False,False,True,False,False,False,0,0,0.9999,0.0001,$80K - $120K
51,0,0,1,Blue,39,2,3,1,4915.046,1422,1.008514,1028.0,21.0,0.6012564,0.2888566,False,True,False,False,True,False,False,False,False,True,False,1,1,0.044,0.956,$80K - $120K
50,1,0,0,Blue,36,3,3,2,5444.0,2499,0.468,1336.0,30.0,0.667,0.459,False,False,False,False,False,True,False,True,False,False,False,0,0,0.9996,0.0004,$40K - $60K
41,0,2,1,Blue,36,1,3,1,2078.6545,1953,0.9021367,1207.0,21.0,0.6977496,0.94053894,False,False,True,True,False,False,False,False,False,True,True,1,1,0.0012,0.9988,Unknown
52,1,3,2,Blue,40,6,3,2,34516.0,1757,0.786,1178.0,27.0,0.653,0.051,False,False,False,False,True,False,False,False,True,False,False,0,0,0.9999,0.0001,$60K - $80K
58,1,2,2,Blue,46,2,3,4,16163.0,0,0.542,692.0,16.0,0.778,0.0,False,False,False,False,True,False,False,False,False,False,False,1,1,0.0033,0.9967,Less than $40K
47,0,2,1,Blue,32,3,2,1,11438.0,0,0.815,931.0,18.0,0.915,0.0,False,False,True,False,False,False,False,False,False,False,True,0,0,0.9999,0.0001,$40K - $60K
49,0,5,0,Blue,42,5,2,3,1972.0,1489,0.69,1126.0,23.0,0.65,0.755,False,False,True,False,False,False,False,False,False,True,False,0,0,0.9992,0.0008,Less than $40K
54,0,1,2,Blue,41,5,2,2,3478.0,941,0.711,1110.0,21.0,0.93,0.271,False,False,False,False,False,False,False,False,False,True,False,0,0,1.0,0.0,$80K - $120K
37,0,3,1,Blue,24,3,2,2,10584.0,1550,0.692,1051.0,22.0,0.32,0.146,False,True,False,False,False,False,False,False,False,False,True,0,0,0.9272,0.0728,Less than $40K
42,1,2,2,Blue,36,1,3,1,9959.0,2517,0.884,1197.0,23.0,0.771,0.253,False,False,False,False,False,False,False,False,True,False,False,1,0,0.7513,0.2487,$40K - $60K
40,0,2,1,Blue,28,5,5,2,14999.0,1123,0.539,1904.0,40.0,0.468,0.075,False,False,False,False,False,True,False,False,False,False,True,0,0,0.9998,0.0002,$60K - $80K
56,0,2,1,Blue,43,5,2,2,1978.0,0,0.641,1052.0,18.0,0.844,0.0,False,False,True,False,False,False,False,False,False,True,False,0,0,0.9999,0.0001,Unknown
56,1,2,1,Blue,45,3,2,3,5920.0,1589,0.512,1045.0,38.0,0.273,0.268,False,False,True,False,False,False,False,False,True,False,False,0,0,0.9892,0.0108,$40K - $60K
46,0,4,1,Blue,36,3,3,3,1438.3,0,0.346,1038.0,25.0,0.407,0.0,False,False,False,False,True,False,False,False,False,True,False,1,1,0.0027,0.9973,$80K - $120K
48,0,2,1,Blue,34,3,1,4,5069.0,1843,0.826,1596.0,26.0,0.692,0.364,True,False,False,False,False,False,True,False,False,False,False,0,0,0.9998,0.0002,$60K - $80K
35,0,1,1,Blue,24,2,1,2,1731.2562,0,0.7483983,1589.0,24.0,0.3493391,0.0,False,False,False,False,False,True,False,True,False,True,False,1,1,0.0005,0.9995,$60K - $80K
46,1,2,1,Blue,39,2,1,1,30379.0,2175,0.67,1411.0,28.0,0.562,0.072,False,False,False,False,False,True,False,True,False,False,False,0,0,0.9999,0.0001,Less than $40K
31,0,1,0,Blue,22,2,2,3,1623.0,0,0.501,1291.0,24.0,0.364,0.0,False,True,False,False,False,False,False,False,False,False,True,1,1,0.0025,0.9975,$80K - $120K
30,1,1,2,Blue,19,5,2,0,8744.0,1712,0.895,1407.0,43.0,0.659,0.196,False,False,False,False,False,True,False,False,False,True,False,0,0,0.9997,0.0003,Less than $40K
39,1,4,1,Blue,36,4,3,2,34516.0,2517,0.841,1877.0,37.0,0.65,0.073,False,False,False,False,False,True,False,True,False,False,False,1,1,0.007,0.993,Less than $40K
42,0,4,3,Gold,34,5,3,2,1874.0,1341,0.952,966.0,22.0,0.75,0.716,False,False,False,False,False,True,False,False,False,True,False,0,0,0.9999,0.0001,Less than $40K
54,0,1,1,Blue,43,6,2,3,2306.0,2200,0.697,1464.0,28.0,0.541,0.954,False,False,True,False,False,False,False,False,False,True,False,0,0,0.8837,0.1163,$40K - $60K
44,1,5,0,Blue,39,5,2,0,16034.0,1597,0.775,704.0,16.0,0.903,0.1,False,False,False,False,True,False,False,True,False,False,False,0,0,0.9998,0.0002,Unknown
54,0,3,1,Blue,43,2,3,3,1438.3,0,0.32262498,1109.0,28.0,0.36597663,0.0,False,True,True,False,False,False,True,False,False,True,False,1,1,0.0,1.0,$80K - $120K
47,0,4,1,Blue,40,2,3,3,2606.0676,2480,0.32498875,1347.0,28.0,0.7163806,0.9524729,False,True,False,False,True,False,False,False,False,True,False,1,1,0.0006,0.9994,$40K - $60K
40,0,1,1,Silver,29,3,3,3,8959.75,0,0.4155628,1756.0,33.0,0.44081578,0.0,False,True,True,False,False,False,False,True,False,False,True,1,1,0.0001,0.9999,$40K - $60K
42,1,3,2,Blue,32,3,3,3,34516.0,1396,0.688,1756.0,32.0,0.938,0.04,False,False,True,False,False,False,False,False,True,False,False,0,0,0.9998,0.0002,$60K - $80K
55,0,2,2,Blue,49,2,3,2,8514.947,280,0.5146244,1042.0,23.0,0.36930513,0.032972496,False,False,False,True,False,True,False,False,False,True,True,1,1,0.0,1.0,Unknown
44,1,3,1,Blue,37,3,2,3,17413.336,0,0.42177802,1444.0,28.0,0.3868207,0.0,False,True,False,False,True,False,False,True,False,False,False,1,1,0.0023,0.9977,$80K - $120K
42,1,3,3,Blue,37,6,2,4,2793.0,1661,1.117,1741.0,27.0,0.865,0.595,False,False,True,False,False,False,True,False,False,False,False,0,0,0.9999,0.0001,$60K - $80K
43,0,1,3,Blue,32,4,4,3,1834.0,1416,0.868,1719.0,27.0,0.927,0.772,False,True,False,False,False,False,False,False,False,True,False,0,0,0.989,0.011,$40K - $60K
49,0,3,1,Blue,45,3,3,2,1438.3,726,0.657,1217.0,27.0,0.755,0.505,False,False,True,False,False,False,False,False,False,True,False,0,0,1.0,0.0,$80K - $120K
38,0,2,1,Blue,27,3,3,3,1445.7618,0,0.6983183,1140.0,40.0,0.5123979,0.0,False,True,True,False,False,False,False,False,False,True,False,1,1,0.0,1.0,$80K - $120K
48,0,3,1,Blue,36,4,3,3,2710.2834,2410,0.83813375,1878.0,30.0,0.43150437,0.8895087,True,False,False,False,False,True,False,False,False,True,False,1,1,0.0005,0.9995,Less than $40K
39,0,3,1,Blue,21,1,2,1,2983.958,2517,0.57408035,705.0,19.0,0.3590181,0.8430122,True,True,False,False,False,False,False,False,False,True,False,1,1,0.0088,0.9912,Less than $40K
49,0,3,1,Blue,36,1,1,3,3767.0,1106,0.944,1946.0,38.0,0.826,0.294,False,False,False,False,False,True,False,False,False,True,False,0,0,0.9997,0.0003,Less than $40K
42,1,5,1,Blue,35,6,3,2,13650.0,1253,0.743,1414.0,35.0,0.71,0.092,False,False,False,False,False,True,False,True,False,False,False,0,0,0.9999,0.0001,$120K +
50,1,2,1,Blue,39,4,3,2,7931.1846,0,0.6751926,602.0,15.0,0.33276165,0.0,False,False,True,False,False,True,False,True,True,False,False,1,1,0.0177,0.9823,$120K +
40,1,4,1,Blue,35,5,4,1,9974.0,2185,0.852,1052.0,32.0,0.673,0.219,False,True,False,False,False,False,False,True,False,False,False,0,0,0.9999,0.0001,Less than $40K
57,0,2,2,Blue,36,1,2,3,6482.0,1686,0.753,1295.0,40.0,0.629,0.26,False,True,False,False,False,False,False,False,False,True,False,0,0,1.0,0.0,Less than $40K
40,0,1,1,Blue,29,5,1,3,8398.0,1892,0.861,1424.0,29.0,0.526,0.225,False,True,False,False,False,False,False,False,False,False,True,0,0,0.9923,0.0077,$40K - $60K
52,1,5,2,Blue,47,3,1,1,2047.0,665,0.605,1359.0,25.0,0.692,0.325,False,True,False,False,False,False,False,False,True,False,False,0,0,1.0,0.0,Unknown
44,0,4,1,Blue,36,6,3,0,11879.0,0,0.735,1168.0,27.0,0.938,0.0,False,False,False,False,True,False,False,False,False,True,False,0,0,0.9998,0.0002,$60K - $80K
44,0,4,2,Blue,40,6,5,3,1572.0,874,0.947,1097.0,33.0,0.739,0.556,False,True,False,False,False,False,True,False,False,False,False,0,0,0.9998,0.0002,$80K - $120K
39,1,5,1,Silver,36,4,3,3,19435.0,2120,0.625,691.0,15.0,0.486,0.109,False,False,False,False,False,True,False,False,True,False,False,0,1,0.4305,0.5695,$60K - $80K
53,0,2,2,Blue,38,2,3,3,16592.0,1435,0.76,1316.0,28.0,0.648,0.086,False,False,False,False,False,False,False,False,False,False,True,0,0,0.9998,0.0002,$60K - $80K
51,0,4,1,Blue,39,2,3,1,2268.0,651,0.717,1276.0,26.0,0.66,0.287,False,False,False,False,False,True,False,False,False,True,False,0,0,1.0,0.0,$120K +
29,1,1,2,Blue,36,5,3,2,5346.0,0,0.928,1289.0,23.0,0.818,0.0,False,False,False,False,False,False,False,True,False,False,False,0,0,1.0,0.0,$120K +
46,0,4,2,Silver,36,5,1,4,3818.0,0,0.885,1293.0,32.0,0.578,0.0,False,False,False,False,True,False,False,False,False,False,True,0,0,0.9987,0.0013,$80K - $120K
45,0,5,2,Blue,32,3,3,3,5999.0,658,0.638,1353.0,35.0,0.605,0.11,False,False,False,False,False,False,False,False,False,False,True,0,0,0.9999,0.0001,$60K - $80K
49,0,2,1,Blue,36,3,4,1,2505.0,0,0.62,1132.0,28.0,0.743,0.0,False,False,False,False,True,False,False,False,False,True,False,0,0,0.9979,0.0021,Less than $40K
45,0,3,1,Blue,38,2,3,4,11566.968,0,0.6305393,1670.0,17.0,0.4153861,0.0,False,False,False,False,True,True,False,False,True,False,True,1,1,0.0002,0.9998,$60K - $80K
47,0,2,1,Blue,36,3,2,2,3059.6887,875,0.27704638,837.0,15.0,0.09788736,0.28919607,True,False,False,False,False,True,False,False,False,True,True,1,1,0.0063,0.9937,$80K - $120K
53,0,2,0,Blue,33,2,3,3,2135.1145,0,0.728847,1550.0,41.0,0.4498636,0.0,False,True,True,False,False,False,False,False,False,True,False,1,1,0.0,1.0,$120K +
40,0,3,1,Blue,21,5,2,2,1729.9023,0,0.42015764,1540.0,36.0,0.37110585,0.0,True,False,False,False,False,False,False,False,False,True,False,1,1,0.0003,0.9997,Less than $40K
49,1,4,2,Blue,35,1,2,2,17350.0,1817,0.816,1256.0,21.0,0.873,0.105,False,False,False,False,False,False,False,True,False,False,False,0,0,0.9999,0.0001,$60K - $80K
46,1,2,1,Blue,38,4,3,5,34466.805,2406,0.8827633,1394.0,35.0,0.9389497,0.069803715,False,False,True,False,False,False,False,True,False,False,False,1,1,0.0176,0.9824,$80K - $120K
51,0,1,1,Blue,37,2,1,3,1489.051,0,0.55179584,1341.0,24.0,0.5354776,0.0,False,True,False,False,False,False,True,False,False,True,False,1,1,0.0009,0.9991,$60K - $80K
47,1,3,0,Blue,42,2,3,3,9104.995,130,0.75395036,1289.0,33.0,0.43770567,0.014407256,False,True,False,False,False,False,True,True,False,False,False,1,1,0.0,1.0,$80K - $120K
50,0,4,1,Blue,30,5,3,4,4038.0,1530,0.724,1112.0,23.0,0.323,0.379,False,True,False,False,False,False,False,False,False,True,False,1,1,0.0107,0.9893,Less than $40K
56,1,2,0,Blue,45,3,1,3,6331.0,1420,0.529,2339.0,57.0,0.438,0.224,False,False,False,False,True,False,True,False,False,False,False,0,0,0.9998,0.0002,Less than $40K
41,0,4,1,Blue,31,4,2,3,1593.179,0,0.70190156,1468.0,23.0,0.6464105,0.0,False,False,False,False,False,True,True,False,False,False,False,1,1,0.002,0.998,$60K - $80K
39,0,1,1,Blue,28,4,2,4,4038.181,0,0.8273498,1334.0,35.0,0.6898834,0.0,False,True,False,False,False,False,True,False,False,True,False,1,1,0.005,0.995,$80K - $120K
34,1,2,1,Blue,28,3,3,3,2853.0,2420,0.858,1457.0,41.0,0.808,0.848,False,False,True,False,False,False,False,True,False,False,False,0,0,0.9995,0.0005,$60K - $80K
51,1,3,2,Blue,43,4,2,3,6649.0,1781,0.546,1603.0,29.0,0.474,0.268,False,False,False,False,False,True,False,True,False,False,False,0,0,0.9659,0.0341,$120K +
38,0,0,0,Blue,30,1,3,3,2207.2395,0,0.859984,615.0,12.0,0.5857768,0.0,False,True,False,False,True,False,True,False,False,False,False,1,1,0.0071,0.9929,$40K - $60K
58,1,0,1,Blue,51,1,2,2,14458.403,2017,0.9900918,1068.0,20.0,0.89491177,0.1400558,False,False,False,False,True,False,True,False,True,False,False,1,1,0.003,0.997,Unknown
41,1,4,2,Blue,28,5,1,4,34516.0,0,0.791,1590.0,27.0,0.755,0.0,False,False,True,False,False,False,False,False,False,False,False,0,0,0.9999,0.0001,$80K - $120K
57,1,3,2,Blue,51,1,6,1,5859.0,0,0.914,1531.0,35.0,0.708,0.0,False,False,False,False,False,True,False,True,False,False,False,1,1,0.0904,0.9096,$60K - $80K
45,1,3,2,Blue,33,1,3,3,34516.0,0,1.492,1212.0,31.0,0.433,0.0,False,False,False,False,False,False,False,False,True,False,False,1,1,0.0209,0.9791,$120K +
56,1,2,1,Blue,48,2,2,2,9502.857,0,0.7927397,1237.0,32.0,0.69872504,0.0,False,True,True,False,False,False,False,True,True,False,False,1,1,0.0,1.0,Less than $40K
46,1,3,0,Blue,36,3,2,3,3467.076,2517,0.7759958,1413.0,14.0,0.59084225,0.72583073,False,False,True,False,False,False,False,False,True,True,False,1,1,0.003,0.997,$60K - $80K
55,0,2,2,Blue,43,1,3,1,1745.0,1168,0.701,1516.0,29.0,0.634,0.669,False,True,False,False,False,False,False,False,False,True,False,0,0,0.9992,0.0008,$120K +
58,1,3,1,Blue,46,5,3,2,8184.0,1205,0.965,1276.0,21.0,0.69,0.147,False,False,True,False,False,False,False,True,False,False,False,0,0,0.9982,0.0018,Less than $40K
52,1,4,1,Blue,41,4,1,2,19097.135,0,0.45694157,1564.0,35.0,0.30646962,0.0,False,False,True,False,True,False,False,False,False,False,False,1,1,0.03,0.97,$80K - $120K
47,1,3,1,Blue,39,2,3,2,10061.0,0,0.787,1465.0,34.0,0.529,0.0,False,False,True,False,False,False,False,True,False,False,False,1,1,0.0009,0.9991,$40K - $60K
33,0,1,1,Blue,23,1,3,3,2170.5413,1692,0.44385353,1286.0,29.0,0.5421455,0.78175014,False,True,False,False,True,False,False,False,False,True,False,1,1,0.0004,0.9996,$80K - $120K
52,0,3,1,Blue,36,1,2,4,1438.3,0,0.31659013,1312.0,20.0,0.467,0.0,False,True,False,False,False,False,False,False,False,True,False,1,1,0.0002,0.9998,Unknown
39,1,4,2,Blue,32,5,3,2,26710.0,1681,0.741,1673.0,32.0,0.746,0.063,False,False,False,True,False,False,False,False,True,False,False,0,0,0.9993,0.0007,Less than $40K
51,0,1,1,Blue,39,4,3,3,2002.0,1248,0.502,1313.0,30.0,0.905,0.623,False,True,False,False,False,False,False,False,False,False,True,0,0,0.9738,0.0262,$40K - $60K
41,0,3,1,Blue,35,2,3,5,11538.0,0,0.507,1609.0,42.0,0.432,0.0,False,False,False,False,False,True,False,False,False,False,True,1,1,0.0011,0.9989,$40K - $60K
37,0,1,1,Blue,21,1,2,2,31667.725,0,0.9129812,1158.0,19.0,0.6398643,0.0,False,False,False,False,False,True,False,False,True,False,True,1,1,0.0003,0.9997,$120K +
50,0,3,0,Blue,45,3,3,1,6546.7954,2517,0.9151548,836.0,18.0,0.5983856,0.38494125,False,False,True,False,True,False,False,False,False,True,True,1,1,0.0011,0.9989,$80K - $120K
61,1,0,1,Blue,36,2,3,3,6959.0,945,0.816,1289.0,22.0,0.714,0.136,False,True,False,False,False,False,False,False,False,False,True,0,0,1.0,0.0,Unknown
37,0,3,1,Silver,24,4,2,4,11239.0,0,0.32,1487.0,26.0,0.162,0.0,False,False,False,False,False,False,False,False,False,False,True,1,1,0.0017,0.9983,Unknown
44,0,3,1,Blue,28,5,2,2,1948.0778,0,0.76449686,1259.0,33.0,0.70596313,0.0,False,False,False,True,False,False,False,False,False,True,False,1,1,0.0002,0.9998,$120K +
38,0,2,1,Blue,35,2,3,0,1617.2834,0,0.89303195,1298.0,15.0,0.4208271,0.0,False,True,False,False,False,False,False,False,False,True,False,1,1,0.0001,0.9999,Less than $40K
51,0,1,1,Blue,39,3,2,3,1875.2888,0,0.7443495,1226.0,34.0,0.57482314,0.0,False,True,False,False,False,False,False,False,False,True,True,1,1,0.0003,0.9997,$60K - $80K
46,1,4,2,Blue,41,6,3,2,34516.0,1104,0.591,1566.0,37.0,0.741,0.032,False,False,False,False,True,False,False,False,True,False,False,1,0,0.554,0.446,Less than $40K
47,0,4,1,Blue,42,4,1,3,16349.0,1925,0.833,1022.0,21.0,0.81,0.118,False,True,False,False,False,False,False,False,False,False,True,0,0,0.9998,0.0002,$120K +
49,0,3,2,Blue,38,1,2,4,11025.0,0,0.501,1235.0,30.0,0.273,0.0,False,True,False,False,False,False,False,False,False,False,True,1,1,0.0001,0.9999,$60K - $80K
63,1,1,1,Blue,56,3,3,2,10215.0,1010,0.843,1951.0,44.0,1.0,0.099,False,False,False,False,False,True,False,True,False,False,False,0,0,0.9975,0.0025,Less than $40K
49,0,4,2,Blue,36,1,1,3,2636.0,1257,0.661,1047.0,31.0,0.608,0.477,False,True,False,False,False,False,False,False,False,True,False,0,0,1.0,0.0,$120K +
47,1,5,2,Blue,36,3,1,2,8896.0,1338,0.741,1342.0,32.0,0.591,0.15,True,False,False,False,False,False,False,False,False,True,False,0,0,1.0,0.0,$60K - $80K
36,0,2,2,Blue,36,6,4,0,2051.0,1154,0.605,1107.0,21.0,0.717,0.563,False,True,False,False,False,False,False,False,False,True,False,0,0,1.0,0.0,$60K - $80K
38,0,1,1,Blue,20,5,1,3,5153.0,2517,1.488,1251.0,35.0,0.969,0.488,False,True,False,False,False,False,True,False,False,False,False,0,0,0.9872,0.0128,$60K - $80K
47,0,3,1,Blue,32,3,2,2,1944.3054,0,0.6881501,1305.0,24.0,0.4534543,0.0,False,False,False,True,False,True,False,False,False,True,False,1,1,0.0,1.0,Less than $40K
43,0,2,1,Blue,36,1,2,3,4502.6,0,0.78636,1388.0,37.0,0.37790895,0.0,False,False,True,False,False,True,True,False,False,False,True,1,1,0.0,1.0,$80K - $120K
42,0,2,2,Blue,34,3,3,3,2516.0,0,0.53,1235.0,18.0,0.545,0.0,False,False,False,False,False,True,True,False,False,False,False,1,1,0.0005,0.9995,$80K - $120K
47,0,4,1,Blue,42,4,4,4,6451.0,0,0.706,2089.0,36.0,0.433,0.0,False,False,False,True,False,False,False,False,False,False,True,1,1,0.0005,0.9995,$80K - $120K
50,1,2,3,Blue,32,2,3,1,25645.0,1083,0.757,1626.0,25.0,0.5,0.042,False,False,False,False,False,True,False,False,False,False,False,0,0,0.991,0.009,$80K - $120K
40,0,1,0,Blue,30,6,2,1,2579.0,1959,0.618,1111.0,24.0,0.683,0.76,False,False,True,False,False,False,False,False,False,True,False,0,0,0.9999,0.0001,$60K - $80K
41,1,1,1,Blue,34,3,3,3,2151.9795,983,1.0813321,1553.0,38.0,0.6842828,0.45840138,False,False,False,False,True,True,True,True,False,False,False,1,1,0.1285,0.8715,Less than $40K
42,0,2,1,Blue,31,6,2,3,2552.0,2220,0.782,1064.0,13.0,1.033,0.87,False,False,False,False,False,True,False,False,False,True,False,0,0,0.9998,0.0002,$120K +
45,1,3,1,Blue,25,3,3,2,9791.0,1311,0.704,1243.0,29.0,0.513,0.134,False,True,False,False,False,False,False,True,False,False,False,0,0,0.9995,0.0005,Less than $40K
47,0,3,0,Blue,36,3,3,2,2182.0,1566,0.574,1659.0,38.0,0.711,0.718,False,True,False,False,False,False,False,False,False,True,False,0,0,1.0,0.0,$80K - $120K
56,1,2,1,Blue,49,3,5,3,3059.0,2387,0.808,1594.0,47.0,0.761,0.78,False,True,False,False,False,False,True,False,False,False,False,0,0,0.9999,0.0001,$40K - $60K
53,0,1,1,Silver,41,3,3,2,4596.8584,1174,0.97398317,1268.0,42.0,1.0250279,0.25954795,True,False,False,False,True,False,False,False,False,True,False,1,1,0.1435,0.8565,$120K +
53,0,0,1,Blue,41,5,3,3,1670.7761,344,0.770013,1304.0,24.0,0.4932369,0.20662436,False,True,False,False,False,False,True,False,False,True,False,1,1,0.0001,0.9999,$60K - $80K
52,0,2,1,Blue,36,3,1,3,4950.0,1829,0.671,1368.0,30.0,0.872,0.369,False,True,False,False,False,False,False,False,False,True,False,0,0,1.0,0.0,$120K +
52,0,1,2,Blue,35,4,4,2,2411.0,1379,0.869,720.0,23.0,0.717,0.572,False,True,False,False,False,False,False,False,False,False,True,0,0,1.0,0.0,$80K - $120K
51,0,3,1,Blue,38,3,2,2,4175.98,1769,0.7115389,1521.0,29.0,0.51569885,0.42348486,False,True,True,False,False,False,False,False,False,False,True,1,1,0.0003,0.9997,$40K - $60K
50,0,1,3,Silver,42,1,1,2,2210.0,1539,0.843,1137.0,30.0,0.974,0.696,False,False,False,False,False,True,False,False,False,True,False,0,0,0.9999,0.0001,Less than $40K
40,0,3,2,Blue,29,4,2,2,1542.0823,425,0.56542486,978.0,16.0,0.5093695,0.27663967,False,False,True,False,False,False,True,False,False,True,False,1,1,0.0,1.0,Less than $40K
41,0,3,1,Blue,35,3,2,4,5343.5786,0,0.67657906,1221.0,16.0,0.31651518,0.0,False,True,False,False,False,True,True,False,False,False,False,1,1,0.0005,0.9995,$40K - $60K
43,1,3,3,Blue,29,1,2,6,11422.0,1095,0.773,1565.0,28.0,0.8,0.096,False,True,False,False,False,False,False,False,True,False,False,1,1,0.0244,0.9756,$80K - $120K
26,1,1,2,Blue,13,6,2,4,1473.0,0,0.813,1578.0,34.0,0.857,0.0,False,False,True,False,False,False,True,False,False,False,False,0,0,0.9864,0.0136,$80K - $120K
44,0,2,2,Blue,37,1,3,4,2435.19,134,0.7894071,1493.0,32.0,0.45950806,0.055470385,False,False,True,False,False,True,True,False,False,True,False,1,1,0.0,1.0,Less than $40K
43,0,4,0,Blue,36,3,2,2,1438.3,743,0.624,1178.0,27.0,0.625,0.517,False,True,False,False,False,False,False,False,False,True,False,0,0,1.0,0.0,$40K - $60K
50,1,4,1,Blue,36,5,1,4,10226.0,1638,1.053,991.0,26.0,1.036,0.16,False,False,False,False,False,True,False,True,False,False,False,0,0,0.9998,0.0002,$60K - $80K
40,1,5,1,Blue,34,6,2,4,11942.0,1651,0.598,2560.0,42.0,0.208,0.138,False,True,False,False,False,False,False,False,True,False,False,0,0,0.7878,0.2122,$60K - $80K
34,0,1,2,Blue,36,2,3,2,6056.106,118,0.9351488,1657.0,29.0,0.92040646,0.019739265,False,False,True,False,False,True,True,False,False,True,False,1,1,0.0,1.0,Unknown
43,1,3,1,Blue,36,6,1,2,28634.0,926,0.622,1204.0,19.0,0.659,0.032,False,False,False,False,True,False,False,False,True,False,False,0,0,0.9999,0.0001,Less than $40K
54,1,3,2,Blue,41,4,2,3,9110.0,0,0.662,673.0,18.0,0.786,0.0,True,False,False,False,False,False,False,True,False,False,False,0,0,0.9993,0.0007,Less than $40K
44,0,3,0,Blue,31,3,2,1,8320.0,0,0.421,1131.0,18.0,0.491,0.0,False,False,False,True,False,False,False,False,False,True,False,0,0,0.9976,0.0024,$120K +
48,0,2,1,Blue,35,4,2,2,3236.6152,896,0.36838785,1576.0,25.0,0.17978437,0.2765442,True,False,False,False,False,False,True,False,False,False,True,1,1,0.0058,0.9942,$80K - $120K
36,0,0,1,Blue,24,6,2,2,4195.6143,0,0.85888636,1217.0,20.0,0.52868146,0.0,False,True,False,False,False,False,True,True,False,False,False,1,1,0.0008,0.9992,Less than $40K
39,1,3,1,Blue,29,3,1,3,3537.0,2517,1.021,530.0,10.0,0.344,0.712,True,False,False,False,False,False,False,True,False,False,False,0,0,0.9524,0.0476,$60K - $80K
39,1,2,2,Blue,32,6,3,2,7723.0,1902,1.181,739.0,16.0,1.0,0.246,False,False,False,False,True,False,True,False,False,False,False,0,0,0.9999,0.0001,Less than $40K
55,0,2,2,Blue,47,5,3,2,6347.0,0,0.466,1617.0,31.0,0.375,0.0,False,True,False,False,False,False,False,False,False,True,False,0,0,0.8556,0.1444,Less than $40K
44,0,3,1,Blue,34,2,2,1,31699.0,1976,0.811,1592.0,34.0,0.687,0.062,False,True,False,False,False,False,False,False,False,False,True,0,0,0.9999,0.0001,$120K +
49,1,3,0,Blue,31,2,3,1,2181.0,1218,0.758,1343.0,30.0,0.712,0.558,False,False,False,False,False,False,True,False,False,False,False,0,0,1.0,0.0,Unknown
34,0,1,3,Blue,23,4,1,1,2207.0,1527,0.861,1303.0,39.0,1.133,0.692,False,True,False,False,False,False,False,False,False,True,False,0,0,0.9999,0.0001,$80K - $120K
53,1,1,1,Blue,36,2,2,2,34516.0,1484,1.015,1351.0,22.0,0.9,0.043,False,False,False,False,False,False,False,False,True,False,False,0,0,0.9965,0.0035,$80K - $120K
56,0,2,1,Blue,47,1,4,3,4908.103,820,0.93722564,1910.0,32.0,0.9128866,0.1670342,False,False,True,False,True,False,False,False,False,True,False,1,1,0.0206,0.9794,Unknown
55,0,1,1,Silver,47,4,5,1,7361.092,2479,0.6461215,1298.0,22.0,0.49988666,0.33722013,False,False,True,False,False,True,False,True,False,True,False,1,1,0.0022,0.9978,$40K - $60K
53,0,1,2,Blue,44,3,2,2,11012.0,1328,0.617,1087.0,29.0,0.654,0.121,False,False,False,False,False,False,False,False,False,False,True,0,0,1.0,0.0,$60K - $80K
48,1,3,2,Blue,38,2,3,3,20707.203,969,0.36608556,1439.0,26.0,0.6839258,0.04655514,False,False,False,True,False,False,False,True,True,False,False,1,1,0.0002,0.9998,Less than $40K
48,1,3,2,Blue,44,5,1,3,16794.0,1527,0.912,1238.0,28.0,0.689,0.091,False,False,False,False,False,True,False,False,True,False,False,0,0,1.0,0.0,$40K - $60K
41,0,3,1,Blue,36,6,2,3,2359.0,1509,1.1,1716.0,29.0,0.814,0.64,False,False,True,False,False,False,False,False,False,True,False,0,0,0.9997,0.0003,$40K - $60K
57,0,3,3,Blue,46,2,2,2,2791.0,1550,0.672,1099.0,27.0,0.66,0.555,False,True,False,False,False,False,True,False,False,False,False,0,0,0.9999,0.0001,$120K +
37,1,4,1,Silver,27,5,1,4,6859.0,1766,1.186,1058.0,24.0,0.697,0.257,False,False,False,True,False,False,True,False,False,False,False,0,0,0.9993,0.0007,Unknown
49,1,3,2,Blue,44,2,3,2,7659.0,1698,0.992,1285.0,29.0,0.75,0.222,False,False,False,False,True,False,False,False,False,True,False,0,0,0.9991,0.0009,Less than $40K
59,0,0,1,Blue,41,1,3,1,1438.3,0,0.98603565,1651.0,28.0,0.33945373,0.0,False,False,False,True,False,True,True,False,False,False,True,1,1,0.0003,0.9997,$80K - $120K
54,1,0,0,Blue,43,3,3,3,19670.463,2491,0.5801791,1152.0,31.0,0.4354094,0.1269872,False,False,True,False,False,False,False,False,True,False,False,1,1,0.0005,0.9995,Unknown
47,0,2,2,Blue,31,3,2,3,1491.0,0,0.716,1767.0,38.0,0.804,0.0,False,False,False,True,False,False,False,False,False,False,True,0,0,0.9999,0.0001,$60K - $80K
55,0,0,2,Blue,44,6,1,3,18202.0,1841,0.76,1039.0,24.0,0.7,0.101,False,True,False,False,False,False,False,False,False,False,True,0,0,1.0,0.0,Less than $40K
32,1,1,1,Blue,24,1,1,2,9711.0,972,0.647,1130.0,28.0,0.742,0.1,False,True,False,False,False,False,True,False,False,False,False,0,0,0.9996,0.0004,$40K - $60K
49,1,3,2,Blue,43,3,1,3,19062.178,0,0.690704,1645.0,30.0,0.41235813,0.0,False,True,True,False,False,False,False,True,False,False,False,1,1,0.0071,0.9929,Less than $40K
58,0,3,1,Blue,36,2,2,2,5023.0,1857,0.631,1413.0,29.0,0.69,0.37,False,True,False,False,False,False,False,False,False,True,False,0,0,1.0,0.0,Less than $40K
56,0,0,1,Blue,40,2,1,3,3206.1826,2517,0.9923822,1218.0,23.0,0.5020574,0.79104215,False,False,False,False,False,True,True,False,False,True,False,1,1,0.0022,0.9978,Less than $40K
51,0,3,1,Blue,31,5,1,5,15340.0,2331,0.565,597.0,17.0,0.594,0.152,False,False,True,False,False,False,False,False,False,False,True,0,0,0.7442,0.2558,$80K - $120K
51,0,2,1,Blue,40,2,2,3,4206.4165,2341,0.72442645,2184.0,53.0,0.6396665,0.55656624,False,True,False,False,False,True,True,False,False,False,True,1,1,0.0003,0.9997,$60K - $80K
49,1,3,0,Blue,30,6,1,2,2536.0,1823,0.703,1592.0,37.0,0.353,0.719,False,True,False,False,False,False,False,True,False,False,False,0,0,0.9999,0.0001,Unknown
42,1,3,1,Blue,37,2,3,3,4960.0,1724,0.879,1388.0,28.0,0.913,0.348,False,False,False,False,True,False,True,False,False,False,False,0,0,0.7042,0.2958,Less than $40K
37,0,3,2,Blue,29,3,3,3,1649.6162,0,0.5082989,757.0,20.0,0.36246678,0.0,False,False,True,False,False,False,True,False,False,True,False,1,1,0.0,1.0,$80K - $120K
37,1,3,1,Silver,25,5,0,3,1438.3,0,1.023,1504.0,34.0,0.925,0.0,False,False,False,False,True,False,True,False,False,False,False,0,0,0.9904,0.0096,$80K - $120K
42,0,3,1,Blue,29,3,2,2,3090.521,0,0.88424164,1503.0,34.0,0.52568614,0.0,False,True,False,False,True,False,False,False,False,True,True,1,1,0.0001,0.9999,$40K - $60K
47,0,3,2,Blue,43,4,2,4,5062.0,1423,0.775,1105.0,28.0,0.417,0.281,False,True,False,False,False,False,False,False,False,True,False,0,0,0.9995,0.0005,$40K - $60K
51,0,3,1,Blue,37,3,3,3,5054.705,0,0.5206663,2398.0,47.0,0.5215046,0.0,False,False,False,False,False,True,True,False,True,False,False,1,1,0.0004,0.9996,$80K - $120K
44,0,3,1,Blue,37,5,2,2,9292.163,2278,0.9579994,1661.0,32.0,0.6963098,0.24563956,False,False,False,True,False,True,True,False,False,False,False,1,1,0.1751,0.8249,Less than $40K
41,0,3,1,Silver,33,2,3,4,11455.648,0,0.5097635,1421.0,22.0,0.4091554,0.0,False,False,False,False,True,True,True,False,False,False,True,1,1,0.0002,0.9998,$40K - $60K
47,0,4,2,Blue,41,3,3,3,4029.943,0,0.6449297,999.0,28.0,0.4346237,0.0,False,True,True,False,False,False,True,False,False,True,False,1,1,0.0,1.0,$40K - $60K
37,0,3,2,Blue,32,3,4,4,19636.0,1566,0.649,1387.0,18.0,0.611,0.08,False,False,False,False,False,True,False,False,False,False,True,0,0,0.962,0.038,$40K - $60K
43,0,3,2,Blue,30,3,3,1,4075.0,2189,0.695,1243.0,24.0,0.732,0.537,False,True,False,False,False,False,False,False,False,True,False,0,0,1.0,0.0,$80K - $120K
49,1,5,3,Blue,43,3,3,3,1960.0,0,0.493,1860.0,36.0,0.345,0.0,False,False,False,False,True,False,False,True,False,False,False,1,1,0.0031,0.9969,Less than $40K
49,0,4,2,Blue,40,4,2,2,2712.0,1686,0.791,1502.0,25.0,0.644,0.622,False,True,False,False,False,False,False,False,False,True,False,0,0,1.0,0.0,$60K - $80K
40,1,5,2,Blue,30,3,2,2,1659.0,0,0.585,1460.0,50.0,0.692,0.0,False,False,False,True,False,False,False,True,False,False,False,0,0,0.9985,0.0015,$60K - $80K
53,0,4,1,Blue,36,2,3,5,1438.3,0,0.314,1348.0,27.0,0.467,0.0,False,True,False,False,False,False,False,False,False,True,False,1,1,0.0005,0.9995,Unknown
48,0,1,1,Blue,30,2,4,3,1438.3,0,0.76033646,1087.0,33.0,0.46169066,0.0,False,True,False,False,False,False,False,True,False,True,False,1,1,0.0,1.0,$80K - $120K
41,1,3,2,Blue,34,4,2,3,5045.2324,2091,0.73456734,1226.0,33.0,0.47872877,0.41421962,False,True,False,False,False,False,False,True,True,False,False,1,1,0.0294,0.9706,Less than $40K
55,1,2,2,Blue,46,5,5,2,4994.0,0,0.717,1230.0,28.0,0.761,0.0,False,True,False,False,False,False,False,False,True,False,False,0,0,0.9994,0.0006,Less than $40K
55,0,0,2,Blue,36,4,3,3,1750.1945,0,0.48134476,1555.0,32.0,0.7637094,0.0,False,False,True,False,False,True,False,False,False,True,False,1,1,0.0001,0.9999,Unknown
46,0,4,2,Blue,40,3,2,2,3556.0,2172,0.402,1827.0,24.0,0.708,0.611,False,False,True,False,False,False,False,False,False,True,False,0,0,0.7503,0.2497,$80K - $120K
51,0,2,1,Blue,37,3,2,1,2258.0,1250,0.611,1376.0,35.0,0.596,0.554,False,False,True,False,False,False,False,False,False,True,False,0,0,1.0,0.0,$80K - $120K
45,0,4,2,Blue,40,3,2,1,2110.0,844,1.109,1771.0,37.0,0.604,0.4,False,True,False,False,False,False,False,False,False,True,False,0,0,0.9998,0.0002,Less than $40K
48,1,3,2,Blue,30,4,2,3,4180.0,688,0.747,1873.0,52.0,0.727,0.165,False,True,False,False,False,False,False,False,True,False,False,0,0,0.9999,0.0001,$120K +
43,1,3,0,Blue,30,3,2,1,2588.0,1669,0.788,1679.0,42.0,0.55,0.645,False,False,False,False,False,True,False,True,False,False,False,0,0,0.816,0.184,Less than $40K
44,1,4,3,Blue,36,6,1,3,2761.0,0,0.619,1002.0,22.0,0.585,0.0,False,False,False,False,True,False,False,True,False,False,False,0,0,0.9999,0.0001,Less than $40K
48,0,2,1,Blue,35,4,3,2,1465.5221,685,0.7185172,1344.0,21.0,0.57003707,0.4677188,False,True,False,False,True,False,False,True,False,True,False,1,1,0.0,1.0,$120K +
56,1,4,1,Blue,43,6,2,6,4535.0,0,0.831,1461.0,42.0,0.6,0.0,False,False,True,False,False,False,False,True,False,False,False,1,1,0.014,0.986,$80K - $120K
47,1,4,1,Blue,30,4,2,3,2257.0,896,0.68,760.0,21.0,0.516,0.397,False,True,False,False,False,False,False,True,False,False,False,0,0,1.0,0.0,Less than $40K
39,0,0,2,Blue,24,3,2,4,1540.5013,52,0.68411046,1428.0,22.0,0.5491131,0.03471711,False,False,True,False,False,False,False,False,False,True,False,1,1,0.0002,0.9998,$60K - $80K
42,1,3,0,Blue,37,6,3,3,27310.0,0,0.919,1777.0,42.0,1.05,0.0,False,False,True,False,False,False,False,False,True,False,False,0,0,0.9901,0.0099,$80K - $120K
49,1,1,1,Blue,36,2,2,3,6224.0,2201,0.832,1302.0,27.0,0.628,0.354,False,False,True,False,False,False,False,True,False,False,False,0,0,0.5174,0.4826,$60K - $80K
56,0,1,2,Blue,48,1,5,2,3556.0,0,0.596,1483.0,41.0,0.731,0.0,False,False,True,False,False,False,False,False,False,True,False,1,1,0.0003,0.9997,$80K - $120K
49,0,1,1,Silver,39,5,2,2,14134.918,1553,0.63892907,1060.0,27.0,0.83107036,0.11179804,False,True,False,False,True,False,False,False,True,True,False,1,1,0.0038,0.9962,$60K - $80K
53,0,3,1,Silver,40,6,3,1,12059.0,1978,0.877,1330.0,32.0,0.895,0.164,False,True,False,False,False,False,False,False,False,False,True,0,0,0.9976,0.0024,$60K - $80K
47,0,3,1,Silver,32,4,2,2,1928.1964,0,0.71345013,1229.0,27.0,0.5356283,0.0,False,False,False,True,False,False,False,False,False,True,False,1,1,0.0,1.0,Less than $40K
60,0,1,2,Blue,47,1,1,1,3803.0,1448,0.565,886.0,27.0,0.592,0.381,True,False,False,False,False,False,False,False,False,False,True,0,0,0.9999,0.0001,Less than $40K
46,0,2,2,Blue,36,3,2,2,1438.3,0,0.757,844.0,24.0,0.795,0.0,False,False,False,False,False,False,False,False,False,True,False,0,0,0.9999,0.0001,$60K - $80K
65,1,1,2,Blue,56,5,3,2,7636.0,0,0.801,1450.0,37.0,0.811,0.0,False,True,False,False,False,False,False,False,False,True,False,0,0,0.9995,0.0005,$40K - $60K
40,0,3,2,Blue,38,5,3,3,1445.4132,0,0.63238764,2311.0,48.0,0.535014,0.0,False,True,False,False,False,True,False,False,False,True,False,1,1,0.0,1.0,$120K +
47,1,1,1,Blue,36,3,3,2,8093.0356,2517,0.6717707,1378.0,26.0,0.48027378,0.31082398,True,True,False,False,False,False,False,False,False,False,False,1,1,0.0006,0.9994,Less than $40K
50,0,0,1,Silver,42,2,3,2,2098.3875,0,0.86260825,1033.0,26.0,0.5183917,0.0,False,True,False,False,True,False,False,False,False,True,False,1,1,0.0,1.0,$80K - $120K
47,0,4,0,Blue,36,5,4,2,2776.0,1341,0.744,1523.0,40.0,0.943,0.483,False,False,True,False,False,False,False,False,False,True,False,0,0,1.0,0.0,$120K +
57,1,2,2,Blue,44,5,1,2,5612.0,1884,0.77,1374.0,37.0,0.886,0.336,False,False,False,False,False,True,False,False,False,False,False,0,0,1.0,0.0,$60K - $80K
47,1,5,2,Blue,27,5,3,4,11760.0,2306,0.616,1080.0,21.0,0.96,0.196,False,True,False,False,False,False,False,False,False,False,False,0,0,0.9983,0.0017,$40K - $60K
40,0,2,1,Blue,29,5,2,2,18862.0,2105,0.832,1234.0,24.0,0.686,0.112,False,True,False,False,False,False,False,False,False,False,True,0,0,0.9999,0.0001,Less than $40K
45,0,2,2,Blue,36,1,3,1,15987.0,2262,0.714,1600.0,32.0,0.649,0.141,False,False,True,False,False,False,False,False,False,True,False,0,0,0.9997,0.0003,Less than $40K
60,0,1,2,Blue,36,2,3,1,3959.0,0,0.806,1155.0,32.0,0.804,0.0,False,False,False,False,False,True,True,False,False,False,False,0,0,0.9989,0.0011,$60K - $80K
48,1,3,2,Blue,40,3,3,3,18017.23,0,0.52146393,1353.0,33.0,0.49011844,0.0,False,True,False,False,True,False,False,True,False,False,False,1,1,0.0072,0.9928,$80K - $120K
45,0,3,3,Silver,32,6,1,3,2900.0,2018,0.705,1546.0,25.0,0.756,0.696,False,True,False,False,False,False,False,False,False,True,False,0,0,1.0,0.0,Less than $40K
42,0,2,0,Blue,26,5,2,3,2120.0,1527,0.744,1590.0,43.0,0.72,0.72,False,False,False,True,False,False,False,False,False,True,False,0,0,1.0,0.0,$40K - $60K
37,0,3,2,Blue,28,4,2,3,3642.0,610,0.676,1448.0,22.0,0.581,0.167,False,True,False,False,False,False,False,False,False,False,True,0,0,0.998,0.002,Less than $40K
54,1,1,2,Blue,43,2,3,2,30146.543,0,0.61899114,1271.0,24.0,0.7209811,0.0,False,True,False,False,False,False,False,True,False,False,False,1,1,0.0002,0.9998,$80K - $120K
57,1,4,0,Blue,36,2,2,3,13694.0,2219,1.078,1223.0,20.0,0.8,0.162,False,False,False,False,False,True,False,False,False,False,False,1,1,0.023,0.977,$40K - $60K
43,0,3,1,Blue,36,3,2,4,2227.0,1394,1.481,1117.0,29.0,0.864,0.626,False,False,False,False,False,False,False,False,False,True,False,0,0,0.9993,0.0007,Less than $40K
48,1,4,3,Blue,41,4,1,3,9728.0,0,0.806,994.0,24.0,0.727,0.0,False,False,True,False,False,False,False,True,False,False,False,0,0,0.9974,0.0026,$80K - $120K
37,1,1,1,Blue,27,1,3,4,8909.459,30,0.33903232,1468.0,26.0,0.2825893,0.0034591996,False,False,False,False,True,True,False,True,False,False,False,1,1,0.0002,0.9998,$60K - $80K
48,1,3,1,Silver,38,3,3,3,31501.0,0,0.698,1658.0,38.0,0.786,0.0,False,True,False,False,False,False,False,False,True,False,False,0,0,0.9998,0.0002,Less than $40K
50,0,2,1,Blue,32,3,3,4,2884.0,2104,0.857,1368.0,38.0,0.86,0.73,False,True,False,False,False,False,False,False,False,True,False,0,0,1.0,0.0,Less than $40K
45,0,2,1,Blue,37,3,2,2,18534.361,593,0.48786184,1218.0,18.0,0.44021168,0.03183634,False,True,True,False,False,False,False,True,False,False,True,1,1,0.0,1.0,$120K +
36,1,4,2,Blue,36,3,2,1,20337.0,1605,0.805,702.0,12.0,1.312,0.079,False,True,False,False,False,False,False,True,False,False,False,0,0,0.9999,0.0001,$40K - $60K
39,1,2,0,Blue,24,4,2,3,18138.604,235,0.9792553,1516.0,21.0,0.48378083,0.013153321,False,True,False,False,False,True,True,True,False,False,False,1,1,0.0204,0.9796,$80K - $120K
48,0,3,1,Blue,36,2,2,2,13360.111,1219,0.42528465,1310.0,26.0,0.48113063,0.091755085,False,False,True,True,False,False,False,False,True,True,False,1,1,0.0003,0.9997,$120K +
46,0,2,2,Blue,37,1,2,3,2640.2864,2286,0.7376625,1767.0,50.0,0.4865878,0.8662453,False,False,False,False,True,False,True,False,False,True,False,1,1,0.001,0.999,$80K - $120K
50,0,2,1,Blue,37,2,1,2,1438.3,491,0.73,933.0,25.0,0.694,0.341,False,True,False,False,False,False,False,False,False,True,False,0,0,0.9998,0.0002,$60K - $80K
51,1,4,2,Blue,38,3,3,2,34516.0,81,0.19802001,1512.0,27.0,0.17026019,0.0022986915,False,True,True,False,False,False,False,False,True,False,False,1,1,0.0459,0.9541,$60K - $80K
39,0,2,2,Blue,29,5,3,1,4938.0,1593,0.7,829.0,17.0,0.783,0.323,False,False,False,False,False,False,True,False,False,False,False,0,0,1.0,0.0,$80K - $120K
38,0,2,2,Blue,28,6,2,1,3206.0,2459,0.696,1120.0,27.0,0.625,0.767,False,False,False,False,False,True,False,False,False,True,False,0,0,0.9963,0.0037,$80K - $120K
54,0,2,1,Blue,44,3,4,2,1606.0,0,0.763,1506.0,33.0,0.609,0.0,False,True,False,False,False,False,True,False,False,False,False,1,1,0.0003,0.9997,$40K - $60K
42,0,2,2,Blue,35,1,3,4,2427.7405,162,0.80342954,1384.0,36.0,0.44650802,0.06700974,False,False,True,False,False,True,True,False,False,True,False,1,1,0.0,1.0,$80K - $120K
48,0,5,1,Blue,38,3,3,1,2926.0,716,0.949,817.0,30.0,0.592,0.245,False,False,False,True,False,False,True,False,False,False,False,0,0,0.9996,0.0004,Less than $40K
42,1,4,1,Blue,34,2,3,3,5195.0,468,0.567,2094.0,25.0,0.231,0.09,False,False,False,False,True,False,False,False,False,False,False,1,1,0.002,0.998,$80K - $120K
56,0,2,1,Blue,48,6,3,2,4366.0,1590,0.475,815.0,21.0,0.423,0.364,False,True,False,False,False,False,False,False,False,True,False,0,0,0.9974,0.0026,$40K - $60K
55,0,1,1,Blue,46,5,1,4,2281.0,920,0.576,510.0,24.0,0.833,0.403,False,False,False,False,False,True,False,False,False,True,False,0,0,1.0,0.0,Less than $40K
49,0,3,1,Blue,41,2,3,2,2654.41,2397,0.39437312,1377.0,49.0,0.62259215,0.9057115,False,True,False,False,True,False,False,False,False,True,True,1,1,0.0001,0.9999,$80K - $120K
36,1,4,1,Blue,25,4,3,3,5846.0,1732,0.611,1193.0,33.0,0.64,0.296,False,False,False,False,True,False,False,False,True,False,False,0,0,0.9706,0.0294,$80K - $120K
49,0,2,1,Blue,42,2,4,2,2328.3108,0,0.4004733,1287.0,36.0,0.41540372,0.0,False,False,False,True,False,True,True,False,False,False,False,1,1,0.0,1.0,Unknown
51,1,2,1,Blue,40,5,1,2,12240.0,1566,0.539,701.0,19.0,0.529,0.128,False,True,False,False,False,False,True,False,False,False,False,0,0,0.9987,0.0013,$120K +
48,1,3,1,Blue,35,3,1,3,2592.0,0,0.767,1770.0,25.0,0.771,0.0,False,False,False,False,False,False,True,False,False,False,False,0,0,1.0,0.0,$60K - $80K
59,0,1,2,Blue,53,4,3,3,2716.0,1740,0.65,1409.0,35.0,0.568,0.641,False,False,True,False,False,False,False,False,False,True,False,0,0,1.0,0.0,$60K - $80K
45,1,2,1,Blue,34,3,2,1,5771.0,2248,1.791,1354.0,28.0,0.8,0.39,False,False,False,False,True,False,True,False,False,False,False,0,0,0.9995,0.0005,$120K +
39,0,4,1,Blue,31,4,3,3,1888.0,1292,0.772,1765.0,34.0,1.357,0.684,False,False,False,False,False,False,False,False,False,True,False,0,0,0.9999,0.0001,$40K - $60K
43,0,3,1,Blue,30,3,3,4,2184.1772,0,0.6589424,1192.0,27.0,0.5428194,0.0,False,True,False,False,True,False,False,True,False,True,False,1,1,0.0021,0.9979,$40K - $60K
46,1,3,0,Blue,40,6,3,3,3673.0,2292,0.637,687.0,17.0,0.545,0.624,False,True,False,False,False,False,False,False,True,False,False,0,0,0.9801,0.0199,$40K - $60K
54,0,1,1,Blue,50,4,0,3,2912.0,0,0.621,1227.0,15.0,1.077,0.0,False,False,False,False,True,False,False,False,False,False,True,1,1,0.3723,0.6277,Less than $40K
47,0,2,1,Blue,38,5,2,4,2921.2969,1590,0.58403665,1737.0,26.0,0.46571204,0.54377437,False,True,True,False,False,False,True,False,False,True,False,1,1,0.0001,0.9999,Less than $40K
49,0,3,1,Blue,36,2,2,3,3117.6416,969,0.603093,1348.0,34.0,0.47581387,0.31078604,False,False,False,True,True,False,True,False,False,False,True,1,1,0.0001,0.9999,$60K - $80K
58,1,1,1,Blue,53,5,2,5,1438.3,0,0.425,1435.0,38.0,0.6,0.0,False,False,True,False,False,False,False,True,False,False,False,0,0,0.8645,0.1355,$120K +
52,1,2,1,Blue,36,1,2,2,9959.0,1049,0.976,1321.0,28.0,0.941,0.105,False,False,False,False,False,False,False,False,True,False,False,0,0,0.9943,0.0057,$40K - $60K
38,0,2,2,Blue,28,2,3,3,5666.0,1393,0.84,1479.0,29.0,0.915,0.246,False,False,False,False,True,False,False,False,False,False,True,0,0,0.9997,0.0003,$40K - $60K
44,1,2,3,Blue,36,5,3,4,1438.3,0,0.602,1283.0,39.0,0.588,0.0,True,False,False,False,False,False,True,False,False,False,False,1,1,0.0583,0.9417,$80K - $120K
52,0,1,1,Blue,43,3,3,1,10431.0,2163,0.64,689.0,23.0,0.865,0.207,False,False,False,False,False,False,False,False,False,False,True,0,0,1.0,0.0,$40K - $60K
65,0,2,1,Blue,45,6,2,2,2658.0,1514,1.193,965.0,17.0,1.0,0.57,False,False,True,False,False,False,True,False,False,False,False,0,0,1.0,0.0,$60K - $80K
45,0,4,2,Blue,36,1,3,3,4688.0,0,0.593,1541.0,40.0,0.745,0.0,False,False,False,True,False,False,True,False,False,False,False,0,0,0.9935,0.0065,Less than $40K
43,1,3,1,Blue,34,3,2,3,17235.822,384,0.42939383,1258.0,23.0,0.36219913,0.022240674,False,True,True,False,False,False,False,True,False,False,False,1,1,0.0,1.0,$40K - $60K
55,1,3,1,Blue,49,3,2,4,9926.0,2018,0.618,1339.0,20.0,0.357,0.203,False,False,False,False,False,True,False,False,False,False,False,0,0,0.777,0.223,Less than $40K
51,0,2,1,Blue,41,4,3,2,3097.067,2517,0.69874334,1007.0,22.0,0.5102603,0.8141989,False,True,False,False,False,True,False,False,False,True,False,1,1,0.0015,0.9985,Less than $40K
52,1,3,1,Blue,43,5,2,2,6849.0,2126,0.611,1387.0,33.0,0.344,0.31,False,False,False,True,False,False,False,False,True,False,False,0,0,0.9542,0.0458,Unknown
40,0,2,2,Blue,36,1,3,2,1817.3601,0,0.6460284,960.0,18.0,0.7937423,0.0,False,False,True,False,True,False,False,False,False,True,False,1,1,0.0002,0.9998,$40K - $60K
47,1,3,1,Blue,39,2,2,3,15262.091,1507,0.63052493,1119.0,18.0,0.6385344,0.09957624,False,True,False,False,False,True,False,True,True,False,False,1,1,0.0037,0.9963,$60K - $80K
44,0,3,1,Blue,33,3,3,2,2893.121,0,0.519043,1642.0,41.0,0.45523047,0.0,False,True,False,False,False,True,True,False,False,True,False,1,1,0.0,1.0,$40K - $60K
51,0,1,1,Blue,35,1,2,3,3668.0,0,0.655,1382.0,31.0,0.812,0.0,False,False,False,False,False,True,False,False,False,False,True,0,0,0.9998,0.0002,$60K - $80K
37,0,2,2,Blue,27,3,2,3,4671.8066,2517,0.49202192,1232.0,32.0,0.8457479,0.5394863,False,False,False,True,False,False,True,False,False,False,True,1,1,0.0432,0.9568,$40K - $60K
45,1,0,2,Blue,36,1,4,3,20356.0,2031,0.752,1542.0,16.0,0.806,0.1,False,False,False,False,True,False,False,False,True,False,False,0,0,0.9993,0.0007,$80K - $120K
39,0,2,1,Blue,29,5,2,3,1693.0,1101,0.778,1094.0,32.0,0.851,0.65,True,False,False,False,False,False,True,False,False,False,False,0,0,0.9998,0.0002,$80K - $120K
46,0,2,1,Blue,36,4,2,1,1438.3,0,0.62231064,1217.0,30.0,0.41151324,0.0,False,True,False,False,True,False,False,False,False,True,True,1,1,0.0,1.0,Less than $40K
52,0,1,1,Blue,44,2,2,2,1438.3,0,1.0304216,744.0,18.0,1.0552394,0.0,False,False,True,True,False,False,False,True,False,True,False,1,1,0.0008,0.9992,$60K - $80K
42,0,2,1,Blue,35,5,3,3,1438.3,0,0.7148054,1614.0,33.0,0.5808447,0.0,False,True,False,False,True,False,True,False,False,True,False,1,1,0.0002,0.9998,Less than $40K
37,0,3,1,Blue,27,2,1,3,2939.0,1388,0.69,1747.0,31.0,0.826,0.472,False,False,False,False,False,False,False,False,False,True,False,0,0,1.0,0.0,$80K - $120K
59,1,0,3,Blue,48,2,6,2,13172.0,0,0.876,1144.0,22.0,0.621,0.0,False,False,False,False,True,False,False,True,False,False,False,1,1,0.0006,0.9994,$40K - $60K
41,0,3,3,Silver,36,2,6,2,4451.0,0,0.726,1575.0,34.0,0.974,0.0,False,False,False,False,False,True,True,False,False,False,False,0,0,0.9985,0.0015,$80K - $120K
63,0,1,2,Blue,36,3,3,4,1896.0,0,0.747,1463.0,24.0,0.562,0.0,False,False,False,False,False,True,False,False,False,True,False,1,1,0.0127,0.9873,$80K - $120K
52,1,2,1,Blue,41,4,3,3,2628.0,2195,0.635,1706.0,21.0,0.417,0.835,False,True,False,False,False,False,False,True,False,False,False,0,0,0.9998,0.0002,$40K - $60K
43,0,3,2,Blue,32,1,2,3,1438.3,0,0.36563936,909.0,14.0,0.43708125,0.0,True,True,False,False,False,False,False,False,False,True,False,1,1,0.0,1.0,Unknown
34,1,1,1,Blue,36,6,2,1,19630.0,1251,1.399,2434.0,33.0,0.696,0.064,False,False,False,False,True,False,False,False,False,False,False,0,0,0.9987,0.0013,$40K - $60K
50,0,2,2,Blue,42,1,3,3,21498.0,1542,0.759,1876.0,41.0,0.857,0.072,False,False,False,False,False,True,False,False,False,False,True,0,0,0.9997,0.0003,$80K - $120K
48,0,2,1,Blue,31,5,1,1,2315.0,1565,0.873,1000.0,25.0,0.8,0.676,False,True,False,False,False,False,False,False,False,True,False,0,0,1.0,0.0,$120K +
45,0,3,2,Blue,38,2,2,3,2612.1064,2476,0.8457995,1139.0,30.0,0.5142767,0.948544,True,False,True,False,False,False,False,False,False,True,False,1,1,0.0,1.0,Less than $40K
40,0,1,2,Blue,34,5,2,2,13669.0,1774,0.653,799.0,21.0,0.625,0.13,False,False,False,False,True,False,False,False,False,True,False,0,0,0.997,0.003,Unknown
43,1,5,1,Blue,25,1,2,3,4259.0,0,0.934,1881.0,45.0,0.651,0.0,False,True,False,False,False,False,False,True,False,False,False,1,1,0.001,0.999,Unknown
41,0,1,1,Blue,35,3,2,1,1438.3,0,0.96061957,1273.0,27.0,0.25383595,0.0,False,False,False,True,True,False,False,False,False,True,False,1,1,0.0014,0.9986,$60K - $80K
46,0,2,1,Blue,34,5,2,2,15584.213,36,0.68380404,1328.0,33.0,0.4564036,0.002274761,True,False,True,False,False,False,False,False,False,True,False,1,1,0.0004,0.9996,Unknown
56,0,0,1,Blue,36,2,2,1,1702.1041,0,0.4475857,1579.0,36.0,0.38822654,0.0,False,True,False,False,False,False,False,True,False,True,False,1,1,0.0001,0.9999,$60K - $80K
55,1,0,1,Blue,45,1,3,2,29521.504,946,0.9870508,937.0,28.0,0.7483652,0.031589963,False,False,False,False,False,True,False,False,True,False,False,1,1,0.0032,0.9968,$40K - $60K
40,1,3,2,Blue,36,5,2,3,3919.0,1640,0.8,1749.0,37.0,0.5,0.418,False,False,False,False,True,False,False,False,True,False,False,0,0,0.9922,0.0078,$60K - $80K
47,1,1,0,Blue,37,3,2,3,34516.0,2464,0.4279164,1424.0,29.0,0.4312474,0.07130338,False,False,True,False,False,False,False,False,True,False,False,1,1,0.0009,0.9991,$40K - $60K
65,0,0,1,Blue,56,3,2,4,7427.0,1303,0.61,2011.0,41.0,0.909,0.175,False,False,False,False,False,True,True,False,False,False,False,0,0,0.9993,0.0007,$40K - $60K
41,1,3,1,Blue,36,2,2,1,5807.0,1143,0.785,1208.0,31.0,0.412,0.197,False,True,False,False,False,False,False,False,False,False,False,0,0,0.9997,0.0003,$40K - $60K
39,0,2,1,Blue,33,2,2,3,3845.74,0,0.5758028,1259.0,24.0,0.37345064,0.0,False,True,False,False,False,False,False,False,False,True,False,1,1,0.001,0.999,Less than $40K
47,1,3,3,Blue,36,3,2,3,9397.0,795,0.749,1319.0,26.0,0.581,0.085,False,True,False,False,False,False,False,False,False,False,False,0,0,0.9999,0.0001,$40K - $60K
44,1,3,1,Silver,30,2,3,3,9317.0,847,0.765,949.0,27.0,0.723,0.091,False,False,False,False,False,False,True,False,False,False,False,0,0,0.9999,0.0001,$120K +
50,1,2,0,Blue,36,3,2,3,14307.292,554,0.77735084,1338.0,30.0,0.34358898,0.038487118,False,False,True,True,False,False,False,True,False,False,False,1,1,0.0027,0.9973,$60K - $80K
63,1,1,2,Blue,55,6,1,2,21430.0,0,0.511,1554.0,26.0,0.676,0.0,False,True,False,False,False,False,False,False,True,False,False,0,0,0.9957,0.0043,$60K - $80K
42,0,3,1,Gold,30,1,3,3,4589.7236,1464,0.43118605,1350.0,32.0,0.36982003,0.31936708,False,False,False,False,True,True,False,True,False,True,False,1,1,0.0019,0.9981,$60K - $80K
51,0,3,1,Blue,32,6,3,3,2943.0,2131,0.597,1694.0,44.0,0.562,0.724,False,False,True,False,False,False,False,False,False,True,False,0,0,0.9999,0.0001,$60K - $80K
53,0,1,1,Blue,40,3,2,1,4941.0,1867,0.73,1678.0,40.0,0.851,0.378,False,False,False,False,False,False,False,False,False,False,True,0,0,1.0,0.0,$120K +
54,1,2,1,Blue,43,6,3,2,5774.0,1519,0.458,2069.0,43.0,0.667,0.263,False,False,False,False,False,True,False,False,True,False,False,0,0,0.9995,0.0005,Unknown
44,1,2,1,Blue,30,1,1,2,34516.0,688,0.76785034,1222.0,23.0,0.6954714,0.019933848,True,False,False,False,True,False,False,False,False,False,False,1,1,0.2245,0.7755,$80K - $120K
48,0,2,0,Blue,40,4,2,2,4297.853,0,0.9122188,1536.0,37.0,0.4080692,0.0,False,False,True,False,False,False,False,False,True,True,False,1,1,0.0202,0.9798,$120K +
48,0,2,0,Blue,41,1,3,2,10553.916,2517,0.49603614,1400.0,31.0,0.27485743,0.23854217,False,True,True,False,False,False,True,False,False,False,False,1,1,0.0,1.0,Less than $40K
41,0,2,1,Blue,36,6,2,3,6602.0,0,0.743,1050.0,28.0,0.822,0.0,False,False,False,False,False,False,True,False,False,False,False,0,0,0.9998,0.0002,$40K - $60K
36,0,1,2,Blue,31,6,1,2,2222.0,0,0.769,1389.0,33.0,0.912,0.0,False,False,False,False,False,True,False,False,False,False,True,0,0,0.9997,0.0003,$60K - $80K
52,1,3,2,Blue,43,3,3,2,11578.393,2290,0.65348387,1184.0,29.0,0.4947201,0.19769631,False,False,True,False,True,False,False,False,True,False,False,1,1,0.0471,0.9529,$60K - $80K
43,1,3,1,Blue,32,4,3,3,7076.594,2452,0.96496177,2093.0,42.0,0.57023585,0.34866732,False,False,True,False,True,False,False,False,True,False,False,1,1,0.0011,0.9989,Less than $40K
52,0,2,1,Blue,40,1,2,3,3867.4165,2517,0.76822954,678.0,11.0,0.44126746,0.6513154,True,False,False,False,False,False,False,False,False,True,True,1,1,0.0,1.0,$120K +
53,0,1,2,Blue,44,5,2,4,3101.2947,454,0.84366465,1467.0,29.0,0.6597324,0.14734484,False,True,False,False,False,False,False,False,False,True,False,1,1,0.0013,0.9987,Unknown
44,1,2,2,Blue,33,4,1,3,13301.0,0,1.058,1219.0,27.0,0.515,0.0,False,True,False,False,False,False,False,False,False,False,False,0,0,0.9742,0.0258,$60K - $80K
48,0,4,1,Blue,37,3,3,3,19068.008,2517,0.52436054,1730.0,36.0,0.2254357,0.13222511,False,False,True,False,False,False,False,False,True,False,True,1,1,0.0545,0.9455,Less than $40K
33,1,2,2,Blue,18,1,1,6,5600.0,2517,0.628,1025.0,28.0,0.586,0.449,False,False,False,False,True,False,True,False,False,False,False,1,1,0.0097,0.9903,Less than $40K
53,1,0,2,Blue,48,4,4,4,13245.863,2275,0.9408824,1165.0,33.0,0.442065,0.17143591,False,True,False,False,False,True,False,True,False,False,False,1,1,0.0438,0.9562,$80K - $120K
52,0,4,2,Blue,36,2,3,3,4440.0,1149,0.842,2133.0,55.0,0.723,0.259,False,True,False,False,False,False,False,False,False,True,False,0,0,0.9999,0.0001,$40K - $60K
39,0,1,1,Silver,28,5,2,3,3688.8699,0,0.73545086,1122.0,13.0,0.57619363,0.0,False,False,False,False,True,False,True,False,False,True,False,1,1,0.0009,0.9991,$80K - $120K
34,1,3,1,Blue,24,3,1,4,8167.0,1740,1.455,1083.0,22.0,0.7,0.213,False,False,False,False,True,False,False,True,False,False,False,0,0,0.9997,0.0003,Less than $40K
53,0,2,1,Silver,36,6,3,2,3918.0,2517,0.47,1234.0,23.0,0.448,0.642,False,False,True,False,False,False,False,False,False,True,False,1,1,0.0013,0.9987,$80K - $120K
39,0,1,1,Blue,34,6,3,5,6458.0,1802,0.923,1277.0,23.0,0.581,0.279,False,True,False,False,False,False,False,False,False,True,False,0,0,0.8096,0.1904,Unknown
46,1,2,0,Blue,37,1,3,1,10074.0,1223,0.955,1843.0,35.0,0.623,0.121,False,False,False,False,False,False,False,True,False,False,False,0,0,0.9994,0.0006,$60K - $80K
73,1,0,1,Blue,36,5,3,2,4469.0,1125,1.363,1747.0,49.0,1.615,0.252,False,False,True,False,False,False,True,False,False,False,False,0,0,1.0,0.0,$120K +
47,0,3,1,Blue,29,1,2,2,15472.0,865,0.756,1166.0,22.0,0.746,0.056,False,True,False,False,False,False,True,False,False,False,False,0,0,0.9995,0.0005,Less than $40K
51,1,2,2,Blue,40,4,3,3,6492.0,719,0.711,1326.0,31.0,0.529,0.111,True,False,False,False,False,False,True,False,False,False,False,0,0,0.9972,0.0028,$80K - $120K
45,0,3,2,Blue,38,3,3,2,7864.1465,0,1.0428681,1619.0,36.0,0.853,0.0,False,False,True,False,False,False,False,False,False,True,True,1,1,0.0084,0.9916,Less than $40K
45,1,4,3,Blue,34,4,3,3,23539.0,1261,0.484,1285.0,16.0,0.462,0.054,False,False,True,False,False,False,False,False,True,False,False,0,0,0.9617,0.0383,$40K - $60K
49,0,3,1,Blue,37,2,3,0,3085.0,966,0.777,1142.0,28.0,0.646,0.313,False,False,False,False,False,False,False,False,False,False,True,0,0,1.0,0.0,Less than $40K
47,0,5,3,Blue,34,4,1,3,3127.0,2094,0.709,1190.0,46.0,0.83,0.67,False,False,False,False,True,False,False,False,False,False,True,0,0,1.0,0.0,Less than $40K
64,0,0,2,Blue,55,2,3,3,10900.543,1738,0.7992185,1052.0,24.0,0.7737815,0.16008967,False,True,False,False,False,False,False,False,True,True,False,1,1,0.0021,0.9979,Less than $40K
38,0,1,2,Silver,33,5,2,2,3113.4827,2517,0.7326357,1628.0,38.0,0.52164733,0.8084624,False,False,False,True,False,False,False,False,False,True,False,1,1,0.0037,0.9963,$120K +
40,0,3,2,Blue,27,3,3,3,1438.3,0,0.845,1740.0,32.0,0.696,0.0,False,False,True,False,False,False,False,False,False,True,False,0,0,0.9998,0.0002,$120K +
44,0,5,2,Blue,37,3,1,1,17785.0,1259,0.806,1378.0,29.0,1.118,0.071,False,True,False,False,False,False,False,False,False,False,True,0,0,1.0,0.0,Less than $40K
44,0,2,2,Blue,29,2,3,3,2270.6038,597,0.6554613,996.0,26.0,0.36388543,0.26242313,False,True,True,False,False,False,True,False,False,False,True,1,1,0.0005,0.9995,$40K - $60K
57,0,2,1,Blue,43,2,1,2,2363.0,1876,0.795,1389.0,32.0,0.667,0.794,False,False,False,False,True,False,False,False,False,False,True,0,0,1.0,0.0,Less than $40K
56,0,2,1,Blue,51,4,6,5,1438.3,0,0.699,1365.0,38.0,0.6,0.0,True,False,False,False,False,False,False,False,False,True,False,1,1,0.0025,0.9975,Less than $40K
43,1,2,1,Blue,28,5,6,3,30357.0,1255,0.788,1715.0,43.0,0.889,0.041,False,True,False,False,False,False,False,False,True,False,False,0,0,0.9994,0.0006,Less than $40K
50,1,3,2,Blue,36,3,3,2,34516.0,2517,0.735,1582.0,25.0,0.65,0.073,False,False,False,False,False,False,False,False,True,False,False,1,1,0.2657,0.7343,$60K - $80K
44,0,2,1,Blue,30,1,2,4,3917.8403,0,0.8603271,1220.0,22.0,0.8453645,0.0,False,True,False,True,False,False,False,False,False,True,False,1,1,0.0026,0.9974,$80K - $120K
61,0,0,2,Blue,56,3,3,4,9721.0,0,0.826,715.0,13.0,1.0,0.0,False,True,False,False,False,False,True,False,False,False,False,1,1,0.0213,0.9787,$40K - $60K
42,1,4,1,Blue,19,5,3,2,8374.0,0,0.885,2552.0,49.0,1.034,0.0,False,True,False,False,False,False,True,False,False,False,False,0,0,0.9271,0.0729,$80K - $120K
36,1,2,1,Blue,30,3,3,4,4934.0,1504,1.52,1106.0,31.0,0.448,0.305,True,False,False,False,False,False,False,True,False,False,False,0,0,0.5696,0.4304,$120K +
54,1,1,1,Blue,37,6,3,2,1909.0,1753,0.788,1731.0,34.0,0.6,0.918,False,False,False,False,False,False,False,True,False,False,False,0,0,1.0,0.0,Less than $40K
34,0,2,2,Blue,36,4,3,4,3625.0,2517,1.158,1435.0,32.0,1.3,0.694,False,True,False,False,False,False,False,False,False,True,False,0,0,0.9804,0.0196,$60K - $80K
41,0,2,1,Blue,33,2,3,3,5306.2866,2517,0.9356785,1882.0,38.0,0.6074628,0.4753536,False,True,False,False,False,False,False,True,False,True,False,1,1,0.0006,0.9994,$60K - $80K
54,0,2,1,Blue,42,1,3,3,1438.3,0,0.6982311,2058.0,34.0,0.45872027,0.0,True,True,False,False,False,False,False,False,False,True,True,1,1,0.0,1.0,Less than $40K
49,1,2,1,Blue,39,4,2,3,14940.408,0,0.33512625,1658.0,32.0,0.5993042,0.0,False,True,True,False,False,False,False,True,True,False,False,1,1,0.0001,0.9999,Less than $40K
41,1,4,2,Blue,29,2,3,6,34516.0,0,0.434,1334.0,32.0,0.828,0.0,False,True,False,False,False,False,False,False,True,False,False,1,1,0.1553,0.8447,Less than $40K
53,0,2,3,Blue,35,1,2,3,2199.0,693,0.654,1441.0,29.0,0.483,0.315,False,True,False,False,False,False,False,False,False,True,False,0,0,0.9994,0.0006,$80K - $120K
41,0,1,2,Blue,36,4,3,3,2667.0,0,0.494,1371.0,39.0,0.862,0.0,False,False,True,False,False,False,True,False,False,False,False,1,0,0.7485,0.2515,$40K - $60K
44,0,2,1,Blue,37,4,4,2,2340.9194,0,0.6592621,1991.0,38.0,0.5384425,0.0,False,True,False,False,True,False,False,False,False,True,False,1,1,0.0,1.0,$40K - $60K
45,0,4,2,Blue,41,6,3,2,3785.0,2517,0.574,1278.0,22.0,0.742,0.665,False,False,False,False,False,False,False,False,False,True,False,1,1,0.1702,0.8298,$60K - $80K
46,0,2,1,Blue,34,1,1,3,4925.4,158,0.5930615,1734.0,39.0,0.57960427,0.0318258,False,True,True,False,False,False,False,True,False,True,False,1,1,0.0001,0.9999,$60K - $80K
40,0,4,2,Blue,27,6,2,3,3751.0,1521,0.974,1330.0,34.0,1.308,0.405,False,True,False,False,False,False,False,False,False,True,False,0,0,0.9835,0.0165,$60K - $80K
47,0,4,1,Blue,38,3,1,2,2633.0,1924,0.806,1787.0,31.0,0.535,0.731,False,False,False,False,False,False,False,False,False,True,False,0,0,1.0,0.0,Unknown
43,0,3,2,Blue,36,5,2,4,2594.0,1686,0.624,1672.0,32.0,0.811,0.65,False,False,False,False,False,True,True,False,False,False,False,0,0,0.9999,0.0001,$80K - $120K
44,1,3,2,Blue,36,1,2,2,34516.0,1106,0.776,1439.0,41.0,0.767,0.032,False,False,True,False,False,False,False,False,False,False,False,0,0,0.7566,0.2434,Less than $40K
41,1,3,1,Blue,25,1,2,2,4131.2593,0,0.93198305,1558.0,31.0,0.74445254,0.0,False,True,False,False,False,False,False,True,False,False,False,1,1,0.0019,0.9981,$80K - $120K
46,1,2,2,Blue,36,5,1,0,3818.0,1142,0.709,1795.0,47.0,0.948,0.299,False,False,True,False,False,False,False,False,False,True,False,0,0,0.9996,0.0004,$120K +
57,0,3,2,Blue,37,3,1,2,3052.0,1603,0.776,893.0,22.0,0.907,0.525,False,False,True,False,False,False,False,False,False,False,True,0,0,1.0,0.0,$40K - $60K
55,1,2,2,Blue,48,3,2,3,8082.0,1138,0.723,1099.0,27.0,0.788,0.141,False,False,False,False,False,True,False,False,True,False,False,0,0,0.9993,0.0007,Less than $40K
43,1,2,1,Blue,31,1,3,3,28126.816,0,0.92377865,1408.0,23.0,0.9923995,0.0,False,False,False,False,False,True,False,True,True,False,False,1,1,0.0001,0.9999,$120K +
49,1,2,1,Blue,38,3,6,3,16494.0,1158,0.692,1893.0,15.0,0.647,0.07,False,False,False,False,False,True,False,False,False,False,False,0,0,0.9976,0.0024,$40K - $60K
32,1,0,2,Blue,36,4,3,3,7200.0,0,0.894,1151.0,31.0,0.93,0.0,False,False,False,False,True,False,True,False,False,False,False,0,0,0.9901,0.0099,Less than $40K
46,0,2,1,Blue,40,6,4,2,1438.3,510,0.711,1519.0,31.0,0.784,0.355,False,True,False,False,False,False,False,False,False,True,False,0,0,0.9987,0.0013,Less than $40K
47,0,3,0,Blue,42,3,4,0,1438.3,0,0.635,1245.0,25.0,0.673,0.0,False,True,False,False,False,False,False,False,False,True,False,0,0,0.9998,0.0002,$120K +
46,0,4,1,Blue,38,4,2,2,1438.3,76,0.7970712,1102.0,27.0,0.4313217,0.05304433,False,False,True,False,True,False,True,False,False,True,False,1,1,0.0003,0.9997,$60K - $80K
36,1,4,2,Blue,36,5,3,3,28200.0,765,0.68,1402.0,33.0,0.641,0.027,False,False,False,False,False,False,False,False,False,False,False,0,0,0.9969,0.0031,$40K - $60K
39,0,1,1,Blue,36,5,3,2,2147.0,771,0.69,1060.0,30.0,0.767,0.359,False,False,False,True,False,False,True,False,False,False,False,0,0,0.9996,0.0004,Less than $40K
48,1,3,1,Blue,41,1,1,3,9891.72,46,0.73303235,1459.0,35.0,0.16846474,0.004958921,False,False,True,False,False,False,False,False,True,False,False,1,1,0.0001,0.9999,Less than $40K
52,1,1,1,Blue,36,1,3,3,4491.486,0,0.6475758,1456.0,39.0,0.4156868,0.0,False,False,False,False,True,False,False,False,True,True,False,1,1,0.0001,0.9999,Less than $40K
44,0,1,2,Blue,35,1,2,3,34516.0,0,0.59394187,1439.0,48.0,0.2150951,0.0,False,False,True,False,False,True,False,False,True,False,True,1,1,0.0,1.0,Unknown
52,0,3,2,Blue,45,1,1,2,14803.0,985,0.831,1353.0,24.0,0.642,0.067,False,True,False,False,False,False,True,False,False,False,False,0,0,0.9978,0.0022,$40K - $60K
46,0,2,2,Blue,36,6,1,4,1996.0,1544,0.919,1173.0,32.0,0.683,0.774,False,False,False,False,False,False,False,False,False,True,False,0,0,1.0,0.0,$40K - $60K
51,0,1,2,Blue,47,6,3,4,2469.0,1491,0.869,1746.0,28.0,0.632,0.604,False,True,False,False,False,False,False,False,False,True,False,0,0,0.9998,0.0002,$80K - $120K
52,0,1,3,Gold,39,1,2,1,8506.0,0,0.719,1279.0,28.0,0.638,0.0,False,False,False,False,False,False,False,False,False,True,False,0,0,0.9997,0.0003,Less than $40K
34,1,2,2,Silver,36,3,2,0,12182.0,1136,0.753,1307.0,29.0,0.5,0.093,False,False,False,False,True,False,False,False,True,False,False,0,0,0.9986,0.0014,Less than $40K
44,0,2,1,Blue,30,5,2,3,1924.0,1471,1.485,1473.0,37.0,1.0,0.765,False,False,False,True,False,False,False,False,False,True,False,0,0,0.9993,0.0007,$80K - $120K
42,0,2,1,Blue,30,4,3,5,14828.0,1513,0.748,1805.0,37.0,0.614,0.102,True,False,False,False,False,False,False,False,False,False,True,0,0,0.9989,0.0011,$120K +
45,0,2,0,Blue,36,5,3,3,2788.0,1826,0.521,1421.0,23.0,0.595,0.655,True,False,False,False,False,False,True,False,False,False,False,0,0,0.9985,0.0015,$60K - $80K
47,0,2,2,Blue,32,2,4,3,2299.7146,611,0.638727,1272.0,37.0,0.42245552,0.26521218,False,True,True,False,False,False,True,False,False,False,True,1,1,0.0001,0.9999,Less than $40K
42,0,3,2,Blue,30,6,3,3,13788.956,2511,0.65641487,1409.0,34.0,0.69832796,0.18219061,False,True,False,False,True,False,True,True,False,False,False,1,1,0.0039,0.9961,$80K - $120K
49,0,3,1,Blue,36,2,3,3,34516.0,1273,0.977,647.0,15.0,0.457,0.037,False,False,True,False,False,False,False,False,False,False,True,1,1,0.0077,0.9923,$80K - $120K
35,1,1,2,Blue,25,6,1,2,14365.0,0,0.61,1275.0,25.0,0.632,0.0,False,True,False,False,False,False,False,True,False,False,False,0,0,0.9807,0.0193,$60K - $80K
48,0,3,1,Blue,40,4,3,3,2475.406,0,0.6970295,1270.0,27.0,0.3575731,0.0,True,True,False,False,False,False,True,False,False,False,True,1,1,0.0001,0.9999,Less than $40K
51,0,3,1,Blue,39,2,1,1,3803.0,2437,0.809,1702.0,37.0,0.746,0.641,False,False,True,False,False,False,False,False,False,True,False,0,0,0.9996,0.0004,Less than $40K
53,0,1,2,Blue,41,6,2,2,8693.0,796,0.864,1256.0,26.0,0.533,0.092,False,False,True,False,False,False,False,False,False,True,False,0,0,0.9969,0.0031,$60K - $80K
53,1,1,0,Blue,45,4,3,3,24343.822,573,0.5708798,3178.0,53.0,0.56151044,0.023391653,False,False,False,False,False,True,False,False,True,False,False,1,1,0.0054,0.9946,Less than $40K
41,0,2,1,Blue,36,4,2,3,3417.2283,0,0.44202667,1626.0,29.0,0.7496477,0.0,False,False,False,False,False,True,False,False,True,False,True,1,1,0.0042,0.9958,$60K - $80K
45,0,1,2,Blue,36,3,4,1,2632.0,1480,0.588,1562.0,33.0,0.679,0.562,False,False,False,False,False,True,False,False,False,True,False,0,0,1.0,0.0,Less than $40K
50,1,1,2,Blue,44,5,3,1,17827.0,0,0.846,1960.0,57.0,0.725,0.0,False,False,False,False,False,True,False,False,False,False,False,0,0,0.9992,0.0008,$40K - $60K
44,1,2,3,Blue,39,5,3,3,22075.0,1506,0.794,1154.0,38.0,0.818,0.068,False,False,False,False,False,True,False,True,False,False,False,0,0,0.671,0.329,$40K - $60K
49,0,0,1,Silver,37,1,3,1,4924.9004,1558,1.0099038,1629.0,38.0,0.52279574,0.316403,False,True,False,False,False,False,False,False,True,True,False,1,1,0.1344,0.8656,$60K - $80K
52,0,1,1,Blue,35,3,2,2,2249.679,2008,0.64775133,1226.0,25.0,0.55553097,0.8929342,False,True,False,False,True,False,False,False,False,True,False,1,1,0.0007,0.9993,$80K - $120K
47,1,5,2,Blue,39,6,3,1,3889.0,1839,0.911,1743.0,27.0,0.703,0.473,False,False,False,False,False,True,False,False,False,False,False,0,0,0.9999,0.0001,$120K +
56,0,2,1,Blue,36,6,2,1,1971.0,922,0.762,1139.0,39.0,0.867,0.468,False,False,False,False,False,True,False,False,False,True,False,0,0,1.0,0.0,$80K - $120K
44,1,4,2,Blue,31,3,2,3,19719.0,1303,0.91,1073.0,21.0,0.565,0.066,False,False,False,False,True,False,False,False,True,False,False,0,0,0.984,0.016,$40K - $60K
44,0,3,2,Blue,36,2,3,3,2228.0,0,0.686,683.0,17.0,0.607,0.0,False,False,True,False,False,False,False,False,False,True,False,1,1,0.0,1.0,$120K +
48,1,3,1,Blue,42,6,1,3,6085.0,930,1.307,1159.0,32.0,0.967,0.153,False,True,False,False,False,False,False,True,False,False,False,0,0,0.9999,0.0001,$80K - $120K
53,1,1,2,Blue,45,6,3,2,1826.0,883,0.953,1859.0,47.0,1.0,0.484,False,True,False,False,False,False,False,False,True,False,False,0,0,0.9936,0.0064,$120K +
48,0,4,1,Blue,36,4,1,2,21416.0,0,0.702,1205.0,28.0,0.923,0.0,False,False,True,False,False,False,False,False,False,False,True,0,0,0.9999,0.0001,$120K +
35,1,3,3,Blue,29,2,1,3,17030.0,1911,0.528,1409.0,37.0,0.562,0.112,False,False,False,True,False,False,False,False,True,False,False,1,1,0.0052,0.9948,$40K - $60K
41,0,5,2,Blue,30,4,2,1,1762.0,1051,0.785,1000.0,18.0,0.739,0.596,False,False,False,False,True,False,False,False,False,True,False,0,0,1.0,0.0,$60K - $80K
38,1,2,2,Silver,36,3,3,3,6692.0,2037,0.401,1209.0,39.0,0.241,0.304,False,False,False,False,False,True,False,True,False,False,False,0,1,0.3361,0.6639,$60K - $80K
42,1,1,1,Silver,37,4,3,2,18495.355,825,0.3777626,1366.0,25.0,0.41116032,0.044408016,False,False,True,True,False,False,False,True,False,False,False,1,1,0.0177,0.9823,$120K +
35,1,3,1,Blue,28,3,1,2,4380.0,0,0.719,1161.0,44.0,0.704,0.0,False,False,False,True,False,False,False,False,True,False,False,0,0,0.9994,0.0006,Less than $40K
36,1,2,1,Blue,18,3,1,3,7758.0,1408,0.365,1512.0,38.0,0.643,0.181,False,True,False,False,False,False,True,False,False,False,False,1,1,0.0331,0.9669,$40K - $60K
48,1,3,1,Blue,36,3,2,4,2954.0,931,0.575,1750.0,35.0,0.381,0.315,False,False,False,True,False,False,True,False,False,False,False,1,1,0.0044,0.9956,$60K - $80K
46,0,2,1,Blue,36,2,3,1,3123.0,1639,0.788,1170.0,24.0,1.111,0.525,False,False,False,False,False,True,False,False,False,True,False,0,0,0.9999,0.0001,$60K - $80K
52,0,2,1,Blue,40,2,3,2,3698.0,0,0.811,2218.0,50.0,0.864,0.0,False,True,False,False,False,False,False,False,False,True,False,0,0,0.9996,0.0004,Less than $40K
45,1,2,1,Silver,38,4,2,3,34516.0,1406,1.261,1198.0,33.0,0.969,0.041,False,False,False,False,False,True,False,False,False,False,False,0,0,0.9999,0.0001,$40K - $60K
53,0,2,1,Blue,45,3,2,2,2766.505,2409,0.8539385,1329.0,26.0,0.36801472,0.8709679,False,False,True,False,False,True,False,False,True,True,False,1,1,0.0001,0.9999,$60K - $80K
44,0,3,1,Blue,26,1,3,1,10877.0,1802,0.706,857.0,36.0,0.731,0.166,False,True,False,False,False,False,False,False,False,True,False,0,0,0.9987,0.0013,Less than $40K
39,1,4,2,Blue,36,6,3,3,25133.0,0,0.461,1470.0,30.0,0.327,0.0,False,False,False,True,False,False,False,True,False,False,False,0,0,0.9962,0.0038,$80K - $120K
42,0,4,1,Blue,37,3,3,3,1581.893,0,0.822181,1435.0,25.0,0.5625411,0.0,False,True,False,False,False,True,True,False,False,True,False,1,1,0.0,1.0,$60K - $80K
37,0,2,1,Blue,25,2,2,3,28570.332,434,0.5388969,1093.0,22.0,0.7576303,0.014542184,False,True,True,False,False,False,False,False,False,False,True,1,1,0.0,1.0,$60K - $80K
57,0,0,2,Blue,39,2,3,3,1704.9348,0,0.6897846,715.0,20.0,0.59126973,0.0,False,True,False,True,False,False,False,False,False,True,True,1,1,0.0001,0.9999,Less than $40K
45,0,2,1,Blue,32,3,2,3,1587.9613,0,0.6902159,1512.0,42.0,0.52417564,0.0,True,False,True,False,False,False,False,False,False,True,False,1,1,0.0,1.0,$80K - $120K
41,0,1,2,Blue,39,2,3,3,4233.0186,2517,0.6722735,2399.0,43.0,0.5613995,0.5947471,False,True,False,False,False,False,False,False,False,True,False,1,1,0.0,1.0,$60K - $80K
35,0,1,1,Blue,23,3,3,1,1438.3,0,0.751,906.0,22.0,0.608,0.0,False,False,True,False,False,False,False,False,False,False,True,0,0,0.9999,0.0001,$80K - $120K
47,0,4,1,Silver,40,3,3,2,2445.2551,1249,0.4656821,1052.0,16.0,0.37677056,0.51108986,False,False,False,False,True,True,False,False,False,True,False,1,1,0.0049,0.9951,Less than $40K
42,0,5,1,Blue,24,4,2,3,5109.7515,0,0.856013,975.0,11.0,0.511901,0.0,False,False,False,False,False,True,False,True,False,True,False,1,1,0.0023,0.9977,$40K - $60K
43,0,1,1,Blue,29,3,2,2,32146.01,0,0.96217155,783.0,20.0,0.76408434,0.0,False,False,False,False,False,True,False,False,False,False,True,1,1,0.0006,0.9994,$60K - $80K
60,0,2,1,Blue,36,6,3,2,2343.0,2066,0.72,990.0,21.0,0.917,0.882,False,False,False,False,False,True,False,False,False,True,False,0,0,0.9999,0.0001,$80K - $120K
44,1,2,2,Blue,33,5,3,2,15484.699,67,0.729216,1097.0,24.0,0.49664596,0.004365267,False,False,True,False,False,True,False,True,False,False,False,1,1,0.0021,0.9979,$120K +
58,1,1,2,Blue,41,4,2,1,2915.0,1494,0.861,901.0,35.0,0.825,0.513,False,False,False,True,False,False,False,False,True,False,False,0,0,0.9999,0.0001,Less than $40K
44,0,1,1,Blue,36,5,3,2,1438.3,494,0.5891842,1327.0,41.0,0.64051074,0.34350094,False,False,True,False,False,False,False,False,False,True,False,1,1,0.0006,0.9994,Less than $40K
51,0,3,1,Blue,38,3,3,2,5028.319,0,0.55919814,1814.0,31.0,0.61070323,0.0,False,False,False,False,False,True,True,False,False,True,False,1,1,0.0045,0.9955,$40K - $60K
57,0,3,3,Blue,36,2,2,1,3082.0,2507,0.687,1365.0,34.0,0.508,0.813,False,True,False,False,False,False,False,False,False,True,False,0,0,0.9984,0.0016,Unknown
53,1,1,3,Blue,43,2,1,3,9060.0,0,0.775,1058.0,34.0,0.645,0.0,False,False,True,False,False,False,True,False,False,False,False,0,0,0.9954,0.0046,Less than $40K
51,0,0,1,Blue,35,5,3,4,3132.0,1815,1.018,1476.0,38.0,0.935,0.58,False,False,True,False,False,False,False,False,False,True,False,0,0,0.9998,0.0002,$60K - $80K
53,1,3,1,Blue,38,5,2,3,34516.0,0,0.8554843,1230.0,36.0,0.7153811,0.0,False,True,True,False,False,False,False,False,True,False,False,1,1,0.0004,0.9996,$40K - $60K
40,0,3,1,Blue,29,4,1,2,2490.0,2225,0.566,1581.0,44.0,0.543,0.894,False,False,False,False,True,False,False,False,False,True,False,0,0,0.9999,0.0001,$40K - $60K
48,0,4,1,Blue,37,1,2,3,3607.0,0,0.504,1534.0,29.0,0.458,0.0,False,False,True,False,False,False,False,False,False,True,False,1,1,0.0001,0.9999,$40K - $60K
54,1,3,1,Blue,36,2,3,4,9457.0,350,1.024,1612.0,39.0,0.333,0.037,False,False,True,False,False,False,False,False,True,False,False,1,1,0.0046,0.9954,$60K - $80K
48,0,3,1,Blue,30,2,2,2,2918.257,0,1.0577978,1302.0,36.0,0.80293036,0.0,False,False,True,False,False,False,False,False,False,True,False,1,1,0.0119,0.9881,$80K - $120K
60,0,2,1,Blue,47,3,2,2,2713.5496,733,0.81118625,1439.0,40.0,0.46618626,0.26225033,False,True,False,False,True,False,False,False,False,True,False,1,1,0.0047,0.9953,$80K - $120K
40,0,3,2,Blue,30,4,3,2,3319.0,0,0.262,1724.0,45.0,0.375,0.0,False,True,False,False,False,False,False,False,False,True,False,1,1,0.0012,0.9988,Less than $40K
39,0,0,1,Blue,28,1,3,3,6284.2363,0,0.5893542,1784.0,35.0,0.39692476,0.0,False,False,True,False,False,False,True,False,False,False,True,1,1,0.0001,0.9999,$40K - $60K
50,0,2,1,Platinum,44,1,3,3,2018.8469,392,0.6996124,1156.0,29.0,0.5567655,0.19440573,False,True,False,True,False,False,False,False,False,True,False,1,1,0.0,1.0,$80K - $120K
41,0,2,2,Blue,29,4,2,3,2670.0,2079,0.649,2556.0,49.0,0.788,0.779,False,True,False,False,False,False,False,False,False,True,False,0,0,0.9985,0.0015,$40K - $60K
56,0,1,1,Blue,40,4,2,5,5366.0,1271,0.558,1590.0,37.0,0.9,0.237,False,False,False,False,True,False,True,False,False,False,False,0,0,0.988,0.012,$80K - $120K
26,0,0,2,Blue,13,5,1,2,5655.0,0,0.842,884.0,19.0,0.649,0.0,False,True,False,False,False,False,True,False,False,False,False,0,0,0.9665,0.0335,Less than $40K
47,1,2,1,Blue,41,1,2,1,13356.0,1497,0.753,973.0,25.0,0.694,0.112,False,False,False,False,True,False,False,False,True,False,False,0,0,0.9996,0.0004,Less than $40K
53,0,1,2,Blue,40,3,3,4,8794.85,1553,0.86715484,1447.0,30.0,0.8343379,0.17632006,False,True,False,False,False,False,True,False,False,False,True,1,1,0.014,0.986,$40K - $60K
59,1,1,1,Blue,53,5,1,3,2182.0,1558,0.457,1150.0,26.0,0.789,0.714,False,False,False,False,True,False,True,False,False,False,False,0,0,0.9998,0.0002,$80K - $120K
46,0,3,2,Blue,37,1,3,3,4267.6465,2517,1.030432,1193.0,21.0,0.50358665,0.5947642,False,True,False,True,False,False,False,False,False,True,True,1,1,0.0001,0.9999,$80K - $120K
36,0,3,2,Blue,36,5,2,3,1964.0,0,0.776,706.0,21.0,0.622,0.0,False,False,False,False,False,False,False,False,False,True,False,0,0,0.9961,0.0039,$60K - $80K
38,0,2,1,Blue,32,4,3,3,3099.1758,1473,0.3875307,1257.0,23.0,0.5497973,0.4741884,False,False,False,False,True,False,True,False,False,False,True,1,1,0.0026,0.9974,$40K - $60K
37,1,2,2,Blue,25,3,3,0,5616.0,0,0.995,1303.0,35.0,0.476,0.0,False,True,False,False,False,False,False,False,False,False,False,1,1,0.4049,0.5951,Unknown
48,0,1,1,Blue,35,3,3,3,2249.6511,414,0.8161967,1306.0,39.0,0.5324907,0.18415488,False,False,False,False,True,True,False,True,False,True,False,1,1,0.0001,0.9999,Less than $40K
30,1,1,2,Blue,13,3,3,3,21590.0,2517,0.813,748.0,20.0,0.795,0.117,False,False,False,False,False,False,False,False,False,False,True,0,0,0.9978,0.0022,$80K - $120K
40,0,2,2,Blue,34,6,2,3,1795.7843,0,0.81409955,1774.0,42.0,0.5491183,0.0,False,True,False,False,False,False,False,False,False,True,False,1,1,0.0003,0.9997,$80K - $120K
45,0,3,1,Blue,30,1,2,3,8584.551,833,0.8435296,1209.0,25.0,0.6408032,0.09744082,False,True,True,False,False,False,False,True,False,True,False,1,1,0.0001,0.9999,Less than $40K
50,1,1,1,Blue,33,2,2,1,34516.0,0,1.0283378,1074.0,31.0,0.48286802,0.0,False,False,True,False,False,False,False,False,False,False,False,1,1,0.0025,0.9975,Less than $40K
46,1,5,1,Blue,35,6,2,2,2206.0,1722,0.973,1786.0,50.0,0.763,0.781,False,True,False,False,False,False,False,False,False,True,False,0,0,1.0,0.0,$80K - $120K
62,0,0,3,Blue,49,4,1,1,4409.0,785,0.838,1456.0,36.0,0.649,0.178,False,False,True,False,False,False,True,False,False,False,False,0,0,0.9996,0.0004,Less than $40K
59,0,1,2,Blue,36,3,2,3,6335.0,1128,0.397,1300.0,25.0,0.667,0.178,False,True,False,False,False,False,False,False,False,True,False,0,0,0.967,0.033,$60K - $80K
45,0,4,1,Blue,36,3,2,2,2848.9097,2506,0.5040956,1470.0,42.0,0.3091226,0.8796176,False,True,False,False,False,False,False,False,False,True,False,1,1,0.1155,0.8845,Less than $40K
56,0,2,1,Blue,48,2,3,2,8055.555,0,0.7098217,715.0,25.0,0.5255922,0.0,False,False,True,False,False,False,False,True,False,True,False,1,1,0.0001,0.9999,$80K - $120K
47,1,4,2,Blue,36,6,3,2,21637.0,2030,0.776,1198.0,24.0,0.438,0.094,False,True,False,False,False,False,False,False,True,False,False,0,0,0.9991,0.0009,$60K - $80K
44,1,3,1,Blue,35,5,2,3,25255.166,0,0.75645775,1556.0,43.0,0.52001315,0.0,False,False,True,False,False,False,False,True,True,False,False,1,1,0.0064,0.9936,$80K - $120K
46,0,3,0,Blue,35,2,2,3,4778.9956,115,0.5581687,1606.0,30.0,0.67836314,0.024953663,False,True,True,False,False,False,True,False,False,False,False,1,1,0.0,1.0,$60K - $80K
47,0,2,1,Blue,34,4,3,3,2188.7886,1598,0.81327915,929.0,31.0,0.44945046,0.7340718,False,True,True,False,False,False,False,False,False,True,False,1,1,0.0002,0.9998,Less than $40K
51,0,1,2,Blue,41,3,2,2,9352.0,1429,0.728,1606.0,54.0,0.69,0.153,False,True,False,False,False,False,False,False,False,False,True,0,0,1.0,0.0,$80K - $120K
54,1,4,2,Blue,42,5,2,2,11742.0,0,0.621,1199.0,32.0,0.556,0.0,False,False,False,False,True,False,False,False,True,False,False,0,0,0.9998,0.0002,$60K - $80K
49,1,3,1,Blue,42,4,1,2,10155.0,1805,0.673,2400.0,60.0,0.815,0.178,False,False,True,False,False,False,False,False,True,False,False,0,0,0.9997,0.0003,Less than $40K
45,0,3,2,Blue,36,2,3,3,4027.7456,650,0.73189056,1337.0,44.0,0.8288016,0.16124192,False,False,False,False,True,False,False,False,True,False,True,1,1,0.0003,0.9997,Unknown
45,0,3,3,Blue,34,3,2,2,4479.288,2517,0.49645013,1270.0,33.0,0.45482722,0.5622628,False,False,False,True,False,True,False,False,False,False,True,1,1,0.0002,0.9998,$120K +
41,0,5,1,Blue,30,5,2,3,1588.0,0,0.634,654.0,14.0,0.649,0.0,False,False,False,False,False,True,True,False,False,False,False,1,1,0.0364,0.9636,$120K +
33,0,3,3,Blue,25,3,2,4,4734.0,2517,0.483,1909.0,54.0,0.897,0.532,False,False,False,True,False,False,False,False,False,False,True,1,1,0.2496,0.7504,$60K - $80K
52,1,2,1,Blue,42,3,3,2,11617.262,2515,0.4578294,922.0,25.0,0.48234653,0.21686931,False,True,True,False,False,False,False,False,True,False,False,1,1,0.0146,0.9854,Less than $40K
44,0,1,1,Blue,36,3,3,3,2568.0,1603,0.432,1158.0,42.0,0.545,0.624,False,True,False,False,False,False,False,False,False,True,False,0,0,0.9998,0.0002,$40K - $60K
48,0,4,1,Blue,40,3,1,2,1794.2021,0,0.61774933,1323.0,26.0,0.32585174,0.0,True,False,False,True,False,False,False,False,False,True,False,1,1,0.0039,0.9961,$40K - $60K
43,1,2,2,Blue,34,2,2,4,1691.7842,1510,0.38989526,1025.0,35.0,0.30291873,0.8938119,False,False,True,False,True,False,False,True,False,False,False,1,1,0.0004,0.9996,$40K - $60K
50,0,3,1,Blue,37,3,2,4,1438.3,0,0.868,1700.0,35.0,0.86,0.0,False,True,False,False,False,False,False,False,False,True,False,0,0,0.9997,0.0003,$60K - $80K
46,0,2,1,Blue,33,5,3,5,2972.6814,0,0.75524855,1628.0,51.0,0.4502239,0.0,False,False,False,False,False,True,True,False,False,True,False,1,1,0.0,1.0,$80K - $120K
33,0,1,1,Blue,34,3,2,4,2565.4807,2298,0.68948275,1377.0,32.0,0.48526108,0.897418,True,False,False,False,True,False,False,False,False,True,False,1,1,0.0153,0.9847,$40K - $60K
33,1,1,1,Blue,14,3,2,2,6746.0,1750,0.962,1517.0,33.0,0.862,0.259,False,False,False,False,False,False,True,False,False,False,False,0,0,0.9845,0.0155,$80K - $120K
40,1,5,2,Blue,31,1,3,3,34516.0,2203,0.728,1528.0,25.0,0.92,0.064,False,False,False,False,False,True,False,False,False,False,False,0,0,0.9988,0.0012,Less than $40K
42,1,2,1,Blue,31,2,1,3,34516.0,1356,0.71,1329.0,24.0,0.825,0.039,False,True,False,False,False,False,False,False,True,False,False,0,0,0.9999,0.0001,$80K - $120K
39,0,1,2,Blue,36,6,1,1,22125.0,0,0.645,1505.0,33.0,0.727,0.0,False,False,False,False,False,False,False,False,False,False,True,0,0,0.9835,0.0165,$40K - $60K
40,0,4,1,Blue,28,6,2,2,1438.3,689,0.823,1172.0,38.0,0.806,0.479,False,True,False,False,False,False,False,False,False,True,False,0,0,0.9998,0.0002,$40K - $60K
45,1,3,1,Blue,36,4,3,2,22975.545,161,1.0248319,1646.0,39.0,0.49308404,0.0068115895,False,False,False,True,False,False,True,True,False,False,False,1,1,0.0004,0.9996,$80K - $120K
43,1,3,1,Blue,36,2,3,3,1438.3,0,0.539,1693.0,32.0,1.111,0.0,False,False,False,False,False,False,False,True,False,False,False,1,1,0.0461,0.9539,Less than $40K
54,1,1,2,Blue,40,6,3,3,10260.0,942,1.042,1336.0,23.0,0.562,0.092,False,False,False,True,False,False,False,False,True,False,False,0,0,0.9963,0.0037,$40K - $60K
47,1,2,1,Blue,37,2,3,3,4279.247,0,0.8862634,1289.0,19.0,0.7068395,0.0,False,True,False,False,False,False,False,True,False,False,False,1,1,0.0008,0.9992,$80K - $120K
51,0,2,1,Blue,40,2,3,3,3205.0505,956,0.643561,1416.0,32.0,0.49817795,0.29848954,False,False,False,False,True,False,False,False,False,False,True,1,1,0.0004,0.9996,$80K - $120K
42,0,4,1,Blue,36,2,3,3,15433.0,0,0.865,1608.0,33.0,1.2,0.0,False,False,True,False,False,False,False,False,False,True,False,0,1,0.0114,0.9886,Unknown
42,1,2,1,Blue,36,2,2,1,6280.0,2181,0.795,1885.0,51.0,0.878,0.347,False,True,False,False,False,False,False,True,False,False,False,0,0,0.9994,0.0006,Less than $40K
39,1,3,2,Blue,36,4,2,2,34516.0,0,0.754,1744.0,53.0,0.667,0.0,False,True,False,False,False,False,False,False,False,False,False,0,0,0.9701,0.0299,$60K - $80K
63,0,0,3,Blue,55,6,2,2,1651.0,1433,0.985,1922.0,48.0,0.611,0.868,False,False,False,False,True,False,True,False,False,False,False,0,0,0.9989,0.0011,$80K - $120K
45,0,3,2,Blue,38,5,3,3,2482.4204,0,0.54327565,1448.0,29.0,0.44660416,0.0,False,True,False,False,False,True,True,False,False,True,False,1,1,0.0,1.0,$120K +
58,1,0,1,Blue,53,3,5,5,24547.371,432,0.8097125,1300.0,36.0,0.7228802,0.017412316,False,False,True,False,False,True,False,True,False,False,False,1,1,0.006,0.994,$40K - $60K
46,1,2,1,Blue,32,3,3,2,5272.127,0,0.57895577,1366.0,31.0,0.34580928,0.0,False,True,False,False,False,True,False,False,True,False,False,1,1,0.0253,0.9747,Unknown
31,0,0,1,Blue,17,3,2,3,1598.3818,1506,0.6048572,1439.0,39.0,0.52057916,0.9505032,False,True,False,True,False,False,False,False,False,True,False,1,1,0.009,0.991,Less than $40K
42,1,3,2,Blue,35,3,3,3,11328.0,1369,0.585,1241.0,46.0,0.312,0.121,True,False,False,False,False,False,False,True,False,False,False,1,1,0.1056,0.8944,Unknown
48,0,2,2,Blue,40,2,2,3,3166.4673,2517,0.72434074,1917.0,33.0,1.0014675,0.7946332,False,True,False,False,False,False,False,False,False,True,False,1,1,0.0019,0.9981,$80K - $120K
38,1,2,1,Blue,29,4,1,2,2818.0,1656,1.404,1391.0,39.0,0.957,0.588,False,False,True,False,False,False,False,False,False,False,False,0,0,0.9993,0.0007,$40K - $60K
54,1,3,1,Blue,48,1,3,2,8426.0,0,0.96,1246.0,31.0,0.717,0.0,False,True,False,False,False,False,False,False,False,False,False,0,0,0.9938,0.0062,Less than $40K
57,0,0,2,Blue,44,1,3,2,1654.4922,0,0.7693817,1248.0,27.0,0.7582905,0.0,False,True,False,False,False,False,False,False,False,True,True,1,1,0.0006,0.9994,$60K - $80K
39,0,1,2,Blue,33,6,3,2,2292.0,1839,0.675,1936.0,44.0,0.674,0.802,False,False,True,False,False,False,False,False,False,True,False,0,0,0.9999,0.0001,Less than $40K
52,0,4,1,Blue,42,5,3,2,1816.0,0,0.664,2375.0,63.0,0.773,0.0,False,True,False,False,False,False,False,False,False,False,True,0,0,0.9998,0.0002,$80K - $120K
43,1,3,1,Blue,34,2,2,3,7146.089,1953,0.52111304,1238.0,25.0,0.6006068,0.2725497,False,True,True,False,False,False,False,False,True,True,False,1,1,0.001,0.999,$60K - $80K
50,0,1,1,Blue,37,1,2,4,7179.0957,0,0.47373226,1626.0,41.0,0.6353479,0.0,False,True,False,False,False,False,True,False,False,True,False,1,1,0.0009,0.9991,Less than $40K
37,1,2,2,Blue,29,3,2,3,9829.0,2517,0.59,791.0,22.0,1.212,0.256,False,False,True,False,False,False,False,True,False,False,False,0,0,0.9964,0.0036,Unknown
50,1,2,2,Blue,39,4,2,1,34516.0,440,0.84628266,1204.0,28.0,0.81024504,0.013128622,True,False,False,False,True,False,False,False,False,False,False,1,1,0.0183,0.9817,Less than $40K
56,0,1,1,Blue,38,1,2,1,3485.0,1465,0.653,1300.0,33.0,1.023,0.42,False,False,False,True,False,False,True,False,False,False,False,0,0,0.9998,0.0002,$120K +
47,0,1,1,Blue,39,1,1,1,2039.9701,1562,0.85677,1612.0,47.0,0.8000834,0.7657512,False,False,False,False,True,False,False,False,False,True,False,1,1,0.0055,0.9945,$60K - $80K
58,0,1,1,Blue,46,5,3,1,1871.0,1339,0.79,1071.0,28.0,0.731,0.716,False,False,True,False,False,False,True,False,False,False,False,0,0,1.0,0.0,$40K - $60K
54,0,1,1,Blue,43,2,2,3,1438.3,0,0.93705916,1378.0,37.0,0.9663323,0.0,False,True,True,False,False,False,False,True,False,True,False,1,1,0.0001,0.9999,$60K - $80K
52,1,0,0,Blue,44,3,4,2,6897.2983,856,0.6503652,1100.0,29.0,0.52852714,0.12318377,False,True,False,True,False,False,False,True,True,False,False,1,1,0.0013,0.9987,Less than $40K
52,0,2,3,Blue,40,2,1,3,2743.0,1705,0.605,2052.0,45.0,0.54,0.622,False,True,False,False,False,False,False,False,False,True,False,0,0,1.0,0.0,Less than $40K
39,0,0,1,Blue,36,3,3,3,2936.0,0,0.842,1349.0,33.0,0.542,0.0,False,True,False,False,False,False,False,False,False,True,False,0,0,0.9833,0.0167,$60K - $80K
48,1,4,1,Silver,42,1,3,4,3906.4053,0,0.6953995,1215.0,36.0,0.7847737,0.0,False,False,False,False,True,True,True,False,False,False,False,1,1,0.0137,0.9863,$40K - $60K
43,1,2,1,Blue,37,2,4,4,13525.126,0,0.09300659,1149.0,25.0,0.034218464,0.0,False,True,False,False,True,False,False,False,False,False,False,1,1,0.0001,0.9999,$120K +
53,0,2,1,Blue,37,1,4,3,5182.0,2500,0.869,2354.0,50.0,0.809,0.482,False,False,True,False,False,False,True,False,False,False,False,0,0,0.9968,0.0032,$40K - $60K
43,0,4,1,Blue,34,2,3,3,8133.242,172,0.6332319,2644.0,40.0,0.69666964,0.021254309,False,False,True,False,True,False,False,False,False,True,True,1,1,0.0001,0.9999,Less than $40K
35,1,3,2,Blue,17,6,3,2,16659.0,0,1.012,918.0,14.0,0.609,0.0,False,True,False,False,False,False,True,False,False,False,False,0,0,0.9959,0.0041,$80K - $120K
44,1,2,1,Gold,36,5,2,2,34516.0,958,0.63261235,1362.0,31.0,0.4820302,0.02804476,False,True,False,False,True,False,False,False,False,False,False,1,1,0.0749,0.9251,$80K - $120K
42,0,3,1,Blue,36,1,3,4,4527.0,0,0.801,1222.0,37.0,0.37,0.0,False,False,True,False,False,False,True,False,False,False,False,1,1,0.0,1.0,$120K +
53,0,1,2,Blue,34,4,2,2,2932.3,2186,0.5635483,1364.0,32.0,0.37533116,0.7456311,False,True,False,False,False,False,False,False,False,True,False,1,1,0.0011,0.9989,$60K - $80K
55,0,3,1,Blue,35,3,2,3,1872.0,1167,0.517,1463.0,40.0,0.607,0.623,False,True,False,False,False,False,False,False,False,True,False,0,1,0.0224,0.9776,$80K - $120K
45,0,4,1,Blue,41,5,1,2,1927.0,1337,0.667,1631.0,31.0,0.653,0.694,False,True,False,False,False,False,False,False,False,True,False,0,0,1.0,0.0,Less than $40K
37,1,1,1,Silver,19,6,1,2,18951.0,1243,1.148,1878.0,55.0,0.657,0.066,False,False,False,False,False,True,False,True,False,False,False,0,0,0.9985,0.0015,$40K - $60K
32,0,0,1,Blue,24,4,2,3,3981.3262,0,0.80744654,1489.0,32.0,0.7585374,0.0,True,True,False,False,False,False,True,False,False,True,False,1,1,0.0006,0.9994,$40K - $60K
63,0,0,2,Blue,56,3,6,4,1438.3,0,0.864,1437.0,37.0,0.578,0.0,False,False,False,False,True,False,True,False,False,False,False,0,0,0.996,0.004,Less than $40K
42,0,2,1,Blue,37,4,2,1,2250.0,1788,0.523,1313.0,37.0,1.152,0.795,False,True,False,False,False,False,False,False,False,True,False,0,0,0.9999,0.0001,$80K - $120K
58,1,0,1,Blue,43,4,3,2,12391.807,0,1.0164642,1290.0,38.0,0.6278731,0.0,False,False,False,True,False,True,True,True,False,False,False,1,1,0.001,0.999,$60K - $80K
46,0,2,1,Blue,37,3,3,3,9160.88,0,0.6396561,1975.0,49.0,0.59946096,0.0,False,True,False,False,False,True,False,True,False,False,True,1,1,0.0005,0.9995,Less than $40K
48,0,4,1,Blue,36,6,1,4,2464.0,1867,0.6,807.0,22.0,1.333,0.758,False,False,False,False,False,False,False,False,False,True,False,0,0,0.9999,0.0001,Unknown
43,0,4,1,Blue,24,6,2,3,1679.0,951,0.706,1438.0,28.0,0.593,0.566,False,False,False,False,False,True,False,False,False,True,False,1,1,0.0098,0.9902,$40K - $60K
43,0,3,0,Blue,37,3,6,3,9051.0,1557,0.621,1233.0,29.0,0.5,0.172,False,False,False,False,False,True,False,False,False,False,True,0,0,0.9996,0.0004,$120K +
60,0,0,2,Blue,48,6,2,4,2944.1,345,0.9199216,709.0,27.0,0.5370907,0.11723075,True,True,False,False,False,False,False,False,False,True,False,1,1,0.0026,0.9974,$60K - $80K
54,0,1,2,Blue,36,3,2,2,3537.21,2517,0.8654849,1597.0,39.0,0.37058154,0.71203077,False,True,False,False,False,False,False,False,True,True,False,1,1,0.0001,0.9999,$60K - $80K
46,0,3,1,Blue,35,2,2,3,2960.5903,0,0.8239839,1283.0,28.0,0.8533374,0.0,False,True,False,False,True,False,False,False,False,True,True,1,1,0.0058,0.9942,$60K - $80K
37,0,1,2,Blue,21,1,1,3,3665.137,1479,0.66105914,1101.0,37.0,0.89987624,0.40692437,True,False,False,False,False,True,False,False,True,True,False,1,1,0.0341,0.9659,$40K - $60K
41,1,4,1,Blue,32,2,2,4,34516.0,2517,0.46435663,1593.0,36.0,0.4579783,0.073,False,False,True,False,False,True,False,True,True,False,False,1,1,0.0035,0.9965,$80K - $120K
53,0,4,2,Blue,38,2,2,1,1778.5487,0,0.8566974,1631.0,46.0,0.32470247,0.0,False,True,False,False,False,False,True,False,False,True,False,1,1,0.0001,0.9999,Less than $40K
44,1,3,1,Blue,36,4,1,2,2188.0,1241,0.782,2194.0,53.0,0.675,0.567,False,False,True,False,False,False,False,True,False,False,False,0,0,1.0,0.0,Less than $40K
49,0,2,0,Blue,38,5,3,3,8848.642,2517,0.6710576,1128.0,27.0,0.40782675,0.284694,True,False,True,False,False,False,False,False,False,False,True,1,1,0.0001,0.9999,Less than $40K
54,0,1,2,Blue,47,1,4,2,3543.4336,0,0.6048582,1497.0,35.0,0.6759965,0.0,False,False,True,False,False,False,False,False,True,True,False,1,1,0.0001,0.9999,$80K - $120K
43,0,1,0,Blue,36,4,2,3,2637.0,1272,0.728,1385.0,50.0,1.053,0.482,False,False,False,False,False,True,False,False,False,True,False,0,0,0.9995,0.0005,$120K +
48,1,3,1,Blue,42,3,6,2,6805.0,1448,0.836,1449.0,27.0,0.711,0.213,False,False,False,False,False,True,False,False,True,False,False,0,0,0.9997,0.0003,Unknown
45,1,1,0,Blue,31,3,1,1,17437.0,2225,0.814,974.0,28.0,0.594,0.128,False,False,False,False,False,True,True,False,False,False,False,0,0,0.8563,0.1437,Less than $40K
47,0,4,1,Blue,42,5,2,3,1882.0,1143,0.638,731.0,18.0,0.889,0.607,False,False,False,False,False,True,False,False,False,False,True,0,0,1.0,0.0,$60K - $80K
44,1,2,0,Blue,38,2,3,4,34516.0,0,1.0047671,1191.0,37.0,0.35191026,0.0,False,False,False,False,False,False,False,False,True,False,False,1,1,0.0018,0.9982,Unknown
49,0,3,1,Gold,36,3,2,3,1438.3,0,1.044,1421.0,34.0,1.167,0.0,False,False,False,False,False,True,False,False,False,True,False,0,0,0.9985,0.0015,$40K - $60K
50,0,3,3,Blue,30,4,1,3,1507.0,0,0.648,1256.0,35.0,0.729,0.0,False,False,False,False,True,False,False,False,False,False,True,0,0,1.0,0.0,Less than $40K
50,1,2,1,Blue,36,6,2,1,16388.0,2001,0.547,1744.0,50.0,0.66,0.122,False,False,True,False,False,False,False,False,True,False,False,0,0,0.9999,0.0001,$60K - $80K
60,1,0,1,Blue,36,6,2,2,1976.0,1311,0.995,1766.0,39.0,0.536,0.663,False,True,False,False,False,False,False,False,False,True,False,0,0,1.0,0.0,$40K - $60K
31,1,1,2,Blue,22,4,1,3,9096.0,0,0.768,2229.0,48.0,0.688,0.0,False,False,False,False,False,False,True,False,False,False,False,0,0,0.8073,0.1927,Unknown
43,0,3,2,Blue,37,2,2,2,2644.3005,2481,0.7866623,1773.0,39.0,0.47869515,0.93892103,False,False,True,False,False,False,True,False,False,True,False,1,1,0.0,1.0,$60K - $80K
46,1,2,2,Blue,28,1,1,1,7790.0,1921,0.789,1860.0,37.0,0.617,0.247,False,True,False,False,False,False,False,False,False,False,False,0,0,1.0,0.0,$80K - $120K
43,1,2,0,Blue,34,3,3,3,34516.0,0,0.91607493,1179.0,27.0,0.3369084,0.0,False,True,False,False,False,False,False,False,True,False,False,1,1,0.0175,0.9825,$80K - $120K
46,1,4,0,Blue,36,2,2,3,15034.0,1356,0.754,906.0,16.0,0.75,0.09,False,False,True,False,False,False,True,False,False,False,False,0,0,0.9968,0.0032,$60K - $80K
42,0,5,1,Blue,36,3,3,3,2038.0,0,0.786,2781.0,54.0,0.75,0.0,False,False,False,False,False,True,True,False,False,False,False,0,0,0.5584,0.4416,$40K - $60K
59,0,1,2,Blue,39,5,3,2,4404.0,2272,0.809,1650.0,53.0,0.722,0.516,False,True,False,False,False,False,False,False,False,True,False,0,0,0.9995,0.0005,Less than $40K
45,0,2,1,Blue,35,3,3,3,24536.547,819,0.35114098,1446.0,37.0,0.84253955,0.032830667,False,True,False,False,True,False,True,False,True,False,False,1,1,0.0035,0.9965,Less than $40K
50,1,2,2,Blue,46,6,2,4,5626.0,778,1.009,1703.0,48.0,1.049,0.138,False,False,True,False,False,False,False,True,False,False,False,0,0,0.9986,0.0014,$60K - $80K
49,1,2,2,Blue,36,3,2,3,1438.3,0,0.62348247,761.0,17.0,0.5674126,0.0,True,True,False,False,False,False,True,False,True,False,False,1,1,0.0005,0.9995,$40K - $60K
56,0,1,1,Blue,36,5,3,2,3887.9119,2517,0.50292677,1536.0,44.0,0.5283299,0.6471093,False,True,True,False,False,False,False,False,False,True,False,1,1,0.0003,0.9997,$40K - $60K
42,1,2,1,Blue,30,1,3,3,3032.0,0,0.429,1373.0,36.0,0.517,0.0,False,False,False,False,True,False,True,False,False,False,False,1,1,0.0001,0.9999,$60K - $80K
38,0,2,1,Blue,33,1,3,2,3420.0,1405,0.843,1256.0,29.0,0.596,0.411,False,False,False,False,False,False,False,False,False,True,False,0,0,0.9999,0.0001,$60K - $80K
39,1,1,1,Blue,33,2,2,3,24168.424,483,0.94741344,643.0,16.0,0.8375283,0.020164557,True,True,False,False,False,False,False,False,True,False,False,1,1,0.0001,0.9999,$80K - $120K
49,0,1,1,Silver,37,5,1,3,7222.89,780,0.99249077,1215.0,45.0,0.35218397,0.108557925,True,False,False,False,False,True,False,False,False,True,True,1,1,0.0224,0.9776,$120K +
37,1,2,2,Blue,30,5,3,3,4055.7585,2517,0.60620606,2244.0,58.0,0.60459626,0.6211073,False,True,False,False,True,False,False,False,False,True,False,1,1,0.0054,0.9946,$120K +
55,1,2,2,Blue,48,5,3,3,34516.0,1384,0.625,1409.0,36.0,0.864,0.04,False,False,False,False,True,False,False,True,False,False,False,0,0,0.9999,0.0001,$80K - $120K
56,1,4,2,Blue,46,2,3,1,25736.0,1388,0.743,1469.0,23.0,0.596,0.054,False,True,False,False,False,False,False,False,True,False,False,0,0,0.9998,0.0002,$60K - $80K
48,0,2,1,Blue,38,4,3,3,1935.805,0,0.85319656,1847.0,59.0,0.6320466,0.0,False,True,False,False,False,False,False,False,False,True,True,1,1,0.0001,0.9999,$80K - $120K
49,1,0,1,Blue,45,4,4,4,13170.281,2161,0.97048444,1277.0,29.0,0.42515844,0.16402394,True,False,False,False,False,True,False,False,True,False,False,1,1,0.091,0.909,$40K - $60K
29,0,1,1,Blue,19,3,3,4,1709.0,1465,0.558,1227.0,24.0,0.548,0.857,False,True,False,False,False,False,False,False,False,False,True,0,0,0.9747,0.0253,$60K - $80K
38,1,2,1,Blue,36,2,3,2,1438.3,0,0.461,1336.0,38.0,0.5,0.0,False,True,False,False,False,False,False,True,False,False,False,1,1,0.0023,0.9977,Less than $40K
44,0,3,1,Blue,35,3,3,2,1855.0,0,0.988,1110.0,58.0,0.929,0.0,False,False,False,False,False,True,False,False,False,True,False,1,1,0.0084,0.9916,$60K - $80K
44,0,2,2,Blue,32,3,2,2,8857.77,0,0.47663063,1474.0,26.0,0.37671602,0.0,True,False,False,False,True,False,False,False,False,True,False,1,1,0.005,0.995,Less than $40K
42,1,3,2,Blue,33,3,3,2,3714.0,2170,0.524,1955.0,44.0,0.522,0.584,False,False,False,False,False,True,False,False,True,False,False,0,0,0.8856,0.1144,$40K - $60K
51,0,2,1,Blue,35,2,3,3,34516.0,0,0.6060394,660.0,17.0,0.37581137,0.0,False,True,False,False,False,False,False,True,False,False,True,1,1,0.0047,0.9953,$60K - $80K
49,0,2,2,Blue,42,1,3,3,4370.74,0,0.6534897,888.0,18.0,0.55448055,0.0,False,False,False,True,False,True,False,False,True,True,False,1,1,0.0004,0.9996,$60K - $80K
55,1,2,0,Blue,37,1,2,3,24301.564,1133,0.6053824,1785.0,45.0,0.2955251,0.046925165,False,True,False,False,False,True,False,False,True,False,False,1,1,0.0006,0.9994,Less than $40K
40,0,0,1,Blue,36,5,2,3,1740.5681,0,0.8457932,705.0,14.0,0.4709835,0.0,True,False,False,False,False,True,False,False,False,True,False,1,1,0.0001,0.9999,$40K - $60K
49,0,1,1,Blue,38,4,2,4,1438.3,0,0.5161244,1211.0,25.0,0.47408795,0.0,False,True,False,False,True,False,False,False,True,True,False,1,1,0.0004,0.9996,$60K - $80K
46,1,2,1,Blue,31,2,3,2,12729.073,334,0.74818796,1391.0,40.0,0.3612662,0.02640919,False,True,False,False,False,False,False,False,True,False,False,1,1,0.0006,0.9994,$80K - $120K
52,1,0,1,Blue,40,1,2,2,34516.0,85,0.8002337,1407.0,29.0,0.48524442,0.0025789961,False,True,False,False,False,False,False,False,True,False,False,1,1,0.001,0.999,Unknown
26,1,0,2,Blue,13,6,3,2,2585.0,2019,0.525,1616.0,50.0,0.481,0.781,False,True,False,False,False,False,False,False,False,True,False,0,0,0.9885,0.0115,$120K +
40,1,1,0,Blue,27,1,2,2,27085.215,723,0.8728933,1498.0,43.0,0.8915509,0.027307697,False,False,True,False,False,False,False,True,True,False,False,1,1,0.0012,0.9988,Less than $40K
54,1,1,2,Blue,44,4,2,5,34393.445,0,0.93901336,1536.0,38.0,0.72289157,0.0,True,False,True,False,False,False,False,True,True,False,False,1,1,0.0002,0.9998,$80K - $120K
38,1,1,3,Blue,36,3,3,4,26792.0,1671,0.938,1594.0,45.0,0.571,0.062,False,True,False,False,False,False,False,False,True,False,False,0,0,0.9985,0.0015,Less than $40K
34,1,3,1,Blue,25,3,2,4,23959.0,2517,0.926,1190.0,30.0,0.667,0.105,False,False,True,False,False,False,False,False,False,False,False,0,0,0.9875,0.0125,$80K - $120K
47,0,2,1,Blue,33,1,2,3,34516.0,327,0.7491095,1248.0,37.0,0.5321843,0.009256455,False,True,False,False,True,False,False,False,False,False,True,1,1,0.0004,0.9996,Less than $40K
41,0,2,1,Blue,32,3,3,2,3302.0,1980,0.625,827.0,21.0,0.711,0.6,False,True,False,False,False,False,False,False,False,True,False,0,0,0.9999,0.0001,Less than $40K
50,0,1,1,Blue,36,3,5,3,3069.0,1482,0.663,920.0,18.0,0.721,0.483,False,False,False,False,False,True,False,False,False,True,False,0,0,1.0,0.0,Less than $40K
53,1,3,1,Blue,40,6,3,3,3326.0,1442,0.711,1755.0,54.0,1.077,0.434,False,False,False,False,True,False,True,False,False,False,False,0,0,0.9999,0.0001,$80K - $120K
48,0,5,2,Blue,36,4,2,3,7645.0,931,0.894,804.0,15.0,0.622,0.122,False,False,False,False,False,True,False,False,False,False,True,0,0,0.9985,0.0015,$60K - $80K
50,0,1,1,Blue,35,3,3,2,1881.1243,0,0.83829665,1196.0,30.0,0.57762915,0.0,False,True,False,False,False,False,True,False,False,False,True,1,1,0.0003,0.9997,$60K - $80K
46,0,2,1,Blue,40,3,2,2,6083.0,1716,0.618,850.0,22.0,0.755,0.282,False,False,False,False,True,False,False,False,False,False,True,0,0,1.0,0.0,Less than $40K
36,1,4,0,Blue,31,4,3,4,34516.0,1491,0.93,1644.0,28.0,0.935,0.043,True,False,False,False,False,False,False,False,False,False,False,0,0,0.9985,0.0015,$120K +
43,0,4,2,Blue,36,3,3,2,4902.0,2517,0.982,1749.0,50.0,0.643,0.513,False,False,True,False,False,False,True,False,False,False,False,0,0,0.9704,0.0296,$80K - $120K
35,0,0,1,Blue,35,5,2,2,8785.218,0,0.84959424,2307.0,45.0,0.5773479,0.0,False,False,False,True,True,False,False,True,False,False,True,1,1,0.0029,0.9971,$40K - $60K
53,0,2,2,Blue,36,3,3,4,2575.0,411,0.833,1757.0,45.0,0.593,0.16,False,False,False,False,False,True,False,False,False,True,False,1,1,0.0002,0.9998,$40K - $60K
50,0,1,1,Blue,40,3,3,1,2492.0,1410,0.835,1826.0,35.0,0.974,0.566,True,False,False,False,False,False,False,False,False,False,True,0,0,0.9999,0.0001,Less than $40K
57,0,0,2,Blue,39,2,3,3,1704.8525,0,0.68987006,799.0,17.0,0.5919923,0.0,False,True,False,True,False,False,False,False,False,True,True,1,1,0.0001,0.9999,Less than $40K
38,0,2,2,Blue,36,3,2,2,1536.7981,0,0.66921777,2121.0,60.0,0.40597296,0.0,False,True,False,False,False,True,False,False,False,True,False,1,1,0.0,1.0,Unknown
42,0,3,1,Blue,33,3,3,2,1438.3,0,0.4641523,1468.0,29.0,0.47373658,0.0,False,False,True,False,True,False,True,False,True,False,False,1,1,0.0004,0.9996,Less than $40K
36,1,3,1,Blue,27,3,1,2,7056.0,0,0.815,1482.0,46.0,0.842,0.0,False,False,True,False,False,False,False,False,True,False,False,0,0,0.9878,0.0122,$80K - $120K
62,1,0,1,Blue,36,6,3,3,3674.0,895,0.658,1726.0,37.0,0.371,0.244,False,True,False,False,False,False,False,True,False,False,False,0,0,0.9996,0.0004,$80K - $120K
46,1,3,0,Blue,38,2,3,2,10051.189,0,0.76834303,1806.0,31.0,0.5247956,0.0,True,False,True,False,False,False,False,True,True,False,False,1,1,0.0002,0.9998,$60K - $80K
50,1,1,1,Blue,39,6,3,4,14817.0,1463,0.795,1405.0,43.0,0.628,0.099,False,False,False,False,True,False,False,False,True,False,False,0,0,0.9999,0.0001,$80K - $120K
48,0,3,2,Blue,32,1,2,3,2648.0,1539,0.94,2052.0,50.0,0.816,0.581,False,False,True,False,False,False,False,False,False,True,False,0,0,1.0,0.0,Less than $40K
37,0,1,2,Blue,36,2,3,2,1458.4827,489,0.543,1175.0,34.0,0.5511802,0.33597928,False,False,True,False,True,False,False,False,False,True,False,1,1,0.0,1.0,Less than $40K
45,0,1,1,Blue,37,4,2,4,1537.261,0,0.53064704,1786.0,37.0,0.3435611,0.0,False,True,False,False,False,False,True,False,False,True,False,1,1,0.0001,0.9999,Less than $40K
51,1,2,1,Blue,39,2,2,1,18073.408,70,0.7694902,1675.0,58.0,0.7870162,0.003966011,False,True,False,False,False,False,True,False,False,False,False,1,1,0.0188,0.9812,Less than $40K
42,1,4,1,Blue,38,1,4,1,2444.0,0,0.788,1200.0,36.0,1.174,0.0,False,False,False,False,True,False,True,False,False,False,False,0,1,0.4126,0.5874,$80K - $120K
39,0,2,1,Blue,26,5,3,2,3471.0,2517,0.743,1283.0,37.0,0.889,0.725,False,False,False,False,True,False,False,False,False,True,False,0,0,0.9987,0.0013,Unknown
46,0,3,2,Blue,41,2,3,2,3144.361,2482,0.4428627,1937.0,57.0,0.40923455,0.7894732,False,True,True,False,False,False,False,False,False,True,False,1,1,0.0001,0.9999,$40K - $60K
49,0,2,1,Blue,41,2,3,1,3711.8735,2517,0.6933702,2033.0,38.0,0.62034935,0.67829573,False,False,True,False,True,False,True,False,False,True,False,1,1,0.0005,0.9995,Unknown
46,1,2,1,Blue,36,3,2,2,5746.0,1572,0.937,1915.0,37.0,1.0,0.274,False,False,False,False,False,True,False,True,False,False,False,0,0,0.9987,0.0013,$60K - $80K
41,0,3,3,Blue,36,2,3,1,13733.0,0,0.325,1988.0,36.0,0.875,0.0,False,False,False,False,True,False,False,False,False,False,True,1,1,0.0362,0.9638,$40K - $60K
42,0,3,1,Blue,35,2,3,3,4493.634,0,0.76243395,1648.0,30.0,0.3946996,0.0,False,False,True,False,False,False,True,False,False,False,False,1,1,0.0,1.0,$120K +
54,0,3,1,Blue,36,1,3,2,8425.286,1898,0.38570985,1902.0,45.0,0.3739431,0.22583076,False,False,True,False,True,False,False,False,False,True,True,1,1,0.0111,0.9889,Less than $40K
52,1,2,1,Blue,39,2,2,4,4551.241,0,0.60919553,1454.0,35.0,0.5259653,0.0,False,True,False,False,False,True,False,False,True,False,False,1,1,0.0003,0.9997,$80K - $120K
42,0,4,1,Blue,37,2,1,3,6551.0,1718,1.207,838.0,24.0,0.623,0.262,False,False,False,False,False,True,False,False,False,True,False,0,0,0.9998,0.0002,$60K - $80K
43,0,2,1,Blue,32,2,3,1,2890.0,1392,0.736,1918.0,61.0,0.791,0.482,False,True,False,False,False,False,False,False,False,True,False,0,0,1.0,0.0,$120K +
39,0,2,1,Blue,32,3,2,2,2103.2654,1745,0.751662,837.0,25.0,0.7678828,0.8311016,False,True,False,False,False,False,False,False,False,True,False,1,1,0.0109,0.9891,$80K - $120K
50,1,4,1,Blue,38,6,3,3,2845.0,1153,0.836,4311.0,78.0,0.941,0.405,False,True,False,False,False,False,True,False,False,False,False,0,0,1.0,0.0,Less than $40K
53,1,3,1,Blue,46,1,2,2,13670.0,0,0.819,1567.0,33.0,0.653,0.0,False,True,False,False,False,False,False,False,False,False,False,0,0,0.9979,0.0021,Unknown
56,0,4,1,Blue,36,5,1,1,2072.0,1543,0.486,1905.0,39.0,0.391,0.745,False,False,True,False,False,False,True,False,False,False,False,0,0,0.9996,0.0004,Less than $40K
42,0,2,1,Blue,30,4,2,3,1498.3062,853,0.647931,1422.0,26.0,0.8298711,0.5692165,False,False,True,False,True,False,False,False,False,True,True,1,1,0.0018,0.9982,$40K - $60K
36,0,2,1,Blue,24,3,1,3,3124.0,1593,0.869,1680.0,32.0,0.367,0.51,False,True,False,False,False,False,False,False,False,True,False,0,0,0.9982,0.0018,$80K - $120K
48,1,3,1,Blue,42,1,1,3,9959.0,0,0.688,1652.0,41.0,0.143,0.0,False,False,True,False,False,False,False,False,True,False,False,1,1,0.0001,0.9999,Less than $40K
40,0,3,1,Silver,36,5,2,2,6039.2827,1531,0.7786911,1158.0,26.0,0.45005223,0.2538691,False,True,False,False,False,False,True,True,False,False,False,1,1,0.0031,0.9969,Less than $40K
54,0,3,2,Blue,49,6,2,3,13184.0,0,1.166,1797.0,46.0,0.179,0.0,False,False,False,False,False,False,False,False,False,False,True,1,1,0.2035,0.7965,$40K - $60K
45,0,2,0,Blue,34,3,3,3,3551.5667,2517,0.7268602,1911.0,55.0,0.7203446,0.7089852,True,False,False,True,False,False,False,False,False,True,False,1,1,0.0011,0.9989,$60K - $80K
30,0,1,2,Blue,29,3,2,3,5155.53,0,0.6185542,1260.0,27.0,0.75947446,0.0,False,True,False,False,False,False,True,False,False,True,False,1,1,0.0022,0.9978,$40K - $60K
44,0,1,0,Blue,36,5,3,3,3052.0427,0,0.8677618,1489.0,45.0,0.4689289,0.0,False,False,False,False,False,False,True,False,False,True,False,1,1,0.0003,0.9997,Less than $40K
31,0,0,1,Blue,26,3,1,1,3540.0,1173,1.106,1794.0,31.0,0.667,0.331,False,True,False,False,False,False,False,False,False,True,False,0,0,0.9995,0.0005,$80K - $120K
54,0,2,1,Blue,44,3,2,3,2027.0,1480,0.979,1510.0,42.0,0.947,0.73,False,True,False,False,False,False,False,False,False,True,False,0,0,0.9977,0.0023,$60K - $80K
54,0,3,1,Blue,49,4,1,3,1906.0,1271,0.574,3231.0,47.0,0.682,0.667,False,True,False,False,False,False,False,False,False,True,False,0,0,0.9994,0.0006,$80K - $120K
56,0,2,1,Blue,51,4,1,3,1796.0,1243,0.768,1274.0,32.0,0.891,0.692,False,False,True,False,False,False,False,False,False,False,True,0,0,1.0,0.0,$60K - $80K
59,1,0,2,Blue,48,5,1,3,4906.0,1302,0.862,1572.0,57.0,0.905,0.265,False,False,False,False,True,False,False,True,False,False,False,0,0,0.9998,0.0002,$40K - $60K
48,0,2,1,Blue,43,3,2,4,9559.0,1514,0.716,1935.0,41.0,0.556,0.158,False,True,False,False,False,False,True,False,False,False,False,0,0,0.9998,0.0002,$80K - $120K
57,0,2,2,Blue,45,4,1,3,2454.0,1610,1.036,2187.0,59.0,0.795,0.656,False,False,True,False,False,False,False,False,False,True,False,0,0,0.9999,0.0001,$60K - $80K
57,1,2,2,Blue,36,6,3,0,8026.0,2202,0.586,1417.0,25.0,0.6,0.274,False,False,True,False,False,False,False,False,True,False,False,0,0,0.9999,0.0001,$40K - $60K
43,0,3,3,Blue,13,6,2,1,2605.0,2269,0.881,1465.0,31.0,0.837,0.871,False,False,True,False,False,False,False,False,False,True,False,0,0,0.9978,0.0022,$80K - $120K
43,0,3,1,Blue,36,2,2,2,2440.0,1002,0.061,1570.0,45.0,0.105,0.411,False,False,False,False,False,True,False,False,False,True,False,1,1,0.0032,0.9968,$60K - $80K
42,1,2,0,Blue,24,2,2,3,1896.6825,0,0.67571586,1445.0,40.0,0.69336486,0.0,False,True,False,False,False,False,False,True,True,False,False,1,1,0.0001,0.9999,$40K - $60K
50,0,2,2,Blue,40,2,3,2,30092.074,522,0.65366656,694.0,15.0,0.5978265,0.017521707,False,True,True,False,False,False,False,True,False,False,True,1,1,0.0004,0.9996,Less than $40K
64,1,0,1,Platinum,49,1,2,2,1438.3,923,0.6789398,1929.0,40.0,0.571955,0.6420875,False,True,True,False,False,False,False,False,False,True,False,1,1,0.004,0.996,Unknown
42,0,2,1,Blue,32,6,6,0,1592.0,0,0.745,2447.0,64.0,0.75,0.0,True,False,False,False,False,False,False,False,False,True,False,0,0,0.9998,0.0002,$80K - $120K
59,0,0,1,Blue,40,1,4,1,1438.3,0,1.038,1306.0,31.0,0.353,0.0,False,False,False,True,False,False,True,False,False,False,False,1,1,0.0002,0.9998,$80K - $120K
44,0,3,1,Blue,31,2,3,3,1438.3,0,0.3586881,646.0,10.0,0.4336733,0.0,True,True,False,False,False,False,False,False,False,True,False,1,1,0.0,1.0,$80K - $120K
56,0,2,1,Blue,50,3,5,2,2400.885,282,0.8570885,1236.0,35.0,0.50477123,0.11736909,False,False,False,False,True,True,False,False,False,True,True,1,1,0.0005,0.9995,Less than $40K
51,1,2,0,Blue,40,1,3,3,34516.0,2394,0.7210991,2513.0,63.0,0.5396865,0.06943894,False,False,False,False,True,False,False,False,True,False,False,1,1,0.0112,0.9888,$60K - $80K
46,0,3,2,Blue,36,1,3,3,1706.7136,0,0.72020215,2091.0,48.0,0.45558178,0.0,False,False,True,False,True,False,True,False,False,False,True,1,1,0.0,1.0,$40K - $60K
49,0,4,2,Blue,44,4,2,2,2659.0,0,0.84,854.0,22.0,0.884,0.0,False,False,False,False,True,False,False,False,False,True,False,0,0,0.9997,0.0003,Less than $40K
46,0,2,2,Blue,30,4,3,2,1438.3,692,0.7354689,1848.0,25.0,0.59185654,0.48080027,False,False,False,False,True,True,True,True,False,False,False,1,1,0.0002,0.9998,$60K - $80K
54,0,0,1,Blue,44,6,3,1,2945.0,2206,0.983,949.0,17.0,0.842,0.749,False,False,False,False,False,True,False,False,False,True,False,0,0,0.9999,0.0001,Less than $40K
39,0,2,1,Blue,26,4,1,1,3649.0,929,0.633,1371.0,37.0,0.75,0.255,False,True,False,False,False,False,True,False,False,False,False,0,0,0.9999,0.0001,$60K - $80K
48,0,1,2,Blue,40,3,3,1,1438.3,0,0.60444736,1804.0,49.0,0.51971966,0.0,False,False,True,False,False,False,False,False,False,True,True,1,1,0.0005,0.9995,Less than $40K
48,0,1,1,Blue,39,3,3,3,4844.0,1576,0.809,1605.0,43.0,0.6,0.325,True,False,False,False,False,False,False,False,False,True,False,0,0,0.9922,0.0078,$60K - $80K
53,1,1,2,Blue,39,2,5,4,2398.5354,704,0.641044,1463.0,38.0,0.5788763,0.29327518,False,True,True,False,False,False,True,True,False,False,False,1,1,0.0023,0.9977,$120K +
44,1,2,1,Blue,34,2,3,3,7267.634,846,0.66203934,1279.0,41.0,0.4015442,0.11668302,True,True,False,False,False,False,True,True,False,False,False,1,1,0.0019,0.9981,$60K - $80K
43,0,4,1,Blue,36,5,3,3,3006.0,879,0.759,1470.0,28.0,0.74,0.292,False,False,False,False,True,False,False,False,False,True,False,0,0,0.9999,0.0001,$80K - $120K
48,0,2,2,Blue,34,2,3,1,3072.0,1734,0.754,1265.0,38.0,0.857,0.564,False,False,False,False,True,False,True,False,False,False,False,0,0,1.0,0.0,Less than $40K
51,0,4,0,Blue,41,3,3,1,12008.809,27,0.8990937,2002.0,60.0,0.80199236,0.002624862,False,False,True,False,True,False,False,False,True,False,True,1,1,0.0006,0.9994,Less than $40K
47,1,1,2,Blue,36,5,3,0,6509.0,2033,0.83,1475.0,33.0,0.37,0.312,False,True,False,False,False,False,True,False,False,False,False,0,0,0.999,0.001,$80K - $120K
46,0,1,3,Silver,34,1,3,1,2762.0,1793,0.901,1419.0,30.0,0.66,0.649,False,False,False,False,False,True,False,False,False,True,False,0,0,0.9998,0.0002,$40K - $60K
43,1,1,1,Blue,36,3,2,3,24737.13,1048,0.5258514,1628.0,37.0,0.93973124,0.041991204,False,True,False,False,False,False,False,False,True,False,False,1,1,0.1998,0.8002,Less than $40K
55,0,3,2,Blue,43,6,3,4,1844.0,0,0.729,1337.0,29.0,0.608,0.0,False,False,False,False,False,False,False,False,False,True,False,0,0,0.9999,0.0001,Less than $40K
39,0,2,2,Blue,36,5,1,1,11314.0,0,0.674,1135.0,27.0,0.628,0.0,False,True,False,False,False,False,True,False,False,False,False,0,0,0.9999,0.0001,$40K - $60K
35,1,4,2,Blue,26,2,1,1,24250.0,0,0.753,1161.0,26.0,0.768,0.0,False,False,True,False,False,False,False,False,True,False,False,0,0,0.9992,0.0008,$120K +
50,1,1,2,Blue,41,6,1,2,2826.0,1741,0.669,1571.0,38.0,0.825,0.616,True,False,False,False,False,False,False,False,True,False,False,0,0,1.0,0.0,$80K - $120K
52,1,4,1,Blue,39,5,1,3,2641.0,1584,0.809,1916.0,40.0,0.718,0.6,False,False,False,False,True,False,False,True,False,False,False,0,0,1.0,0.0,$80K - $120K
48,0,2,2,Blue,35,1,3,4,4586.5176,0,0.95926553,1346.0,30.0,0.69082296,0.0,False,True,True,False,False,False,True,False,False,True,False,1,1,0.0001,0.9999,$40K - $60K
49,0,4,1,Blue,43,5,3,4,2574.0,1555,0.583,805.0,24.0,0.55,0.604,False,False,True,False,False,False,False,False,False,True,False,0,0,0.9995,0.0005,$80K - $120K
53,0,1,3,Blue,35,4,3,3,3585.0,0,0.782,1195.0,18.0,0.653,0.0,False,False,False,False,False,False,True,False,False,False,False,0,0,0.9994,0.0006,$60K - $80K
39,0,1,2,Blue,22,1,1,3,4827.79,0,0.883597,1155.0,34.0,0.9146811,0.0,False,True,False,False,False,True,True,False,False,True,False,1,1,0.0,1.0,Less than $40K
54,0,2,1,Blue,39,5,2,2,3696.643,2517,0.75940233,1431.0,34.0,0.6328801,0.68097454,True,False,True,False,False,False,False,False,False,True,True,1,1,0.0003,0.9997,Less than $40K
37,0,3,2,Blue,29,3,3,3,1653.0,0,0.517,1194.0,25.0,0.296,0.0,False,False,True,False,False,False,False,False,False,True,False,1,1,0.0,1.0,$60K - $80K
50,1,3,2,Blue,31,5,3,3,9949.0,1597,0.659,1154.0,33.0,0.596,0.161,False,False,True,False,False,False,True,False,False,False,False,0,0,1.0,0.0,Less than $40K
41,1,4,1,Blue,34,1,3,3,34516.0,2517,0.434,1232.0,34.0,1.05,0.073,False,False,False,False,False,True,False,False,False,False,False,0,1,0.03,0.97,Less than $40K
54,0,0,1,Blue,36,5,3,4,5399.0,1723,0.765,1269.0,30.0,0.889,0.319,False,True,False,False,False,False,False,False,False,True,False,0,0,0.9997,0.0003,Less than $40K
47,1,3,0,Blue,34,5,1,3,1626.0,1013,0.826,1742.0,35.0,0.729,0.623,False,False,False,False,True,False,False,False,True,False,False,0,0,0.9996,0.0004,$60K - $80K
44,0,2,0,Blue,27,4,2,3,5608.0,1243,0.497,1379.0,26.0,0.396,0.222,False,False,False,False,True,False,True,False,False,False,False,0,0,0.999,0.001,$80K - $120K
47,0,4,2,Blue,36,1,1,0,1438.3,0,0.61,1870.0,35.0,0.66,0.0,False,False,False,False,True,False,True,False,False,False,False,0,0,0.9998,0.0002,$40K - $60K
45,1,4,1,Blue,33,6,1,3,34516.0,2086,0.986,1207.0,32.0,0.958,0.06,False,False,False,False,False,True,False,False,False,False,False,0,0,0.9998,0.0002,$80K - $120K
52,0,3,1,Blue,36,2,3,2,1919.8707,1461,0.40062326,781.0,15.0,0.5486533,0.7611438,False,False,True,False,True,False,True,False,False,True,False,1,1,0.0,1.0,$60K - $80K
39,0,3,1,Blue,28,3,3,3,1438.3,0,0.69779325,1773.0,38.0,0.58392423,0.0,False,True,True,False,False,False,False,False,False,True,False,1,1,0.0,1.0,$60K - $80K
42,0,1,1,Blue,29,2,3,3,3422.0,0,0.506,864.0,20.0,0.682,0.0,False,True,False,False,False,False,False,False,False,True,False,0,0,0.9973,0.0027,Less than $40K
44,0,3,1,Silver,31,3,3,4,4985.0,1379,0.896,1559.0,39.0,0.605,0.277,False,False,True,False,False,False,False,False,False,True,False,0,0,0.9975,0.0025,Unknown
47,1,3,2,Blue,40,3,2,3,19010.91,0,0.75274634,1830.0,64.0,0.4756227,0.0,False,True,False,False,True,False,False,True,False,False,True,1,1,0.0017,0.9983,$60K - $80K
61,0,0,1,Blue,55,3,2,2,2146.1748,551,0.8452411,1542.0,43.0,0.14613843,0.25738692,False,True,False,False,False,False,False,False,False,True,False,1,1,0.011,0.989,Unknown
41,1,4,1,Silver,30,4,6,1,2450.0,1967,0.589,1506.0,47.0,0.611,0.803,False,False,False,False,False,True,False,False,False,True,False,0,0,0.9993,0.0007,$80K - $120K
50,1,2,1,Blue,42,6,1,1,9873.0,1276,0.791,1175.0,41.0,0.745,0.129,False,False,False,True,False,False,False,False,True,False,False,0,0,1.0,0.0,Unknown
49,0,1,1,Blue,39,3,4,2,2904.0,2203,0.796,1383.0,20.0,0.692,0.759,False,False,False,False,False,True,False,False,False,True,False,0,0,0.9997,0.0003,$80K - $120K
45,0,4,2,Blue,40,5,4,3,1438.3,0,0.605,1837.0,57.0,0.64,0.0,False,False,False,False,False,True,False,False,False,True,False,1,1,0.0006,0.9994,$80K - $120K
36,0,4,1,Blue,31,5,2,3,2517.0,1336,0.755,1191.0,40.0,0.804,0.531,False,False,False,False,True,False,True,False,False,False,False,0,0,0.9998,0.0002,$60K - $80K
49,0,5,1,Blue,33,6,3,2,2506.0,1549,0.752,1793.0,53.0,0.936,0.618,False,False,True,False,False,False,True,False,False,False,False,0,0,1.0,0.0,$40K - $60K
51,0,2,1,Blue,46,3,1,3,4882.0,695,0.508,1560.0,49.0,0.517,0.142,False,False,False,False,False,False,True,False,False,False,False,1,0,0.957,0.043,$120K +
44,0,2,2,Blue,36,5,2,2,2097.0,1224,0.819,1564.0,59.0,0.681,0.584,False,False,False,False,True,False,False,False,False,True,False,0,0,0.9999,0.0001,$120K +
44,0,5,3,Blue,33,4,3,2,13349.0,0,0.882,1843.0,38.0,0.902,0.0,False,False,True,False,False,False,False,False,False,False,True,0,0,0.9999,0.0001,$60K - $80K
46,1,3,0,Blue,34,4,3,0,11501.0,713,0.84,2165.0,61.0,0.519,0.062,False,False,False,False,True,False,False,True,False,False,False,0,0,0.9577,0.0423,$60K - $80K
41,1,3,2,Blue,26,4,3,2,11806.0,1811,0.754,1631.0,41.0,0.476,0.153,False,True,False,False,False,False,False,False,True,False,False,0,0,0.982,0.018,$40K - $60K
51,1,2,0,Blue,38,4,2,3,21382.0,1692,0.731,1265.0,32.0,0.65,0.079,False,False,False,False,False,True,False,False,True,False,False,0,0,0.9989,0.0011,$40K - $60K
44,0,3,1,Blue,32,4,2,2,1613.4844,0,0.70949143,1455.0,35.0,0.51196146,0.0,False,False,True,False,False,True,True,True,False,False,False,1,1,0.0001,0.9999,$80K - $120K
37,1,2,2,Blue,36,2,2,2,7359.556,0,0.5903398,1137.0,27.0,0.5834437,0.0,False,False,True,False,False,False,False,False,False,False,False,1,1,0.0003,0.9997,$40K - $60K
47,0,2,2,Blue,36,5,2,2,8097.5195,0,0.60721624,1367.0,35.0,0.33767173,0.0,False,True,False,False,False,True,False,False,True,True,False,1,1,0.0021,0.9979,$40K - $60K
42,0,4,2,Blue,36,6,2,3,1438.3,674,1.769,1292.0,26.0,1.292,0.469,False,False,False,True,False,False,False,False,False,True,False,0,0,0.9993,0.0007,$40K - $60K
26,0,0,2,Blue,16,6,2,4,1612.0,835,0.588,1682.0,46.0,0.379,0.518,False,False,False,False,False,True,True,False,False,False,False,0,0,0.9848,0.0152,$40K - $60K
44,0,3,1,Blue,33,2,2,4,11101.376,0,0.43640187,1598.0,39.0,0.23338458,0.0,False,True,False,False,False,False,False,False,False,False,True,1,1,0.0001,0.9999,Less than $40K
37,0,2,2,Blue,28,3,1,1,5880.4414,2517,0.872883,1555.0,39.0,0.5508402,0.42857,False,False,True,False,False,True,False,False,False,True,True,1,1,0.016,0.984,Less than $40K
46,0,3,0,Blue,36,1,3,2,3515.0,0,0.876,2409.0,36.0,0.841,0.0,False,True,False,False,False,False,False,False,False,False,True,0,0,0.9911,0.0089,$80K - $120K
47,1,2,1,Blue,39,3,3,3,3113.2144,0,0.6741062,1770.0,65.0,0.3735946,0.0,False,False,False,False,True,True,True,True,False,False,False,1,1,0.0003,0.9997,$80K - $120K
45,1,2,2,Blue,30,3,1,3,21815.0,0,0.807,1526.0,45.0,1.118,0.0,False,False,False,False,False,True,False,True,False,False,False,0,0,0.9994,0.0006,$60K - $80K
27,1,0,1,Blue,15,4,3,4,3682.0,0,0.685,891.0,28.0,0.75,0.0,False,False,False,False,True,False,True,False,False,False,False,0,0,0.9932,0.0068,$40K - $60K
56,1,3,1,Blue,40,3,3,2,20501.0,561,0.779,1756.0,42.0,0.678,0.027,False,True,False,False,False,False,False,True,False,False,False,0,0,0.9982,0.0018,Less than $40K
49,0,5,3,Blue,36,1,3,2,3272.0,2085,0.417,1241.0,22.0,0.627,0.637,False,True,False,False,False,False,False,False,False,True,False,0,0,0.9995,0.0005,$40K - $60K
49,0,2,1,Blue,36,4,3,3,2156.6008,0,0.6295899,1681.0,43.0,0.58082724,0.0,False,True,True,False,False,False,False,False,False,True,False,1,1,0.0002,0.9998,$80K - $120K
39,0,2,1,Blue,36,1,3,5,15619.49,280,0.81590384,1224.0,32.0,0.7249011,0.01844533,True,False,False,False,False,True,False,False,False,True,False,1,1,0.0041,0.9959,Less than $40K
55,0,2,2,Blue,49,1,0,6,1438.3,0,0.608,1572.0,38.0,0.727,0.0,False,False,False,False,False,False,False,False,False,False,True,1,1,0.0634,0.9366,$80K - $120K
41,0,1,1,Blue,32,6,3,1,2413.0,1627,0.726,1566.0,50.0,0.771,0.674,False,True,False,False,False,False,True,False,False,False,False,0,0,0.9998,0.0002,$80K - $120K
31,1,1,2,Blue,25,5,3,3,1935.0,1033,0.623,1579.0,40.0,1.0,0.534,False,True,False,False,False,False,True,False,False,False,False,0,0,0.9876,0.0124,Unknown
32,1,0,1,Blue,26,6,2,3,5478.0,1491,1.304,1334.0,31.0,0.571,0.272,False,False,False,True,False,False,False,True,False,False,False,0,0,0.9995,0.0005,$60K - $80K
39,0,2,1,Blue,24,3,2,3,7946.205,1220,0.5436409,1230.0,34.0,0.5599986,0.15435757,False,True,False,False,False,False,True,False,False,True,False,1,1,0.0024,0.9976,$120K +
37,0,1,2,Blue,36,6,2,4,6827.0,0,0.754,767.0,25.0,0.815,0.0,False,True,False,False,False,False,False,False,False,True,False,0,1,0.1783,0.8217,$60K - $80K
49,0,1,1,Blue,34,2,2,2,2241.677,2016,0.6830928,724.0,16.0,0.43583676,0.8996024,False,True,False,False,True,False,False,False,False,True,False,1,1,0.0001,0.9999,Unknown
48,0,2,2,Blue,40,3,3,3,1724.0066,0,0.5833014,1638.0,49.0,0.8078881,0.0,False,False,True,False,False,True,True,False,False,True,False,1,1,0.0,1.0,$80K - $120K
54,0,2,2,Blue,46,3,2,3,4170.0,641,0.815,1349.0,47.0,0.595,0.154,False,False,False,False,False,True,False,False,False,True,False,0,0,0.9994,0.0006,Less than $40K
59,1,0,2,Blue,46,3,3,3,1648.0,997,0.776,1751.0,48.0,0.565,0.605,False,False,False,False,True,False,True,False,False,False,False,0,0,0.9712,0.0288,$120K +
45,0,0,1,Blue,38,4,3,3,4096.0,1468,0.627,1414.0,40.0,0.737,0.358,False,True,False,False,False,False,False,False,False,True,False,0,0,0.9998,0.0002,Less than $40K
53,1,1,2,Blue,43,2,3,4,16031.741,0,0.5496379,1260.0,32.0,0.7276463,0.0,False,False,True,False,True,False,False,True,False,False,False,1,1,0.0001,0.9999,Less than $40K
46,1,3,2,Blue,34,4,3,3,9959.0,0,1.049,965.0,27.0,0.524,0.0,False,False,False,False,False,True,False,False,True,False,False,1,1,0.0194,0.9806,Less than $40K
51,0,1,1,Blue,36,3,3,3,2141.097,1716,0.8971907,1121.0,25.0,0.59843737,0.802,False,False,True,False,False,False,False,False,False,True,True,1,1,0.0022,0.9978,Unknown
42,1,3,1,Blue,33,3,2,2,7891.2407,2517,0.5818974,1411.0,28.0,0.57449925,0.3192722,True,False,False,False,False,True,False,True,False,False,False,1,1,0.0028,0.9972,Unknown
42,1,3,2,Blue,36,6,1,3,11535.0,1527,0.664,1602.0,49.0,0.718,0.132,True,False,False,False,False,False,False,True,False,False,False,0,0,1.0,0.0,$40K - $60K
56,1,3,1,Blue,45,6,2,4,1813.0,1387,0.406,1617.0,47.0,0.231,0.765,False,False,False,False,False,True,True,False,False,False,False,0,0,0.9914,0.0086,$60K - $80K
46,0,3,2,Blue,37,3,2,3,5163.332,0,0.6277108,1244.0,36.0,0.47166783,0.0,False,False,False,False,False,True,True,False,False,False,False,1,1,0.002,0.998,$120K +
32,1,0,1,Blue,28,5,1,2,3172.0,2055,0.663,1263.0,29.0,0.636,0.648,False,False,True,False,False,False,True,False,False,False,False,0,0,0.9997,0.0003,Less than $40K
60,1,1,2,Blue,45,2,3,3,7502.6123,2408,1.0216787,1036.0,25.0,0.6744488,0.32012698,False,False,True,False,False,True,True,True,False,False,False,1,1,0.0346,0.9654,$40K - $60K
36,1,4,0,Blue,29,3,2,2,1651.0,770,0.736,1217.0,39.0,0.385,0.466,False,True,False,False,False,False,False,False,False,False,False,0,1,0.3691,0.6309,$60K - $80K
39,0,2,1,Blue,34,4,5,2,1438.3,859,0.808,1556.0,35.0,0.674,0.597,False,True,False,False,False,False,False,False,False,True,False,0,0,0.9999,0.0001,$80K - $120K
44,0,3,2,Blue,35,1,2,3,1438.3,0,0.35613576,2005.0,62.0,0.45526204,0.0,True,True,False,False,False,False,False,False,False,True,False,1,1,0.0,1.0,$40K - $60K
54,0,1,1,Blue,49,4,3,6,2471.0,0,0.722,1698.0,67.0,0.522,0.0,False,False,False,False,False,True,True,False,False,False,False,1,1,0.0003,0.9997,$80K - $120K
43,1,3,1,Blue,36,4,3,2,34516.0,2428,0.85479313,2041.0,45.0,0.73591167,0.07024137,False,False,True,False,False,True,False,True,True,False,False,1,1,0.0023,0.9977,$80K - $120K
53,0,3,1,Blue,41,5,3,3,1548.2416,0,0.36165708,1102.0,31.0,0.4389225,0.0,False,True,False,False,False,True,True,False,False,True,False,1,1,0.0001,0.9999,$80K - $120K
50,1,0,2,Blue,38,5,2,2,3460.0,1881,0.622,1346.0,30.0,1.059,0.544,True,False,False,False,False,False,False,False,True,False,False,0,0,0.9996,0.0004,Less than $40K
56,0,1,1,Blue,49,2,2,2,2604.0,1395,0.528,1511.0,35.0,0.7,0.536,False,False,False,False,False,True,True,False,False,False,False,0,0,0.9999,0.0001,$80K - $120K
49,1,3,1,Blue,32,4,3,3,3114.0,2208,0.824,1761.0,42.0,0.686,0.709,False,False,False,False,False,True,True,False,False,False,False,0,0,0.9998,0.0002,Less than $40K
45,0,1,1,Blue,35,4,2,4,3748.744,0,0.8705974,2117.0,61.0,0.50031453,0.0,False,False,False,False,True,False,True,False,False,True,False,1,1,0.0,1.0,Less than $40K
41,0,3,1,Blue,28,3,2,2,3440.2385,0,0.532373,596.0,15.0,0.49655133,0.0,False,False,True,False,True,False,False,False,True,True,False,1,1,0.0035,0.9965,$40K - $60K
49,0,2,2,Blue,36,3,2,1,6371.0,1946,0.582,2560.0,46.0,0.756,0.305,False,False,False,False,False,False,True,False,False,False,False,0,0,1.0,0.0,$40K - $60K
43,0,3,1,Gold,32,4,3,3,2701.5713,2496,0.63962185,1409.0,39.0,0.6058509,0.9244141,False,True,False,False,False,True,True,False,False,True,False,1,1,0.0,1.0,$60K - $80K
53,0,1,3,Blue,43,2,2,2,3629.0,2517,0.735,1759.0,33.0,0.759,0.694,False,False,False,False,False,True,False,False,False,True,False,0,0,0.9986,0.0014,Unknown
38,0,3,2,Blue,29,1,2,4,4739.4673,2314,0.47001514,1886.0,66.0,0.6010821,0.48826155,False,False,False,True,False,True,False,False,True,False,True,1,1,0.0001,0.9999,$40K - $60K
44,1,4,1,Blue,38,3,1,3,2440.0,1501,0.744,915.0,29.0,0.66,0.615,False,False,False,False,False,True,False,True,False,False,False,0,0,1.0,0.0,$60K - $80K
54,0,1,2,Silver,36,6,3,3,4717.0,1590,0.802,1343.0,41.0,0.595,0.337,False,False,True,False,False,False,True,False,False,False,False,0,0,0.9999,0.0001,$60K - $80K
47,0,2,1,Blue,39,2,2,2,10059.914,0,0.78835714,1870.0,56.0,0.5070141,0.0,False,False,True,False,False,False,False,True,False,False,True,1,1,0.0001,0.9999,Unknown
50,1,2,1,Blue,38,1,2,4,17316.268,0,0.7075393,1557.0,25.0,0.48760715,0.0,True,False,False,False,False,False,False,False,True,False,False,1,1,0.0055,0.9945,$40K - $60K
45,0,4,1,Blue,36,5,2,2,2225.0,0,0.611,1824.0,49.0,0.771,0.0,False,False,True,False,False,False,False,False,False,True,False,0,0,0.9999,0.0001,$80K - $120K
55,0,3,2,Blue,47,5,4,3,2687.0,1689,0.714,1294.0,26.0,0.789,0.629,False,False,True,False,False,False,True,False,False,False,False,1,1,0.0578,0.9422,$60K - $80K
38,1,2,1,Blue,26,4,1,3,5815.0,1698,0.896,1545.0,31.0,0.448,0.292,False,False,True,False,False,False,False,True,False,False,False,0,0,0.9979,0.0021,$60K - $80K
51,0,1,1,Blue,39,5,3,2,1438.3,0,0.885,820.0,25.0,0.296,0.0,False,True,False,False,False,False,False,False,False,True,False,1,1,0.0003,0.9997,Less than $40K
49,0,1,1,Blue,36,2,3,2,3423.0,2186,0.671,1675.0,47.0,0.875,0.639,False,True,False,False,False,False,False,False,False,True,False,0,0,0.9999,0.0001,$40K - $60K
53,0,2,1,Blue,42,3,5,1,3024.0,1649,0.587,1678.0,37.0,0.679,0.545,False,True,False,False,False,False,True,False,False,False,False,0,0,1.0,0.0,$80K - $120K
48,0,2,1,Blue,42,1,1,2,9890.403,0,0.70548546,2117.0,48.0,0.17414823,0.0,False,False,True,False,False,False,False,False,True,False,True,1,1,0.0,1.0,$120K +
60,0,1,2,Blue,50,4,1,2,4606.0,0,0.857,1721.0,56.0,1.032,0.0,False,False,False,True,False,False,True,False,False,False,False,0,0,0.9956,0.0044,$80K - $120K
41,1,3,2,Blue,33,6,1,4,5246.0,0,0.969,1267.0,23.0,0.556,0.0,False,False,False,False,False,False,False,True,False,False,False,0,0,0.9866,0.0134,$120K +
40,0,5,1,Blue,30,3,2,2,2114.0,1618,0.664,1562.0,33.0,0.692,0.765,False,True,False,False,False,False,False,False,False,True,False,0,0,1.0,0.0,$80K - $120K
38,1,3,1,Blue,32,3,1,2,7709.0,2227,1.295,1193.0,35.0,0.848,0.289,False,True,False,False,False,False,False,True,False,False,False,0,0,0.9998,0.0002,Less than $40K
42,0,3,1,Blue,35,3,3,4,3819.8489,1317,0.6343362,1254.0,34.0,0.38031092,0.34479833,False,True,False,False,False,False,False,False,False,True,False,1,1,0.034,0.966,$80K - $120K
41,0,3,1,Blue,31,5,2,4,3000.916,1214,0.4274523,1731.0,32.0,0.5503059,0.40407258,False,False,False,True,True,False,True,False,False,False,True,1,1,0.0009,0.9991,Unknown
55,1,2,1,Blue,50,5,2,4,2145.0,1207,0.521,1099.0,39.0,0.476,0.563,False,True,False,False,False,False,False,True,False,False,False,0,0,0.9998,0.0002,$120K +
58,1,1,2,Blue,54,1,3,1,5182.0,1459,0.72,747.0,19.0,0.697,0.282,False,False,False,False,True,False,False,False,True,False,False,0,0,0.9998,0.0002,Unknown
51,1,4,2,Blue,45,3,1,2,3031.0,1787,1.006,1352.0,35.0,0.7,0.59,False,False,True,False,False,False,False,True,False,False,False,0,0,1.0,0.0,$40K - $60K
42,0,3,2,Blue,34,3,3,3,16612.0,2517,0.602,1770.0,47.0,0.808,0.152,False,True,False,False,False,False,False,False,False,False,True,0,0,0.9998,0.0002,$120K +
48,0,2,1,Blue,34,3,3,2,8753.045,2492,0.63393456,1812.0,50.0,1.0477732,0.2854609,False,False,False,True,False,True,True,False,False,True,False,1,1,0.0013,0.9987,$120K +
61,0,1,2,Blue,54,3,2,2,2721.0,0,0.734,1673.0,58.0,0.682,0.0,False,True,False,False,False,False,False,False,False,True,False,0,1,0.0115,0.9885,$40K - $60K
57,0,3,2,Blue,44,3,1,2,2817.0,1864,0.7,2167.0,65.0,0.745,0.662,False,False,False,False,False,False,True,False,False,False,False,0,0,1.0,0.0,$40K - $60K
46,0,3,1,Blue,36,2,3,4,1804.0,0,0.537,2369.0,56.0,0.419,0.0,False,False,False,False,False,False,False,False,False,True,False,1,1,0.0001,0.9999,Less than $40K
38,0,4,1,Blue,22,4,3,4,2997.0,1969,1.235,1582.0,47.0,0.714,0.657,False,True,False,False,False,False,True,False,False,False,False,0,0,0.9981,0.0019,$80K - $120K
56,1,2,0,Blue,50,4,1,2,7261.0,1079,1.312,1800.0,33.0,1.071,0.149,False,False,False,False,True,False,False,True,False,False,False,0,0,0.9999,0.0001,Less than $40K
50,1,2,1,Blue,32,1,2,1,11552.0,1970,0.705,1567.0,44.0,0.548,0.171,False,False,False,False,False,True,False,True,False,False,False,0,0,0.9999,0.0001,$80K - $120K
38,0,1,1,Blue,31,3,1,3,7234.0,0,0.899,647.0,19.0,1.083,0.0,False,True,False,False,False,False,False,False,False,False,True,0,0,0.9741,0.0259,$60K - $80K
31,1,1,1,Blue,22,5,1,3,2685.0,1580,0.727,1447.0,39.0,0.636,0.588,False,False,False,True,False,False,False,True,False,False,False,0,0,0.9995,0.0005,$40K - $60K
44,0,4,1,Blue,30,1,3,1,6329.0,1643,0.706,1145.0,37.0,0.73,0.26,True,False,False,False,False,False,True,False,False,False,False,0,0,0.9996,0.0004,Less than $40K
54,0,1,1,Blue,34,4,3,3,2203.8127,490,0.7885878,3280.0,78.0,0.5883363,0.22248825,False,False,True,False,True,False,False,True,False,True,False,1,1,0.0004,0.9996,$80K - $120K
54,1,2,2,Blue,36,3,2,3,34516.0,0,0.628,1577.0,35.0,0.516,0.0,False,False,False,False,False,False,False,False,False,False,False,1,1,0.018,0.982,Less than $40K
52,0,0,1,Blue,37,6,2,2,7608.0,2373,0.95,1140.0,25.0,0.62,0.312,False,True,False,False,False,False,False,False,False,False,True,0,0,0.999,0.001,$60K - $80K
50,1,0,1,Blue,42,2,3,3,34516.0,2313,0.44503132,1736.0,40.0,0.49720594,0.06725691,False,False,True,False,False,False,False,False,True,False,False,1,1,0.009,0.991,$120K +
48,0,3,0,Gold,36,4,3,3,2335.0,1845,0.537,1436.0,36.0,0.269,0.79,False,False,False,False,False,False,False,False,False,True,False,0,0,0.9132,0.0868,Less than $40K
53,0,3,0,Blue,42,3,2,4,1529.0,563,0.785,1513.0,38.0,0.844,0.368,False,True,False,False,False,False,False,False,False,True,False,0,0,0.9999,0.0001,$120K +
41,1,2,1,Blue,36,4,2,3,16103.985,246,0.48632103,2505.0,69.0,0.7818619,0.01550982,False,False,False,False,False,True,False,False,False,False,False,1,1,0.0218,0.9782,Less than $40K
50,1,2,1,Blue,44,5,3,1,2205.0,1659,0.891,1723.0,51.0,0.674,0.752,False,False,False,False,False,True,False,True,False,False,False,0,0,0.9999,0.0001,Unknown
37,1,3,1,Blue,20,3,3,3,8260.0,2077,1.167,1695.0,48.0,0.621,0.251,False,True,False,False,False,False,False,False,True,False,False,0,0,0.9965,0.0035,Less than $40K
43,0,3,3,Blue,39,5,3,2,3370.0,2284,0.673,1532.0,44.0,0.628,0.678,False,False,True,False,False,False,False,False,False,True,False,0,0,0.9999,0.0001,$40K - $60K
47,0,4,1,Blue,39,6,2,2,3761.5613,2517,0.6066721,2110.0,43.0,0.66884285,0.6692616,True,False,False,False,False,False,False,False,False,True,False,1,1,0.0301,0.9699,$80K - $120K
43,0,2,1,Blue,36,2,3,3,2146.7917,0,0.5851225,1807.0,45.0,0.38987908,0.0,False,True,True,False,False,False,False,False,False,True,False,1,1,0.0,1.0,Less than $40K
40,0,1,1,Blue,30,1,1,3,2019.0,803,0.882,1687.0,46.0,0.478,0.398,False,True,False,False,False,False,False,False,False,True,False,0,0,0.9989,0.0011,$120K +
34,1,2,2,Blue,22,4,3,3,34516.0,1263,0.603,1481.0,45.0,0.806,0.037,False,True,False,False,False,False,False,False,True,False,False,0,0,0.9951,0.0049,$60K - $80K
60,0,0,2,Blue,48,5,1,3,1438.3,0,0.653,1318.0,37.0,0.729,0.0,False,False,False,False,False,False,False,False,False,True,False,0,0,1.0,0.0,$120K +
38,1,1,2,Blue,27,6,2,2,22487.0,889,0.528,1946.0,45.0,0.46,0.04,False,False,True,False,False,False,False,False,False,False,False,0,0,0.9994,0.0006,$60K - $80K
56,1,0,2,Blue,42,5,3,3,7392.013,0,0.8064914,1481.0,41.0,0.5649326,0.0,True,False,False,True,False,False,False,False,True,False,True,1,1,0.0007,0.9993,$60K - $80K
37,0,2,1,Blue,24,1,2,1,2011.8206,0,0.6235517,2168.0,42.0,0.9159233,0.0,False,True,False,False,False,True,True,False,False,True,False,1,1,0.0001,0.9999,$40K - $60K
48,1,2,1,Blue,35,2,4,4,34516.0,0,0.763,1583.0,32.0,0.5,0.0,False,True,False,False,False,False,False,True,False,False,False,1,1,0.0005,0.9995,Less than $40K
47,1,1,1,Blue,39,2,3,1,5660.0,2210,0.583,1229.0,34.0,0.695,0.39,False,False,False,False,False,False,False,False,True,False,False,0,0,0.9998,0.0002,Less than $40K
43,0,2,1,Blue,25,4,2,4,21961.0,0,0.653,1718.0,42.0,0.393,0.0,False,True,False,False,False,False,False,False,False,False,True,1,1,0.0015,0.9985,$40K - $60K
52,0,1,0,Blue,38,4,2,3,3638.874,2517,0.79357123,1402.0,34.0,0.72474873,0.6918466,False,False,True,True,False,False,False,False,False,True,True,1,1,0.0007,0.9993,$80K - $120K
52,0,0,2,Blue,36,2,2,3,1438.3,978,0.773,1127.0,29.0,0.571,0.68,True,False,False,False,False,False,False,False,False,True,False,1,1,0.0019,0.9981,$80K - $120K
56,0,1,0,Blue,50,3,1,3,1817.0947,0,0.51900107,1053.0,31.0,0.45342022,0.0,False,True,False,True,False,False,False,False,True,True,False,1,1,0.0041,0.9959,$60K - $80K
41,0,2,1,Blue,27,3,2,2,9305.798,0,0.75324434,1340.0,25.0,0.5517992,0.0,True,True,False,False,False,False,True,False,False,False,False,1,1,0.0004,0.9996,$40K - $60K
36,0,1,2,Blue,24,3,2,3,2170.9023,505,0.63645744,732.0,21.0,0.27067524,0.23108314,False,True,False,True,False,False,False,False,False,True,True,1,1,0.0015,0.9985,$120K +
61,0,0,1,Blue,55,4,2,3,2194.0,1512,0.725,2346.0,71.0,0.778,0.689,False,False,False,False,False,True,False,False,False,True,False,0,0,1.0,0.0,Less than $40K
42,1,2,1,Blue,27,2,2,2,2476.0,2250,0.969,1580.0,45.0,0.6,0.909,False,False,False,True,False,False,False,True,False,False,False,1,1,0.041,0.959,$80K - $120K
50,1,3,2,Blue,36,6,3,2,6925.0,0,0.821,1196.0,28.0,0.44,0.0,False,False,False,False,True,False,False,False,True,False,False,1,1,0.0771,0.9229,$80K - $120K
45,0,3,0,Blue,35,3,1,4,2753.1667,2455,0.35183758,2086.0,50.0,0.5156008,0.8919359,False,False,False,False,True,True,False,False,False,True,False,1,1,0.0073,0.9927,Less than $40K
45,0,2,0,Blue,27,6,3,2,2901.0,2384,0.717,1665.0,57.0,0.592,0.822,False,False,False,False,False,False,True,False,False,False,False,0,0,0.9998,0.0002,Less than $40K
52,0,1,2,Blue,41,2,2,2,3587.491,2498,1.0392752,1495.0,39.0,0.55504733,0.69638413,False,True,False,False,False,False,False,False,False,True,True,1,1,0.0005,0.9995,$80K - $120K
50,1,3,2,Blue,42,4,2,3,14782.0,1020,0.683,2187.0,58.0,0.8,0.069,False,True,False,False,False,False,False,True,False,False,False,0,0,0.9943,0.0057,$60K - $80K
47,1,4,1,Blue,39,4,2,4,33122.0,1587,0.475,1371.0,23.0,0.75,0.048,False,True,False,False,False,False,False,True,False,False,False,0,0,0.9995,0.0005,$40K - $60K
52,0,1,1,Blue,36,5,3,1,5843.8677,184,0.41301727,1235.0,37.0,0.51713836,0.031648017,False,True,True,False,False,False,False,True,False,False,True,1,1,0.0002,0.9998,$40K - $60K
50,1,3,1,Blue,38,5,2,4,34516.0,1662,0.504,1556.0,40.0,0.9,0.048,False,True,False,False,False,False,False,False,False,False,False,0,0,0.9999,0.0001,Unknown
43,0,4,2,Blue,23,2,1,1,1438.3,0,0.728,1212.0,24.0,0.708,0.0,False,True,False,False,False,False,True,False,False,False,False,0,0,0.9999,0.0001,Unknown
46,1,2,0,Blue,37,6,1,1,2695.0,1657,0.813,2701.0,60.0,0.963,0.615,False,False,False,False,False,True,False,True,False,False,False,0,0,0.9997,0.0003,$60K - $80K
40,0,3,1,Blue,31,5,2,4,4736.0,945,0.835,1750.0,47.0,0.659,0.2,False,False,True,False,False,False,False,False,False,True,False,0,0,1.0,0.0,$60K - $80K
44,1,3,1,Blue,36,4,2,5,20882.0,1420,0.857,1610.0,43.0,0.6,0.068,False,False,True,False,False,False,False,False,True,False,False,0,1,0.1771,0.8229,Unknown
40,0,3,3,Blue,30,5,2,2,8793.0,918,0.471,2184.0,63.0,0.684,0.104,False,False,True,False,False,False,False,False,False,True,False,0,0,0.8878,0.1122,$40K - $60K
52,0,3,1,Blue,41,6,3,2,2622.0,1549,1.321,1745.0,41.0,1.143,0.591,False,False,False,False,False,True,False,False,False,True,False,0,0,0.9999,0.0001,$40K - $60K
30,1,0,1,Blue,20,1,2,3,2271.944,1849,0.40504023,1381.0,40.0,0.37462613,0.8103474,False,True,False,False,True,False,False,False,False,True,False,1,1,0.0006,0.9994,$80K - $120K
41,0,4,2,Blue,33,4,3,3,2598.618,2362,0.33487263,1793.0,37.0,0.5718944,0.9104324,False,False,False,False,True,True,True,False,False,True,False,1,1,0.0052,0.9948,Less than $40K
39,0,2,1,Blue,36,6,2,3,1578.0,760,0.709,1831.0,36.0,0.955,0.482,False,False,True,False,False,False,False,False,False,True,False,0,0,0.9121,0.0879,Less than $40K
48,0,2,3,Blue,31,2,2,1,7660.0,764,0.877,1468.0,36.0,0.695,0.1,False,False,True,False,False,False,False,False,False,False,True,0,0,0.9998,0.0002,$60K - $80K
45,1,4,1,Blue,35,2,3,3,23542.0,1307,0.462,1097.0,32.0,0.438,0.056,False,True,False,False,False,False,False,False,True,False,False,1,1,0.0102,0.9898,Less than $40K
34,0,2,0,Blue,30,3,1,2,4408.0,1510,0.73,1682.0,44.0,0.833,0.343,False,False,False,False,False,True,False,False,False,True,False,0,0,0.9999,0.0001,$60K - $80K
34,0,1,1,Blue,32,2,2,3,6071.6865,0,0.91388756,1451.0,37.0,0.9040296,0.0,False,False,False,False,True,True,False,False,False,True,False,1,1,0.0001,0.9999,Less than $40K
53,1,2,1,Blue,34,4,3,2,1837.0,875,0.58,1509.0,44.0,0.654,0.476,False,False,False,False,False,True,False,False,True,False,False,1,1,0.0989,0.9011,$60K - $80K
46,1,2,0,Blue,34,3,2,4,34516.0,2517,0.40448982,1895.0,57.0,0.45596033,0.073,False,False,True,False,False,True,False,True,True,False,False,1,1,0.0005,0.9995,$60K - $80K
55,0,2,2,Blue,35,4,4,4,1438.3,696,0.888,1403.0,40.0,0.9,0.484,False,False,False,False,False,False,True,False,False,False,False,0,0,0.9999,0.0001,$80K - $120K
54,1,1,2,Blue,49,2,3,3,28570.0,2027,0.749,1420.0,31.0,0.759,0.071,False,False,False,False,False,True,False,False,True,False,False,0,0,0.9997,0.0003,Less than $40K
59,0,1,1,Blue,46,5,3,3,1944.0,1346,1.052,1717.0,31.0,0.727,0.692,False,False,False,True,False,False,True,False,False,False,False,0,0,0.9966,0.0034,Less than $40K
48,1,3,2,Silver,36,2,1,1,15618.0,0,0.706,1131.0,29.0,0.638,0.0,False,True,False,False,False,False,False,True,False,False,False,0,0,0.9779,0.0221,$60K - $80K
50,0,3,1,Silver,40,6,2,4,2897.0,1506,0.618,1005.0,22.0,0.484,0.52,False,False,True,False,False,False,False,False,False,True,False,1,1,0.0307,0.9693,$80K - $120K
46,1,2,1,Blue,40,4,1,3,5265.0,0,0.524,948.0,24.0,0.744,0.0,False,False,True,False,False,False,False,True,False,False,False,0,0,0.9996,0.0004,Less than $40K
45,1,3,1,Blue,30,2,2,2,3821.0,1673,0.869,1549.0,34.0,0.712,0.438,False,False,False,True,False,False,True,False,False,False,False,0,0,0.997,0.003,$40K - $60K
51,1,2,2,Blue,41,2,3,3,4361.4927,0,0.5777516,965.0,26.0,0.5449219,0.0,False,False,False,False,True,True,False,False,True,False,False,1,1,0.0016,0.9984,$60K - $80K
46,0,3,3,Blue,41,5,3,2,4710.0,0,0.717,1958.0,41.0,0.955,0.0,False,False,False,False,False,True,False,False,False,True,False,1,1,0.0139,0.9861,$120K +
47,0,1,1,Blue,35,2,2,5,1438.3,0,0.7954606,1266.0,22.0,0.5507311,0.0,False,True,False,False,False,False,True,False,False,False,True,1,1,0.0,1.0,$40K - $60K
42,0,3,1,Blue,30,2,3,3,1438.3,0,0.4004402,1367.0,29.0,0.53672796,0.0,True,False,False,False,False,False,False,True,False,True,False,1,1,0.0001,0.9999,Less than $40K
46,0,4,2,Blue,40,5,1,2,6265.0,1942,1.027,1489.0,48.0,0.87,0.31,False,True,False,False,False,False,False,False,False,True,False,0,0,0.9998,0.0002,Less than $40K
49,1,4,1,Blue,36,1,1,1,34516.0,1634,0.768,1582.0,33.0,0.469,0.047,False,False,True,False,False,False,False,False,False,False,False,0,0,0.9999,0.0001,Unknown
51,1,3,3,Blue,44,2,2,3,11954.0,0,0.779,2516.0,42.0,0.55,0.0,False,False,False,False,False,True,False,False,False,False,False,0,0,0.9967,0.0033,Less than $40K
52,0,1,2,Blue,41,2,2,3,7452.5825,1900,1.0051072,1557.0,49.0,0.35077146,0.2548745,False,False,True,False,False,False,False,False,False,True,False,1,1,0.0007,0.9993,$60K - $80K
46,1,4,2,Blue,36,2,2,2,4411.6626,0,0.96157354,1084.0,32.0,0.9013147,0.0,False,True,False,False,False,False,True,True,False,False,False,1,1,0.0016,0.9984,$80K - $120K
37,1,3,3,Blue,28,5,4,4,13441.0,0,0.513,2583.0,47.0,0.702,0.0,False,False,True,False,False,False,False,False,True,False,False,0,0,0.9998,0.0002,Unknown
50,0,2,1,Blue,41,3,3,3,9383.088,452,0.9418124,1371.0,30.0,0.9822428,0.047975022,False,False,True,False,True,False,True,False,False,True,False,1,1,0.0009,0.9991,$80K - $120K
49,1,2,1,Blue,40,4,2,0,13490.0,1672,0.799,1537.0,49.0,0.415,0.124,False,False,True,False,False,False,False,False,True,False,False,0,0,0.9998,0.0002,Less than $40K
49,1,2,1,Blue,40,1,3,2,4152.5605,138,0.8365796,3753.0,60.0,0.67085636,0.034171276,False,True,False,False,False,False,False,True,True,False,False,1,1,0.0003,0.9997,Less than $40K
45,0,2,1,Blue,34,3,3,3,2805.0994,838,0.76177233,1104.0,31.0,0.37285313,0.29940173,False,False,True,False,True,False,True,False,False,True,False,1,1,0.0,1.0,Less than $40K
47,0,4,3,Blue,29,6,1,3,2636.0,1589,0.864,1482.0,42.0,0.522,0.603,False,True,False,False,False,False,True,False,False,False,False,0,0,1.0,0.0,$40K - $60K
49,0,2,3,Blue,38,4,1,2,2497.0,1674,0.701,1299.0,29.0,0.963,0.67,False,False,True,False,False,False,True,False,False,False,False,0,0,0.9605,0.0395,Unknown
44,0,2,2,Blue,37,5,1,2,7627.0,1742,0.771,2167.0,48.0,0.705,0.228,False,False,False,False,True,False,False,False,False,False,True,0,0,1.0,0.0,$40K - $60K
52,0,3,1,Blue,40,3,2,3,3474.0,0,0.735,1563.0,40.0,0.48,0.0,False,False,False,False,False,False,False,False,False,True,False,1,1,0.0001,0.9999,$60K - $80K
47,1,4,1,Blue,39,3,3,2,34516.0,271,0.9658649,1772.0,52.0,0.90534,0.0077062054,False,True,False,False,False,True,False,False,True,False,False,1,1,0.0001,0.9999,$60K - $80K
42,0,2,0,Blue,26,4,2,2,12405.128,0,0.9392728,1254.0,35.0,0.33791694,0.0,False,False,True,False,False,False,True,True,False,False,False,1,1,0.0133,0.9867,$40K - $60K
46,1,2,1,Blue,36,4,2,2,1939.0,685,0.421,2229.0,35.0,0.68,0.353,False,True,False,False,False,False,False,True,False,False,False,0,0,0.9997,0.0003,Less than $40K
43,1,2,1,Blue,31,2,3,1,13381.0,1845,0.883,2195.0,63.0,0.871,0.138,False,False,True,False,False,False,False,True,False,False,False,0,0,0.9995,0.0005,$60K - $80K
40,0,2,2,Blue,35,2,1,2,2544.0,1713,0.696,1362.0,28.0,0.571,0.673,False,False,True,False,False,False,True,False,False,False,False,0,0,0.9999,0.0001,Unknown
41,0,2,2,Blue,36,4,3,3,2201.0,2104,0.648,2398.0,37.0,0.583,0.956,False,False,True,False,False,False,False,False,False,True,False,1,1,0.0006,0.9994,$60K - $80K
44,0,3,3,Blue,25,6,3,2,3083.0,1040,0.729,2649.0,56.0,0.56,0.337,False,False,False,False,False,False,False,False,False,True,False,0,0,1.0,0.0,$120K +
52,0,1,2,Blue,36,3,2,2,11777.741,4,0.6045635,1463.0,34.0,0.37660044,0.0003792988,False,True,True,False,False,False,False,False,True,False,True,1,1,0.0,1.0,$60K - $80K
43,0,3,2,Blue,34,1,2,2,7709.4272,2233,0.9555274,1174.0,27.0,0.5303818,0.28933778,False,True,True,False,False,False,False,False,False,False,True,1,1,0.0002,0.9998,Less than $40K
43,0,2,2,Blue,31,3,3,2,1509.694,174,0.6783879,1836.0,36.0,0.47644797,0.11597809,False,False,True,False,False,True,False,False,False,True,False,1,1,0.0,1.0,Unknown
29,1,1,2,Blue,22,2,3,3,11522.0,1203,0.847,1817.0,39.0,0.831,0.104,False,False,False,False,True,False,True,False,False,False,False,0,0,0.9995,0.0005,$40K - $60K
65,1,1,2,Blue,56,4,3,3,23566.0,1670,0.735,1387.0,36.0,0.837,0.071,False,True,False,False,False,False,False,False,False,False,True,0,0,0.9999,0.0001,$80K - $120K
55,1,1,1,Blue,37,2,3,3,4957.8706,2432,0.61799556,2028.0,55.0,0.41832566,0.49228054,False,True,False,False,True,False,False,False,True,False,False,1,1,0.0005,0.9995,$120K +
38,0,2,1,Blue,33,5,2,3,2228.0,1717,1.625,1582.0,36.0,0.848,0.771,False,True,False,False,False,False,False,False,False,True,False,0,0,0.9996,0.0004,Unknown
40,0,4,2,Blue,20,6,4,3,15987.0,1965,0.722,1774.0,37.0,0.591,0.123,False,True,False,False,False,False,False,False,False,True,False,0,0,0.9992,0.0008,Less than $40K
47,0,4,1,Blue,37,3,1,3,2447.0,1973,0.476,1636.0,36.0,0.562,0.806,False,True,False,False,False,False,False,False,False,True,False,0,0,1.0,0.0,$80K - $120K
55,1,4,0,Blue,36,4,2,3,34173.0,1194,1.056,1031.0,25.0,0.816,0.035,False,False,False,False,False,False,False,False,True,False,False,0,0,0.9991,0.0009,$80K - $120K
35,0,2,2,Blue,20,6,1,2,2691.0,1935,0.681,916.0,33.0,0.911,0.719,False,False,False,False,False,True,False,False,False,True,False,0,0,0.9999,0.0001,$60K - $80K
43,1,4,1,Blue,32,6,2,2,1539.0,989,0.86,1198.0,31.0,0.808,0.643,False,False,True,False,False,False,True,False,False,False,False,0,0,0.9983,0.0017,Less than $40K
41,0,3,1,Blue,36,1,2,2,23225.566,0,0.565687,2189.0,54.0,0.6490527,0.0,False,True,False,False,True,False,False,False,True,False,True,1,1,0.0,1.0,$40K - $60K
46,0,3,1,Blue,41,1,4,3,14913.23,0,0.48866302,1257.0,36.0,0.59639627,0.0,False,True,False,False,False,True,True,True,False,False,False,1,1,0.0,1.0,$80K - $120K
61,0,0,2,Blue,34,3,3,4,3793.6233,2517,0.58152014,1503.0,35.0,0.7146347,0.66338277,False,True,False,False,False,False,False,False,False,True,False,1,1,0.0038,0.9962,Less than $40K
52,0,1,1,Blue,39,3,1,1,1663.0,0,0.707,1353.0,24.0,0.654,0.0,True,False,False,False,False,False,False,False,False,True,False,0,0,0.9998,0.0002,Unknown
49,0,1,0,Blue,42,3,2,3,7047.8027,0,0.66614294,811.0,27.0,0.32731774,0.0,False,False,True,False,False,True,False,False,False,True,True,1,1,0.0001,0.9999,$60K - $80K
35,0,3,2,Blue,25,4,3,2,3611.0,2517,0.537,1270.0,21.0,0.552,0.697,False,False,False,False,False,False,False,False,False,True,False,1,1,0.0627,0.9373,$60K - $80K
63,0,0,2,Blue,36,6,1,1,4847.0,1856,0.61,1840.0,53.0,0.81,0.383,False,False,False,False,False,True,False,False,False,True,False,0,0,0.9999,0.0001,$80K - $120K
65,0,0,0,Blue,56,5,2,3,13666.0,0,0.808,2585.0,75.0,1.0,0.0,False,False,False,False,False,False,False,False,False,False,True,0,0,0.9997,0.0003,Unknown
52,1,2,1,Blue,43,2,2,2,30399.924,0,0.5840305,1807.0,33.0,0.809959,0.0,False,True,True,False,False,False,False,True,True,False,False,1,1,0.0,1.0,$40K - $60K
36,1,1,2,Silver,36,2,3,3,6898.3022,1470,1.030919,1729.0,52.0,0.35381317,0.21294042,False,False,True,False,False,True,True,True,False,False,False,1,1,0.0009,0.9991,$80K - $120K
49,1,3,1,Blue,29,4,3,1,1438.3,535,0.678,1211.0,35.0,0.739,0.372,False,False,True,False,False,False,False,True,False,False,False,0,0,0.9999,0.0001,Unknown
55,0,1,1,Blue,47,2,3,2,4744.3013,0,0.85714465,1763.0,44.0,1.0593715,0.0,False,True,False,False,False,True,False,False,False,True,False,1,1,0.0006,0.9994,$60K - $80K
62,0,1,1,Blue,43,3,1,1,4760.0,0,0.564,1395.0,34.0,0.538,0.0,False,False,False,False,True,False,True,False,False,False,False,0,0,0.9555,0.0445,$40K - $60K
43,0,3,2,Blue,24,3,3,4,5182.0,1607,0.874,1843.0,43.0,0.586,0.31,False,False,False,True,False,False,True,False,False,False,False,0,0,0.9964,0.0036,$80K - $120K
53,0,2,2,Blue,46,1,2,3,1699.5677,0,0.6052171,1517.0,33.0,0.5292292,0.0,False,False,False,False,True,True,True,False,False,True,False,1,1,0.0,1.0,Less than $40K
57,0,0,0,Blue,36,5,1,3,3532.0,869,1.038,1977.0,50.0,0.778,0.246,False,False,True,False,False,False,False,False,False,True,False,0,0,0.9999,0.0001,Less than $40K
47,1,4,0,Blue,36,1,1,1,1983.0,989,0.726,2027.0,49.0,0.667,0.499,False,False,True,False,False,False,False,True,False,False,False,0,0,1.0,0.0,Less than $40K
52,0,1,1,Blue,43,2,2,2,3182.42,0,0.46513498,1497.0,43.0,0.291974,0.0,False,False,True,False,False,True,True,False,False,True,False,1,1,0.0,1.0,$120K +
40,1,2,1,Blue,27,5,3,1,12248.0,1323,0.882,1134.0,31.0,0.896,0.108,False,False,True,False,False,False,False,False,False,False,False,0,0,0.9999,0.0001,$120K +
47,0,2,1,Blue,33,1,2,4,1780.4613,0,0.7220588,3663.0,65.0,0.5662215,0.0,False,False,True,False,True,False,False,True,False,True,False,1,1,0.0,1.0,$60K - $80K
40,1,4,2,Blue,34,3,1,3,17818.0,1451,0.632,1483.0,31.0,0.451,0.081,False,False,False,False,True,False,False,False,False,False,False,0,0,0.9999,0.0001,Less than $40K
38,0,2,1,Blue,17,2,1,2,2702.183,0,0.8810923,1956.0,63.0,0.42183557,0.0,False,False,True,False,True,False,False,False,False,True,False,1,1,0.0003,0.9997,$40K - $60K
40,0,3,1,Blue,21,5,2,2,1728.0,0,0.41,940.0,25.0,0.357,0.0,True,False,False,False,False,False,False,False,False,True,False,1,1,0.0003,0.9997,$120K +
45,1,3,2,Blue,38,1,3,3,3243.0,1580,1.075,2183.0,56.0,0.743,0.487,False,True,False,False,False,False,False,True,False,False,False,0,0,0.9996,0.0004,$40K - $60K
58,0,0,3,Blue,36,1,2,3,3736.0,2209,0.98,2920.0,74.0,0.662,0.591,False,False,False,False,True,False,False,False,False,False,True,0,0,0.9979,0.0021,$80K - $120K
46,0,3,1,Blue,38,1,0,3,13141.23,1825,0.6381279,1221.0,41.0,0.2924398,0.13930517,False,False,True,True,False,False,False,False,True,True,False,1,1,0.002,0.998,Less than $40K
43,0,2,1,Blue,36,4,2,3,2271.9136,2208,0.54245424,1790.0,60.0,0.44557062,0.9719418,False,False,True,False,False,False,False,False,False,True,False,1,1,0.0003,0.9997,$40K - $60K
36,0,2,1,Blue,25,5,3,4,4701.0,1492,0.805,2005.0,47.0,0.455,0.317,False,False,False,True,False,False,False,False,False,True,False,0,0,0.9902,0.0098,Unknown
43,0,3,1,Blue,33,2,2,3,25928.771,0,1.0403869,3490.0,69.0,0.5489745,0.0,False,True,False,False,False,True,False,True,False,False,True,1,1,0.0,1.0,$60K - $80K
45,0,1,2,Blue,39,4,3,2,3642.5413,0,0.5679316,1904.0,49.0,0.4794137,0.0,False,False,True,False,True,False,True,False,False,True,False,1,1,0.0003,0.9997,$60K - $80K
41,0,1,2,Blue,36,4,3,2,2372.0,0,0.597,1647.0,53.0,0.464,0.0,False,False,True,False,False,False,False,False,False,True,False,1,1,0.0,1.0,$60K - $80K
47,0,2,1,Blue,36,3,3,3,2153.7756,0,0.61678267,1903.0,39.0,0.5258316,0.0,False,True,True,False,False,False,False,False,False,True,False,1,1,0.0,1.0,$80K - $120K
43,0,2,1,Blue,35,5,2,4,5502.856,1432,0.5758258,1564.0,41.0,0.60899705,0.26025537,False,False,True,True,False,False,True,False,False,True,False,1,1,0.0004,0.9996,$40K - $60K
42,0,4,2,Blue,30,3,1,3,6172.0,1212,0.723,1686.0,34.0,0.65,0.196,False,False,True,False,False,False,False,False,False,True,False,0,0,1.0,0.0,Less than $40K
47,0,2,1,Blue,38,3,2,2,1690.7399,1588,0.81312245,2412.0,64.0,0.55684,0.9429839,True,False,False,False,False,True,True,False,False,True,False,1,1,0.001,0.999,Unknown
43,1,2,1,Blue,30,5,1,2,7357.8633,0,0.6777282,3981.0,65.0,0.43906164,0.0,False,False,True,False,False,False,False,True,False,False,False,1,1,0.0108,0.9892,$80K - $120K
52,0,3,1,Blue,39,4,3,3,2001.0,909,0.772,2730.0,48.0,0.8,0.454,False,True,False,False,False,False,False,False,False,True,False,0,0,0.9999,0.0001,$80K - $120K
36,1,3,1,Blue,22,6,3,4,2224.0,1772,0.81,1361.0,34.0,0.419,0.797,False,False,False,False,True,False,False,True,False,False,False,0,0,0.9986,0.0014,Unknown
56,0,1,1,Blue,47,6,1,2,3022.0,1627,0.835,821.0,18.0,0.783,0.538,False,False,False,False,True,False,False,False,False,True,False,0,0,1.0,0.0,Less than $40K
48,1,3,0,Blue,36,3,3,3,12159.0,1665,0.608,938.0,21.0,0.545,0.137,False,False,False,False,False,False,True,False,False,False,False,0,0,0.9763,0.0237,$80K - $120K
39,1,2,2,Blue,31,6,3,3,3297.0,1761,0.879,1861.0,42.0,0.739,0.534,False,False,False,True,False,False,True,False,False,False,False,0,0,0.9996,0.0004,Less than $40K
57,1,2,0,Blue,51,2,3,3,5479.0,1200,0.798,1345.0,28.0,0.458,0.219,False,False,False,True,False,False,False,True,False,False,False,0,0,0.9847,0.0153,Less than $40K
53,0,1,1,Blue,46,3,2,3,6926.6943,0,0.60713565,2444.0,63.0,0.53533214,0.0,False,True,False,False,False,False,True,False,True,False,False,1,1,0.0059,0.9941,$60K - $80K
38,0,4,1,Blue,27,1,3,1,1736.0,1319,0.667,1686.0,50.0,0.755,0.76,False,False,False,False,True,False,False,False,False,True,False,0,0,1.0,0.0,$120K +
37,0,1,2,Blue,20,2,1,3,4946.191,0,0.8618911,1468.0,30.0,0.8338343,0.0,True,True,False,False,False,False,False,False,False,True,True,1,1,0.0001,0.9999,$80K - $120K
43,1,3,1,Blue,33,2,2,4,5161.7373,274,0.59891146,2320.0,51.0,0.5704623,0.051514726,False,True,False,False,False,False,False,True,False,False,False,1,1,0.0026,0.9974,Unknown
42,0,3,1,Blue,33,6,3,3,2363.0,1495,0.531,1598.0,39.0,0.711,0.633,False,True,False,False,False,False,False,False,False,True,False,0,0,0.9998,0.0002,Less than $40K
46,0,2,1,Blue,36,1,2,4,3814.3333,2517,0.65822107,1232.0,31.0,0.59166694,0.66,False,True,False,False,False,False,False,False,False,False,True,1,1,0.002,0.998,Less than $40K
58,1,1,2,Blue,52,3,2,3,3880.0,2517,0.673,4027.0,76.0,0.97,0.649,False,False,False,False,False,True,True,False,False,False,False,0,0,0.9163,0.0837,Less than $40K
56,0,3,1,Blue,46,5,3,3,2402.0,1892,0.645,1922.0,48.0,0.81,0.788,False,False,False,False,True,False,True,False,False,False,False,0,0,1.0,0.0,$80K - $120K
39,0,3,2,Blue,25,6,1,2,3920.0,2008,0.944,1355.0,36.0,0.656,0.512,False,False,False,False,False,False,False,False,False,True,False,0,0,0.9967,0.0033,Unknown
46,1,2,1,Blue,36,5,2,3,14483.063,0,0.46857825,2361.0,42.0,0.65727186,0.0,False,True,True,False,False,False,False,True,True,False,False,1,1,0.0002,0.9998,Less than $40K
51,0,2,2,Blue,39,5,2,4,2673.0,1275,0.691,708.0,14.0,1.027,0.477,False,False,False,False,False,True,False,False,False,True,False,0,0,1.0,0.0,$60K - $80K
48,0,1,2,Blue,40,3,1,2,3251.0,2517,0.739,1687.0,62.0,0.471,0.774,False,False,False,False,False,True,False,False,False,True,False,1,1,0.0201,0.9799,$80K - $120K
60,0,1,2,Blue,51,3,3,4,23566.0,1147,0.629,1212.0,33.0,0.641,0.049,False,True,False,False,False,False,False,False,False,False,True,0,0,0.9994,0.0006,Unknown
43,1,1,2,Blue,31,4,3,3,25824.0,1170,0.684,1752.0,34.0,0.78,0.045,False,True,False,False,False,False,False,True,False,False,False,0,0,0.9999,0.0001,Less than $40K
38,0,0,2,Blue,32,6,3,3,1755.0,750,0.659,1560.0,39.0,0.837,0.427,False,True,False,False,False,False,False,False,False,True,False,0,0,0.9999,0.0001,$80K - $120K
32,0,0,1,Blue,36,6,3,2,8791.0,0,0.894,1520.0,36.0,0.594,0.0,False,False,False,False,True,False,False,False,False,False,True,1,0,0.5407,0.4593,Less than $40K
57,0,1,1,Blue,36,2,3,3,1440.9203,538,0.80782515,1685.0,45.0,0.1814633,0.3730575,False,True,False,False,True,False,True,False,False,False,True,1,1,0.0001,0.9999,$60K - $80K
34,0,1,1,Blue,25,3,1,2,1719.0364,0,0.7758102,1678.0,40.0,0.36023778,0.0,False,False,False,False,False,True,False,True,False,True,False,1,1,0.0087,0.9913,$40K - $60K
33,0,0,2,Blue,27,6,1,1,2252.0,1826,0.716,1627.0,26.0,1.0,0.811,False,False,True,False,False,False,False,False,False,False,True,0,0,0.9996,0.0004,$40K - $60K
49,0,4,1,Blue,39,4,2,3,5095.0,0,0.729,1637.0,61.0,0.508,0.0,False,True,False,False,False,False,False,False,False,True,False,0,0,0.9995,0.0005,$40K - $60K
42,1,2,1,Blue,32,1,1,1,34516.0,1440,0.676,1707.0,42.0,0.571,0.042,False,True,False,False,False,False,False,False,False,False,False,0,0,0.9997,0.0003,Less than $40K
46,1,3,1,Blue,42,2,0,3,24069.41,160,0.54166865,1208.0,25.0,0.3574156,0.0065878644,False,True,False,True,False,False,False,True,True,False,False,1,1,0.0002,0.9998,Unknown
34,1,2,1,Blue,19,4,1,3,23574.61,0,1.0277946,1881.0,51.0,0.83536595,0.0,False,True,False,False,False,False,False,True,True,False,False,1,1,0.0004,0.9996,$40K - $60K
40,0,3,2,Blue,30,5,1,2,1625.0,912,0.877,1360.0,28.0,0.698,0.561,False,False,False,False,True,False,False,False,False,True,False,0,0,0.9999,0.0001,$80K - $120K
52,1,2,2,Blue,38,6,3,3,34516.0,0,0.639,1641.0,32.0,0.382,0.0,False,False,True,False,False,False,False,False,False,False,False,1,1,0.0578,0.9422,$40K - $60K
45,1,2,1,Blue,36,2,3,2,34516.0,597,0.9068372,1820.0,58.0,0.7822429,0.016900944,False,True,False,False,True,False,False,False,True,False,False,1,1,0.0002,0.9998,$60K - $80K
41,1,4,1,Blue,36,3,1,4,34516.0,2205,0.897,1505.0,35.0,0.922,0.064,False,False,False,False,False,True,False,False,False,False,False,0,0,0.9954,0.0046,$120K +
56,0,2,0,Blue,45,1,3,3,2284.157,0,0.38513634,1627.0,38.0,0.41936165,0.0,False,False,False,False,True,True,True,True,False,False,False,1,1,0.0,1.0,Less than $40K
39,0,1,1,Blue,30,3,3,3,1438.3,0,0.56011814,1703.0,34.0,0.57048905,0.0,False,True,False,False,True,False,True,False,False,True,False,1,1,0.0001,0.9999,$80K - $120K
53,0,2,2,Blue,40,3,1,3,1438.3,0,1.052,1433.0,33.0,0.921,0.0,False,False,True,False,False,False,False,False,False,True,False,0,0,0.9895,0.0105,$80K - $120K
43,0,1,2,Silver,31,4,2,5,3014.1165,0,0.73604715,2445.0,60.0,0.48784092,0.0,False,False,False,False,True,True,True,False,False,True,False,1,1,0.0001,0.9999,Less than $40K
44,0,4,1,Blue,31,3,3,4,2184.0,0,0.671,1665.0,45.0,0.556,0.0,False,True,False,False,False,False,False,False,False,True,False,1,1,0.0264,0.9736,$80K - $120K
52,0,0,1,Silver,42,5,3,2,2301.2239,0,0.5569948,1489.0,38.0,0.6157764,0.0,True,False,False,False,False,False,False,False,False,True,True,1,1,0.0012,0.9988,$120K +
40,1,4,2,Blue,29,5,1,2,14315.0,690,1.32,1393.0,32.0,0.806,0.048,False,True,False,False,False,False,False,False,True,False,False,0,0,0.9996,0.0004,$60K - $80K
42,0,5,2,Blue,31,6,3,2,4972.0,0,0.719,1820.0,42.0,0.756,0.0,False,False,True,False,False,False,False,False,False,False,True,0,0,0.9999,0.0001,$40K - $60K
59,0,0,2,Blue,40,5,3,3,2634.0,1644,1.092,2742.0,58.0,0.732,0.624,False,False,False,True,False,False,True,False,False,False,False,0,0,0.9999,0.0001,Less than $40K
61,0,2,2,Blue,45,2,2,3,2602.0,1441,0.704,1979.0,40.0,0.735,0.554,False,True,False,False,False,False,False,False,False,True,False,0,0,1.0,0.0,$120K +
30,1,2,2,Blue,13,3,2,3,4107.0,979,0.647,1378.0,27.0,0.733,0.238,False,False,False,False,True,False,False,True,False,False,False,0,0,0.9991,0.0009,Less than $40K
43,0,2,2,Blue,32,4,3,6,1628.0,275,0.69,1520.0,34.0,0.531,0.169,False,False,False,False,True,False,False,False,False,True,False,1,1,0.0012,0.9988,Less than $40K
48,1,3,0,Blue,36,2,3,2,22951.084,7,0.5758666,1588.0,36.0,0.50196886,0.0002812678,False,False,False,False,False,True,False,False,True,False,False,1,1,0.0001,0.9999,$40K - $60K
50,0,1,2,Blue,31,2,2,3,18386.0,0,0.868,1282.0,32.0,0.571,0.0,False,True,False,False,False,False,True,False,False,False,False,0,1,0.0183,0.9817,$60K - $80K
49,0,3,2,Blue,42,4,3,4,5129.0,1654,0.618,1872.0,59.0,0.848,0.322,False,False,False,False,False,True,True,False,False,False,False,0,0,0.9933,0.0067,$120K +
49,0,2,1,Blue,34,6,1,3,3017.0,0,0.702,2295.0,63.0,0.636,0.0,False,False,False,False,True,False,False,False,False,False,True,0,0,0.9999,0.0001,$80K - $120K
51,0,2,2,Blue,43,5,3,2,3245.0,0,0.553,1065.0,28.0,0.261,0.0,False,False,False,False,False,True,False,False,False,True,False,1,1,0.0167,0.9833,$60K - $80K
59,0,2,1,Blue,51,3,3,3,3875.0,1397,0.573,1550.0,47.0,0.581,0.361,False,False,True,False,False,False,False,False,False,False,True,1,1,0.351,0.649,$120K +
44,0,1,1,Blue,35,1,1,1,2080.2861,1592,0.74585813,1527.0,57.0,0.71604896,0.7655811,False,False,False,False,True,False,False,False,False,True,False,1,1,0.0068,0.9932,Unknown
51,0,3,1,Blue,43,2,2,2,9510.953,0,0.6639062,1489.0,43.0,0.90814686,0.0,False,True,True,False,False,False,True,False,True,False,False,1,1,0.0001,0.9999,Less than $40K
47,0,3,0,Blue,36,2,3,3,1439.0,0,0.638,1264.0,30.0,0.837,0.0,False,False,False,False,True,False,True,False,False,False,False,0,0,0.9995,0.0005,Less than $40K
50,0,1,1,Blue,48,1,1,2,8964.656,65,0.7447289,1582.0,38.0,0.5229554,0.007408095,False,False,True,False,False,True,False,True,False,False,True,1,1,0.0001,0.9999,$60K - $80K
50,0,1,2,Blue,36,1,3,2,18874.057,1322,0.8597581,1567.0,33.0,0.5854117,0.071007825,False,False,False,True,False,True,True,False,True,False,False,1,1,0.0051,0.9949,$60K - $80K
44,0,4,0,Blue,39,5,1,4,9235.0,1796,0.958,1704.0,35.0,0.448,0.194,False,False,True,False,False,False,False,False,False,True,False,0,0,0.9735,0.0265,$40K - $60K
41,1,4,3,Blue,36,2,3,5,1438.3,312,0.657,1546.0,35.0,0.733,0.217,False,True,False,False,False,False,False,True,False,False,False,1,1,0.1383,0.8617,$80K - $120K
46,1,1,1,Blue,27,1,3,1,13056.0,1890,0.713,1478.0,38.0,0.672,0.145,False,False,False,False,True,False,False,True,False,False,False,0,0,0.9999,0.0001,$60K - $80K
61,1,0,1,Blue,43,3,3,5,1438.3,0,0.7,2132.0,31.0,0.424,0.0,False,False,False,False,True,False,False,False,True,False,False,1,1,0.4043,0.5957,$60K - $80K
34,1,1,3,Blue,27,5,2,4,19900.0,1581,0.838,1419.0,38.0,0.846,0.079,False,True,False,False,False,False,False,True,False,False,False,0,0,1.0,0.0,Less than $40K
32,0,1,0,Blue,19,3,2,1,1438.3,0,0.686,1065.0,27.0,0.612,0.0,False,False,False,False,False,True,False,False,False,True,False,0,0,0.9986,0.0014,$40K - $60K
47,1,2,1,Silver,35,1,3,1,30300.0,1166,0.715,1364.0,40.0,0.882,0.038,False,False,False,True,False,False,False,False,True,False,False,0,0,0.981,0.019,$40K - $60K
48,1,3,1,Blue,42,1,3,2,34516.0,1224,1.0275965,2247.0,36.0,0.5829694,0.035311896,False,False,False,False,False,True,False,True,False,False,False,1,1,0.0052,0.9948,$60K - $80K
54,0,3,1,Blue,36,6,1,2,4928.0,1805,0.641,1111.0,26.0,0.698,0.366,False,True,False,False,False,False,False,False,False,False,True,0,0,1.0,0.0,Less than $40K
42,0,0,2,Blue,29,3,3,3,2314.282,0,0.736378,1836.0,42.0,0.5252402,0.0,False,True,False,False,False,False,True,False,False,True,False,1,1,0.0141,0.9859,$60K - $80K
46,0,2,2,Blue,35,4,2,3,2888.0,1641,0.976,1164.0,35.0,1.179,0.568,False,False,False,True,False,False,False,False,False,True,False,0,0,0.9996,0.0004,$40K - $60K
41,1,5,1,Blue,31,1,3,2,5002.0,1945,1.035,2005.0,54.0,0.787,0.389,False,False,False,False,False,False,False,True,False,False,False,0,0,0.9994,0.0006,Less than $40K
40,1,4,1,Blue,33,3,3,2,19984.262,1217,0.5607916,1588.0,35.0,0.42000997,0.060855117,False,True,False,True,False,False,False,True,True,False,False,1,1,0.0383,0.9617,Less than $40K
50,1,2,2,Blue,35,4,2,4,9085.354,2357,0.65728307,2242.0,49.0,0.65774184,0.2593447,False,True,False,False,False,False,True,False,False,False,False,1,1,0.0368,0.9632,$40K - $60K
47,1,4,1,Blue,40,4,2,3,2498.0,2258,0.992,1415.0,45.0,0.706,0.904,False,False,True,False,False,False,True,False,False,False,False,0,0,0.9977,0.0023,Less than $40K
48,0,2,0,Blue,35,2,2,3,5562.952,1092,0.44432345,2483.0,74.0,0.45468658,0.19700794,False,True,False,True,False,False,True,False,False,False,False,1,1,0.0,1.0,Less than $40K
49,0,0,1,Blue,40,3,4,4,3547.0,2517,0.805,1239.0,33.0,0.731,0.71,True,False,False,False,False,False,False,False,False,True,False,1,1,0.001,0.999,$60K - $80K
53,1,3,2,Blue,36,3,1,0,30883.0,1694,0.86,2057.0,53.0,0.533,0.055,True,False,False,False,False,False,False,False,False,False,False,0,0,0.9969,0.0031,$40K - $60K
44,1,2,0,Blue,38,2,1,2,16553.0,0,0.488,1228.0,26.0,0.907,0.0,False,False,False,False,True,False,False,True,False,False,False,0,0,0.9954,0.0046,$60K - $80K
40,1,2,1,Blue,31,6,1,2,6500.0,2025,0.656,1629.0,32.0,0.673,0.312,False,True,False,False,False,False,True,False,False,False,False,0,0,1.0,0.0,$80K - $120K
54,1,1,1,Blue,42,4,1,4,9642.0,2517,0.614,2076.0,58.0,0.458,0.261,False,False,False,False,False,False,False,False,True,False,False,0,0,0.9647,0.0353,$120K +
46,0,1,1,Blue,37,2,2,2,1803.1655,0,0.43519965,1231.0,34.0,0.33722594,0.0,False,False,False,True,False,False,True,False,False,True,False,1,1,0.0,1.0,$40K - $60K
46,0,2,1,Blue,33,2,3,3,3671.6953,0,0.82750326,1655.0,27.0,0.49896023,0.0,False,False,True,False,True,False,True,False,False,True,False,1,1,0.0,1.0,$40K - $60K
34,0,1,1,Blue,36,2,2,2,2397.4246,500,0.64238447,1477.0,23.0,0.38079855,0.20940527,False,False,False,False,False,True,False,True,False,True,False,1,1,0.0002,0.9998,$80K - $120K
42,0,4,1,Blue,23,4,1,2,8348.0,0,0.695,1501.0,45.0,0.708,0.0,False,False,False,False,True,False,False,False,False,False,True,0,0,0.9967,0.0033,$60K - $80K
41,1,2,1,Blue,13,4,2,2,2243.0,1944,0.942,1313.0,36.0,0.674,0.867,False,False,False,False,True,False,False,True,False,False,False,0,0,0.9993,0.0007,$60K - $80K
39,1,3,2,Blue,36,5,3,4,2527.0,2204,0.9,2045.0,39.0,0.771,0.872,False,True,False,False,False,False,False,True,False,False,False,0,0,1.0,0.0,$80K - $120K
43,0,4,1,Blue,27,3,2,2,1438.3,0,0.7131451,1448.0,30.0,0.6595129,0.0,True,False,False,False,True,False,False,False,True,True,False,1,1,0.0006,0.9994,$60K - $80K
37,1,3,2,Blue,24,1,2,3,3437.0,1064,0.851,858.0,22.0,0.854,0.31,False,False,True,False,False,False,False,False,True,False,False,0,0,0.9994,0.0006,Less than $40K
46,1,2,2,Blue,34,2,3,2,7049.9785,0,0.83497787,1591.0,37.0,0.504956,0.0,False,False,False,False,True,True,False,False,True,False,False,1,1,0.0,1.0,Less than $40K
60,1,1,2,Blue,54,6,3,3,1848.0,1408,0.779,842.0,24.0,0.923,0.762,False,True,False,False,False,False,True,False,False,False,False,0,0,1.0,0.0,Less than $40K
55,0,2,2,Blue,45,4,2,3,1739.2385,0,0.8593757,781.0,28.0,0.43131423,0.0,False,False,False,False,True,True,False,True,False,True,False,1,1,0.0,1.0,$80K - $120K
49,1,2,2,Blue,37,4,3,3,34253.34,0,0.63714373,1529.0,30.0,0.47179687,0.0,False,True,True,False,False,False,False,False,False,False,False,1,1,0.0006,0.9994,$80K - $120K
51,0,1,1,Blue,44,4,2,2,1900.9904,1487,0.6867316,2422.0,46.0,0.6558972,0.7849964,True,False,False,False,False,False,True,False,False,True,False,1,1,0.0017,0.9983,Unknown
49,1,2,1,Blue,39,2,2,2,2158.2327,0,0.57689595,1825.0,50.0,0.21476604,0.0,False,False,False,False,True,False,False,True,True,False,False,1,1,0.0002,0.9998,$60K - $80K
51,0,1,2,Blue,36,5,3,3,1742.5758,0,0.50026,1555.0,29.0,0.85749745,0.0,False,False,True,False,False,True,False,False,False,True,False,1,1,0.0002,0.9998,$40K - $60K
57,1,1,2,Blue,44,3,3,2,9843.0,1273,0.563,2789.0,50.0,0.571,0.129,False,True,False,False,False,False,False,True,False,False,False,0,0,0.9996,0.0004,Less than $40K
32,1,1,2,Blue,26,6,3,4,18889.0,1880,0.702,1308.0,41.0,0.774,0.1,False,True,False,False,False,False,False,False,False,False,True,0,0,0.9988,0.0012,$120K +
58,0,2,2,Blue,49,3,3,2,11272.977,2005,0.7667121,2489.0,54.0,0.61631733,0.17749609,False,False,False,False,True,False,False,False,True,True,False,1,1,0.0122,0.9878,Less than $40K
47,1,1,1,Blue,29,4,3,3,12416.993,0,0.6015129,1110.0,21.0,0.47445494,0.0,False,True,True,False,False,False,False,True,True,False,False,1,1,0.0083,0.9917,Less than $40K
41,1,1,1,Blue,30,3,3,2,34516.0,2109,0.703,1260.0,32.0,0.706,0.061,False,True,False,False,False,False,False,False,True,False,False,0,0,0.9977,0.0023,Unknown
43,1,2,2,Blue,33,5,3,1,30137.0,1368,0.721,1741.0,43.0,0.897,0.045,False,False,False,False,True,False,False,False,False,False,False,0,0,0.9999,0.0001,Less than $40K
56,1,1,2,Blue,44,2,3,2,4781.1665,277,0.7577127,1845.0,40.0,0.57889766,0.058213644,False,False,True,False,False,False,False,False,True,False,False,1,1,0.0001,0.9999,$60K - $80K
49,0,3,2,Blue,35,5,1,2,2214.0,915,0.533,1483.0,38.0,0.545,0.413,False,False,False,True,False,False,False,False,False,True,False,1,1,0.202,0.798,$60K - $80K
45,0,0,1,Blue,36,1,1,3,19107.0,933,0.88,1463.0,32.0,0.561,0.049,True,False,False,False,False,False,True,False,False,False,False,0,0,0.9697,0.0303,$120K +
50,0,4,2,Blue,36,2,2,3,2477.0,0,0.445,1734.0,35.0,0.387,0.0,False,False,False,False,True,False,False,False,False,True,False,1,1,0.0005,0.9995,$120K +
49,1,2,1,Silver,43,4,4,4,15377.0,1516,0.627,1733.0,54.0,1.042,0.099,False,True,False,False,False,False,False,True,False,False,False,0,0,0.997,0.003,$80K - $120K
46,0,1,1,Silver,37,3,2,3,1713.2684,1510,0.8594576,1689.0,42.0,0.43188816,0.88367754,False,False,True,True,False,False,False,False,False,True,False,1,1,0.0004,0.9996,$120K +
56,0,2,1,Blue,36,3,3,2,5335.0,996,0.469,1865.0,53.0,0.433,0.187,False,True,False,False,False,False,False,False,False,False,True,0,0,0.9109,0.0891,$40K - $60K
37,0,2,1,Blue,21,2,2,2,31718.0,0,0.91,1413.0,46.0,0.641,0.0,False,False,False,False,False,True,False,False,False,False,True,1,1,0.0008,0.9992,Less than $40K
58,1,0,1,Blue,47,5,2,6,34516.0,0,0.9594412,853.0,12.0,0.83006287,0.0,False,True,True,False,False,False,False,False,True,False,False,1,1,0.0003,0.9997,$80K - $120K
39,1,3,1,Blue,27,1,3,1,19150.0,1093,0.716,1999.0,54.0,0.545,0.057,False,False,True,False,False,False,False,False,True,False,False,0,0,0.994,0.006,$120K +
44,0,4,3,Blue,38,2,2,3,2616.0,2505,0.828,1671.0,45.0,0.5,0.958,False,False,True,False,False,False,False,False,False,True,False,1,1,0.0003,0.9997,$120K +
50,1,2,1,Blue,43,4,3,4,3143.0,0,0.764,2118.0,64.0,0.321,0.0,False,False,False,False,False,True,False,True,False,False,False,1,1,0.0049,0.9951,$40K - $60K
49,0,1,1,Blue,44,4,3,2,2073.3582,0,0.9323203,1391.0,45.0,0.72069186,0.0,False,False,False,True,True,False,False,True,False,True,False,1,1,0.002,0.998,Less than $40K
35,1,0,1,Blue,35,4,2,3,12102.897,0,0.8290558,1729.0,52.0,0.786,0.0,False,True,False,False,True,False,True,False,False,True,False,1,1,0.0001,0.9999,$120K +
55,0,3,1,Blue,47,5,2,0,1929.0,1540,1.142,1393.0,35.0,0.786,0.798,False,False,False,False,False,True,True,False,False,False,False,0,0,0.9924,0.0076,$40K - $60K
59,0,1,1,Silver,54,5,3,0,2890.0,2001,1.334,1665.0,40.0,1.0,0.692,False,False,False,False,True,False,False,False,False,True,False,0,0,1.0,0.0,$80K - $120K
56,1,3,1,Blue,45,5,3,2,12248.0,0,0.894,2489.0,62.0,0.562,0.0,False,False,False,False,False,True,False,True,False,False,False,1,1,0.014,0.986,$80K - $120K
37,1,0,1,Blue,22,2,3,4,8704.232,0,0.41988698,1688.0,38.0,0.35808963,0.0,True,False,False,False,True,False,False,False,False,False,False,1,1,0.0001,0.9999,Unknown
52,1,4,1,Blue,36,5,2,2,7474.0,2444,0.619,1725.0,60.0,0.717,0.327,False,False,False,False,True,False,False,False,True,False,False,0,0,0.9989,0.0011,$80K - $120K
45,1,3,0,Blue,31,2,1,3,34516.0,1509,0.728,594.0,14.0,0.625,0.044,False,True,False,False,False,False,False,True,False,False,False,0,0,0.9999,0.0001,$40K - $60K
52,0,3,1,Blue,46,6,5,3,2814.0,2162,0.588,1852.0,55.0,0.833,0.768,False,True,False,False,False,False,False,False,False,True,False,0,0,1.0,0.0,$40K - $60K
42,0,4,1,Blue,23,3,3,2,7102.0,0,0.599,1389.0,34.0,0.744,0.0,False,False,False,False,False,False,False,False,False,False,True,0,0,0.9999,0.0001,Less than $40K
39,0,1,3,Blue,36,3,4,1,6690.0,1912,0.609,902.0,31.0,0.538,0.286,False,True,False,False,False,False,False,False,False,True,False,0,0,0.9968,0.0032,Less than $40K
53,0,4,2,Blue,34,6,2,2,6721.0,1115,0.79,1387.0,31.0,0.759,0.166,False,False,False,False,False,True,False,False,False,True,False,0,0,0.9934,0.0066,Unknown
58,0,1,1,Blue,46,4,1,3,2799.0,1532,0.583,2053.0,33.0,0.537,0.547,False,False,True,False,False,False,False,False,False,True,False,0,0,1.0,0.0,Less than $40K
41,0,1,1,Blue,32,3,2,3,1438.3,0,0.53202087,1881.0,55.0,0.528785,0.0,False,True,False,False,True,False,False,False,False,True,True,1,1,0.0,1.0,$80K - $120K
56,0,2,1,Blue,49,1,3,3,6380.0,2517,0.706,840.0,20.0,1.064,0.395,False,False,True,False,False,False,True,False,False,False,False,0,0,0.9984,0.0016,Less than $40K
46,0,2,1,Blue,27,6,3,3,9881.0,1794,0.582,803.0,15.0,0.735,0.182,False,False,False,False,False,False,False,False,False,False,True,0,0,1.0,0.0,Unknown
57,0,1,3,Silver,42,3,1,1,2542.0,1884,0.715,1562.0,43.0,1.095,0.741,False,False,True,False,False,False,True,False,False,False,False,0,0,1.0,0.0,$40K - $60K
59,0,0,2,Blue,48,4,2,2,3030.0,1251,0.694,787.0,21.0,0.775,0.413,False,False,False,True,False,False,False,False,False,True,False,0,0,0.9998,0.0002,$80K - $120K
56,1,3,1,Blue,36,6,3,3,34516.0,1047,0.61,2098.0,52.0,0.429,0.03,False,False,False,False,True,False,False,False,False,False,False,0,0,0.98,0.02,$40K - $60K
36,0,2,1,Blue,36,3,2,2,1848.3176,0,0.90409434,694.0,18.0,0.4335884,0.0,False,False,True,False,False,False,True,True,False,False,False,1,1,0.0001,0.9999,$120K +
55,0,3,0,Blue,43,3,1,1,20975.363,2027,0.6979728,3132.0,66.0,0.45019516,0.09598493,False,False,True,True,False,False,False,False,True,False,True,1,0,0.5356,0.4644,Less than $40K
45,0,3,1,Blue,39,4,3,3,2606.0,1978,0.443,2036.0,50.0,0.5,0.759,False,False,False,False,False,True,False,False,False,True,False,0,1,0.0002,0.9998,$80K - $120K
48,1,4,1,Blue,36,2,3,3,2072.0,1499,0.598,1724.0,47.0,0.651,0.723,False,True,False,False,False,False,False,True,False,False,False,0,0,1.0,0.0,Less than $40K
50,1,3,2,Blue,36,1,2,3,7970.0,2282,0.28,1561.0,26.0,0.206,0.286,False,False,False,False,True,False,False,False,False,False,False,1,1,0.0002,0.9998,$40K - $60K
50,0,1,2,Blue,36,1,3,4,2422.0,502,0.997,1085.0,29.0,0.484,0.207,False,True,False,False,False,False,False,False,False,True,False,1,1,0.0005,0.9995,$80K - $120K
47,0,3,2,Blue,36,3,2,1,1636.98,1315,0.4019255,1964.0,54.0,0.31310895,0.8034358,False,True,False,False,True,False,False,True,False,False,True,1,1,0.0003,0.9997,Less than $40K
39,1,2,0,Blue,24,4,2,3,18164.922,227,0.9807891,1762.0,34.0,0.48580155,0.012739443,False,True,False,False,False,True,True,True,False,False,False,1,1,0.0227,0.9773,$80K - $120K
48,1,3,3,Blue,35,5,1,3,2829.0,2342,0.991,1514.0,47.0,1.05,0.828,False,True,False,False,False,False,False,True,False,False,False,0,0,0.9997,0.0003,$40K - $60K
48,0,2,1,Blue,42,3,1,3,4869.528,640,0.48332715,1516.0,44.0,0.48690456,0.13115479,False,False,True,False,False,False,True,True,False,False,False,1,1,0.1007,0.8993,$80K - $120K
48,1,3,1,Blue,37,6,2,0,34516.0,1948,0.666,2591.0,55.0,0.705,0.056,False,False,True,False,False,False,False,True,False,False,False,0,0,0.9999,0.0001,Less than $40K
36,0,3,1,Blue,36,2,2,3,1697.044,0,0.80593956,1847.0,39.0,0.53533566,0.0,False,False,False,False,True,False,True,False,False,True,False,1,1,0.0002,0.9998,Less than $40K
51,1,2,1,Blue,44,4,1,0,6205.0,2204,0.803,1629.0,36.0,0.556,0.355,False,False,False,False,False,True,True,False,False,False,False,0,0,0.9976,0.0024,Less than $40K
40,1,2,1,Blue,26,2,3,3,14131.824,0,0.57374716,2144.0,44.0,1.3298723,0.0,False,True,False,False,True,False,False,True,False,False,False,1,1,0.0002,0.9998,Unknown
35,1,4,1,Blue,24,6,3,4,12634.0,0,0.323,1060.0,32.0,0.286,0.0,False,True,False,False,False,False,False,False,True,False,False,1,1,0.034,0.966,Unknown
39,0,1,2,Blue,38,3,2,4,1655.3251,0,0.3236125,1457.0,43.0,0.37037757,0.0,True,True,False,False,False,False,False,False,False,True,False,1,1,0.0,1.0,$60K - $80K
52,0,2,2,Blue,45,5,2,2,2155.0,1219,0.805,1114.0,27.0,0.791,0.566,False,False,False,False,False,True,False,False,False,True,False,0,0,1.0,0.0,$80K - $120K
45,1,4,2,Blue,36,6,3,1,8063.0,1485,0.872,1925.0,40.0,0.833,0.184,False,True,False,False,False,False,False,False,True,False,False,0,0,1.0,0.0,Unknown
35,0,2,2,Blue,26,6,1,2,3269.0,1434,0.63,2510.0,44.0,0.65,0.439,False,True,False,False,False,False,False,False,False,False,True,0,0,0.9996,0.0004,Less than $40K
36,0,1,2,Blue,25,1,2,3,2835.0,2511,0.731,1169.0,31.0,0.925,0.886,True,False,False,False,False,False,False,False,False,True,False,0,0,0.9989,0.0011,$60K - $80K
48,1,4,1,Blue,36,2,3,2,22917.0,0,0.574,1852.0,47.0,0.5,0.0,False,False,False,False,False,True,False,False,True,False,False,1,1,0.001,0.999,Unknown
43,1,3,1,Blue,35,4,3,3,6411.81,0,0.4523916,1257.0,34.0,0.45278013,0.0,False,True,False,False,True,False,False,True,False,False,False,1,1,0.0009,0.9991,$80K - $120K
51,1,2,1,Blue,42,3,3,0,24221.0,1707,0.816,1931.0,67.0,0.538,0.07,False,True,False,False,False,False,False,False,False,False,False,0,0,0.9911,0.0089,$60K - $80K
61,1,0,2,Blue,48,6,2,2,21740.0,0,0.676,1311.0,31.0,0.543,0.0,False,False,False,False,True,False,False,False,True,False,False,0,0,0.9823,0.0177,Unknown
45,1,2,1,Blue,36,6,1,3,31625.0,0,0.559,1612.0,33.0,0.674,0.0,False,False,False,False,False,False,False,False,True,False,False,0,0,0.9999,0.0001,$80K - $120K
48,0,2,1,Blue,37,3,2,2,8446.0,908,0.604,2022.0,59.0,0.763,0.108,False,False,True,False,False,False,False,False,False,False,True,0,0,1.0,0.0,Less than $40K
50,0,1,1,Blue,33,1,3,3,7127.02,0,0.46291295,738.0,16.0,0.49860683,0.0,True,True,False,False,False,False,False,False,False,True,False,1,1,0.0001,0.9999,$40K - $60K
41,0,3,0,Blue,31,3,2,3,1438.3,0,0.38497055,1558.0,48.0,0.35012758,0.0,False,False,False,False,False,True,False,False,False,True,False,1,1,0.0003,0.9997,Less than $40K
46,0,3,2,Blue,39,1,0,4,13092.0,1962,0.686,1670.0,37.0,0.25,0.15,False,False,True,False,False,False,False,False,False,True,False,1,1,0.0058,0.9942,Less than $40K
47,1,4,1,Blue,34,6,3,3,18178.0,0,0.922,1388.0,27.0,0.682,0.0,False,True,False,False,False,False,False,False,True,False,False,0,0,0.9143,0.0857,$60K - $80K
48,1,3,2,Blue,40,6,3,3,4476.0,0,0.683,1392.0,38.0,0.634,0.0,False,False,False,False,False,True,False,True,False,False,False,0,0,0.9995,0.0005,Less than $40K
42,0,2,0,Blue,37,2,3,3,2310.0903,0,0.6249908,1311.0,34.0,0.3309127,0.0,True,False,False,False,False,True,True,False,False,False,False,1,1,0.0,1.0,Less than $40K
32,0,1,1,Blue,36,1,1,2,4097.0,1293,0.671,1777.0,54.0,0.786,0.316,False,False,True,False,False,False,False,False,False,True,False,0,0,0.9999,0.0001,$80K - $120K
50,1,1,1,Blue,36,2,3,4,15739.6045,0,0.84278893,1367.0,33.0,0.46310553,0.0,False,True,True,False,False,False,False,True,False,False,False,1,1,0.0053,0.9947,$120K +
45,1,3,1,Blue,38,2,3,2,34516.0,343,0.94397366,1431.0,27.0,1.0024846,0.009555182,False,False,False,False,True,True,False,False,True,False,False,1,1,0.0003,0.9997,$40K - $60K
60,1,2,1,Blue,50,3,1,2,9033.0,845,0.663,1406.0,23.0,0.4,0.094,False,True,False,False,False,False,False,True,False,False,False,0,0,0.9872,0.0128,$80K - $120K
51,0,2,1,Blue,39,3,1,2,6462.0,2517,0.842,3597.0,64.0,0.833,0.39,False,False,False,False,False,True,False,False,False,True,False,0,0,0.9995,0.0005,$40K - $60K
35,1,0,0,Blue,25,1,2,2,34516.0,364,0.2753399,2959.0,58.0,0.2991203,0.010939664,False,True,False,True,False,False,False,False,True,False,False,1,1,0.0008,0.9992,Unknown
51,0,2,3,Blue,44,4,6,4,5489.0,1665,0.742,1594.0,43.0,0.786,0.303,False,False,False,False,False,True,True,False,False,False,False,0,0,0.9999,0.0001,$120K +
42,0,3,2,Blue,37,6,1,3,6453.0,0,0.76,1319.0,34.0,0.609,0.0,False,False,False,False,False,True,False,False,False,True,False,0,0,0.9961,0.0039,Unknown
45,0,2,1,Blue,32,1,3,5,1798.295,0,0.67937905,861.0,15.0,0.5579987,0.0,False,False,True,False,True,False,True,True,False,False,False,1,1,0.0,1.0,$80K - $120K
51,1,3,1,Blue,40,6,3,2,7319.0,1692,0.701,2253.0,59.0,0.611,0.231,False,False,True,False,False,False,False,False,False,False,False,0,0,0.9996,0.0004,Unknown
46,0,2,2,Blue,41,2,2,4,3344.6787,0,0.5745766,1815.0,33.0,0.42683265,0.0,False,False,True,False,False,False,False,False,True,True,False,1,1,0.0,1.0,$80K - $120K
50,1,1,2,Blue,38,3,2,4,34516.0,0,0.90986955,2229.0,57.0,0.9095267,0.0,False,False,True,False,False,False,False,False,True,False,False,1,1,0.0007,0.9993,$40K - $60K
47,0,2,1,Blue,35,2,1,1,15155.0,1287,0.868,1008.0,21.0,0.58,0.085,False,False,False,False,True,False,False,False,False,False,True,0,0,0.991,0.009,$120K +
43,1,3,1,Blue,24,6,3,1,4726.0,1161,0.698,1757.0,59.0,0.896,0.246,False,False,False,False,False,False,False,False,True,False,False,0,0,0.9999,0.0001,$40K - $60K
42,0,4,2,Blue,27,4,2,3,1438.3,1028,0.6663796,1805.0,44.0,0.55118966,0.7145952,False,False,False,False,False,True,True,False,False,False,True,1,1,0.0333,0.9667,Less than $40K
43,0,3,1,Blue,36,1,2,3,1438.3,0,0.51766557,1338.0,29.0,1.0383048,0.0,False,True,False,False,False,False,False,True,False,True,False,1,1,0.0008,0.9992,$40K - $60K
47,0,5,1,Blue,39,3,3,4,7128.0,1560,0.573,2229.0,53.0,0.76,0.219,False,True,False,False,False,False,False,False,False,True,False,0,0,0.9632,0.0368,Less than $40K
33,1,1,1,Blue,36,1,3,3,8920.839,169,0.45004916,1498.0,49.0,0.42726895,0.019222336,False,False,True,False,False,True,False,True,False,False,False,1,1,0.0006,0.9994,$120K +
45,1,2,1,Blue,36,4,2,2,6364.4043,0,0.59545356,1790.0,31.0,0.7564316,0.0,False,True,True,False,False,False,True,True,False,False,False,1,1,0.0052,0.9948,$60K - $80K
45,1,4,2,Blue,35,2,2,3,13445.0,1186,0.56,2793.0,67.0,0.608,0.088,False,False,False,False,False,False,False,True,False,False,False,0,0,0.9997,0.0003,$80K - $120K
43,1,3,3,Blue,36,2,3,3,4878.0,2098,0.665,1968.0,64.0,0.68,0.43,False,True,False,False,False,False,True,False,False,False,False,0,0,0.9998,0.0002,$60K - $80K
47,0,4,2,Blue,39,3,1,0,1746.0,0,0.763,4088.0,84.0,0.974,0.0,False,False,True,False,False,False,True,False,False,False,False,0,0,0.9999,0.0001,$80K - $120K
50,0,3,2,Blue,43,3,3,3,4058.5435,0,0.62838745,1264.0,31.0,0.5047597,0.0,False,False,True,False,False,False,True,False,False,True,False,1,1,0.0,1.0,Less than $40K
39,1,3,1,Blue,33,4,3,2,3477.0,1875,0.907,2017.0,40.0,1.083,0.539,False,True,False,False,False,False,False,True,False,False,False,0,0,1.0,0.0,Less than $40K
35,0,2,1,Blue,27,4,2,3,1824.3866,0,0.92630816,1439.0,42.0,0.56237376,0.0,False,True,True,False,False,False,False,True,False,True,False,1,1,0.0002,0.9998,$40K - $60K
55,0,1,1,Gold,39,1,3,3,12972.0,1424,0.525,2327.0,65.0,0.2,0.11,True,False,False,False,False,False,False,False,False,False,True,1,1,0.0003,0.9997,Less than $40K
46,0,2,1,Blue,36,4,2,3,4130.085,0,0.5140733,1721.0,56.0,0.35765344,0.0,False,False,False,True,False,False,False,False,False,True,False,1,1,0.0025,0.9975,$80K - $120K
35,0,4,2,Blue,29,6,3,0,2118.0,1189,1.158,1888.0,43.0,0.818,0.561,False,True,False,False,False,False,False,False,False,True,False,0,0,0.9999,0.0001,$60K - $80K
41,0,2,1,Blue,33,3,3,3,3893.0,1157,1.169,1953.0,61.0,0.773,0.297,False,False,False,False,True,False,False,False,False,True,False,0,0,0.9996,0.0004,$40K - $60K
42,0,4,2,Blue,34,5,3,2,15449.0,0,0.783,1652.0,40.0,0.588,0.0,False,False,False,False,False,False,False,False,False,False,True,0,0,0.9999,0.0001,$80K - $120K
52,1,0,1,Blue,47,2,1,1,34516.0,1464,0.689,1939.0,36.0,0.673,0.042,False,False,False,False,False,False,False,False,False,False,False,0,0,0.9996,0.0004,$40K - $60K
48,0,3,1,Blue,36,4,3,3,2473.8901,1342,0.4733115,1715.0,43.0,0.32248202,0.5426799,False,True,False,False,False,True,False,False,False,True,False,1,1,0.0002,0.9998,$80K - $120K
44,0,3,1,Blue,35,5,3,3,1684.736,0,0.5626535,2372.0,53.0,0.60168105,0.0,False,False,False,False,True,False,False,False,False,True,True,1,1,0.0001,0.9999,Less than $40K
35,0,1,3,Blue,29,4,3,3,1438.3,966,0.871,1238.0,30.0,0.761,0.672,False,False,False,False,False,False,False,False,False,False,True,0,0,0.9997,0.0003,$40K - $60K
39,1,1,2,Blue,33,6,1,2,2255.0,0,0.73,2389.0,43.0,0.884,0.0,False,True,False,False,False,False,True,False,False,False,False,0,0,1.0,0.0,Less than $40K
53,1,2,1,Blue,36,2,3,3,29249.395,0,0.6626629,2431.0,46.0,0.39811584,0.0,False,True,False,False,False,True,False,False,True,False,False,1,1,0.0002,0.9998,$60K - $80K
34,0,0,1,Gold,26,5,3,1,2291.0,0,0.892,1534.0,30.0,0.822,0.0,False,False,False,False,False,True,False,False,False,True,False,0,0,0.9365,0.0635,$80K - $120K
56,0,3,1,Blue,36,2,3,2,1872.0,661,0.756,2229.0,52.0,0.929,0.353,False,True,False,False,False,False,True,False,False,False,False,0,0,0.9999,0.0001,$40K - $60K
49,0,2,1,Blue,37,6,3,3,9723.0,2459,0.444,2449.0,56.0,1.0,0.253,False,False,False,False,True,False,False,False,False,True,False,0,0,0.9938,0.0062,$40K - $60K
45,0,2,1,Blue,37,6,1,2,14470.0,1157,0.966,1999.0,39.0,0.909,0.08,False,True,False,False,False,False,False,False,False,False,True,0,0,0.9974,0.0026,$40K - $60K
34,0,0,1,Blue,26,3,3,2,2991.0,1830,0.777,569.0,23.0,0.878,0.612,False,True,False,False,False,False,True,False,False,False,False,0,0,1.0,0.0,$40K - $60K
52,0,2,2,Silver,43,5,2,3,10351.0,1356,0.828,1293.0,31.0,1.054,0.131,False,True,False,False,False,False,False,False,False,False,True,0,0,1.0,0.0,Less than $40K
54,1,3,1,Blue,43,5,3,2,2884.0,1144,0.783,1314.0,40.0,0.698,0.397,False,False,True,False,False,False,False,False,False,False,False,0,0,1.0,0.0,$60K - $80K
50,0,0,2,Blue,40,3,2,3,1731.9126,0,0.86793345,1571.0,34.0,0.44937685,0.0,True,False,False,False,True,False,True,False,False,True,False,1,1,0.0,1.0,Unknown
35,0,3,2,Blue,23,6,3,1,2211.0,1370,0.781,2520.0,51.0,0.927,0.62,False,True,False,False,False,False,False,False,False,True,False,0,0,1.0,0.0,$40K - $60K
47,0,3,3,Blue,36,5,2,2,8109.0,0,0.601,1531.0,37.0,0.344,0.0,False,True,False,False,False,False,False,False,False,True,False,1,1,0.1432,0.8568,$40K - $60K
56,1,2,2,Blue,49,5,3,2,5466.0,0,0.587,1558.0,46.0,0.881,0.0,False,False,False,False,True,False,False,False,True,False,False,0,0,0.9998,0.0002,Less than $40K
36,0,2,1,Blue,34,4,1,3,2720.117,0,0.9402157,1902.0,56.0,0.44409257,0.0,False,True,False,False,True,False,False,False,False,True,False,1,1,0.0045,0.9955,$60K - $80K
52,1,2,1,Blue,42,5,3,2,21782.0,1006,0.654,1388.0,41.0,0.591,0.046,False,True,False,False,False,False,False,False,True,False,False,0,0,0.9907,0.0093,$80K - $120K
45,1,3,1,Blue,30,3,2,3,6463.5337,1908,0.71314985,2256.0,56.0,0.72566956,0.29557434,False,False,False,False,True,False,True,False,True,False,False,1,1,0.1512,0.8488,$80K - $120K
59,0,1,2,Blue,36,3,2,3,10031.0,0,0.238,1736.0,42.0,0.074,0.0,False,True,False,False,False,False,False,False,False,False,True,1,1,0.001,0.999,Unknown
55,0,2,2,Blue,42,4,3,3,1724.0,0,0.936,1685.0,49.0,0.811,0.0,False,True,False,False,False,False,False,False,False,True,False,0,0,0.9989,0.0011,$80K - $120K
48,1,2,2,Blue,31,6,3,3,3261.0,1730,0.682,1876.0,57.0,0.667,0.531,False,True,False,False,False,False,True,False,False,False,False,0,0,0.9999,0.0001,$80K - $120K
44,0,3,2,Blue,33,3,3,3,5362.0,1984,0.664,1699.0,48.0,0.642,0.37,False,False,True,False,False,False,False,False,False,True,False,0,0,1.0,0.0,$120K +
53,0,0,2,Blue,34,5,2,1,1944.0,1140,0.582,2580.0,67.0,0.907,0.586,False,True,False,False,False,False,False,False,False,True,False,0,0,0.9999,0.0001,Less than $40K
57,0,2,1,Gold,49,5,0,2,8629.41,437,0.49805954,1445.0,45.0,0.46274185,0.051274903,False,True,False,False,False,True,False,True,False,False,True,1,1,0.0033,0.9967,$80K - $120K
48,0,4,1,Blue,38,3,2,3,2732.0,0,0.76,1394.0,28.0,0.455,0.0,False,False,False,False,True,False,False,False,False,True,False,1,1,0.0006,0.9994,$80K - $120K
43,1,4,1,Blue,30,1,1,2,7386.0,656,0.885,818.0,16.0,0.68,0.089,False,False,False,False,False,False,True,False,False,False,False,0,0,0.9996,0.0004,Less than $40K
56,1,2,1,Blue,49,4,1,4,8902.0,1932,0.781,1135.0,24.0,1.071,0.217,False,True,False,False,False,False,False,False,False,False,False,0,0,0.898,0.102,$120K +
44,0,2,1,Blue,37,4,2,4,1989.8175,0,0.8618821,1824.0,53.0,0.71216357,0.0,False,True,False,False,False,True,False,False,False,True,False,1,1,0.0,1.0,Less than $40K
41,0,2,1,Blue,36,5,2,4,2602.0,1490,0.66,1267.0,31.0,0.66,0.573,False,False,True,False,False,False,True,False,False,False,False,0,0,1.0,0.0,$60K - $80K
59,0,0,0,Blue,35,2,3,3,2126.408,0,0.66441876,1315.0,31.0,0.6884225,0.0,False,True,True,False,False,False,False,False,False,True,False,1,1,0.0001,0.9999,$40K - $60K
43,1,3,2,Blue,34,6,1,2,20755.0,2276,0.801,1555.0,37.0,0.837,0.11,False,True,False,False,False,False,False,True,False,False,False,0,0,1.0,0.0,Less than $40K
59,0,1,2,Blue,53,1,5,2,8123.473,1814,1.0416929,2434.0,58.0,0.429359,0.22298704,False,False,True,False,False,False,False,False,False,True,False,1,1,0.0011,0.9989,$120K +
46,1,3,0,Blue,35,3,2,3,3497.2427,2517,0.7178454,1302.0,36.0,0.60050124,0.7193718,False,True,True,False,False,False,False,False,False,True,False,1,1,0.0004,0.9996,$80K - $120K
50,1,2,1,Blue,39,3,3,3,19214.393,2504,0.52873915,1717.0,50.0,0.31783235,0.13066149,False,False,True,False,False,False,False,False,True,False,False,1,1,0.0023,0.9977,$40K - $60K
51,1,2,2,Blue,40,3,2,0,6103.0,0,0.532,1509.0,45.0,0.829,0.0,True,False,False,False,False,False,True,False,False,False,False,0,0,0.9983,0.0017,$60K - $80K
52,1,0,2,Blue,39,5,3,3,34516.0,216,0.556,1433.0,40.0,0.306,0.006,False,False,True,False,False,False,False,False,False,False,False,1,1,0.0017,0.9983,$80K - $120K
54,1,1,1,Blue,42,3,2,2,2987.0,2517,0.479,1826.0,37.0,0.75,0.843,False,False,False,False,False,False,False,True,False,False,False,0,0,0.9921,0.0079,$60K - $80K
41,0,2,1,Blue,36,5,3,3,2690.0,1912,0.692,2305.0,45.0,0.7,0.711,False,False,False,False,True,False,True,False,False,False,False,0,0,0.9999,0.0001,$60K - $80K
44,0,4,1,Blue,33,1,2,1,8230.0,1333,0.692,1931.0,56.0,0.68,0.162,False,False,False,False,True,False,False,False,False,False,True,0,0,0.9987,0.0013,Less than $40K
37,0,2,2,Blue,36,2,3,0,1610.0,0,0.889,1731.0,54.0,0.406,0.0,False,True,False,False,False,False,False,False,False,True,False,1,1,0.0002,0.9998,Less than $40K
42,0,3,1,Blue,29,4,3,2,5640.0,0,0.77,1601.0,48.0,0.86,0.0,False,False,True,False,False,False,True,False,False,False,False,0,0,0.9984,0.0016,$40K - $60K
33,1,2,1,Blue,25,6,3,3,6242.0,491,1.054,1612.0,47.0,0.405,0.079,False,False,False,False,False,True,False,True,False,False,False,0,0,0.9926,0.0074,Unknown
38,0,3,2,Blue,31,2,3,2,15987.0,1766,0.791,1338.0,28.0,0.679,0.11,False,True,False,False,False,False,False,False,False,True,False,0,0,0.9997,0.0003,Less than $40K
49,0,2,1,Blue,40,3,2,3,1755.7522,1596,0.78483003,1295.0,29.0,0.62576514,0.91228366,True,False,False,False,False,True,True,False,False,True,False,1,1,0.0003,0.9997,Less than $40K
46,1,3,1,Blue,32,4,2,5,20860.0,1496,0.816,1385.0,31.0,0.697,0.072,False,False,False,False,False,False,False,False,True,False,False,0,0,0.9977,0.0023,$120K +
39,0,3,3,Blue,30,6,3,5,33905.0,2070,0.685,1749.0,33.0,0.768,0.061,False,True,False,False,False,False,False,False,False,False,True,0,0,0.9969,0.0031,$40K - $60K
50,0,5,2,Blue,33,4,3,3,2837.0,1377,0.564,1917.0,37.0,0.8,0.485,False,False,False,False,True,False,False,False,False,True,False,0,0,0.9985,0.0015,$60K - $80K
44,0,3,2,Blue,33,3,2,3,1438.3,0,0.54746157,2905.0,56.0,0.6776959,0.0,False,True,False,False,False,False,False,False,False,True,False,1,1,0.0,1.0,$40K - $60K
52,0,2,1,Blue,42,6,3,0,5456.0,0,0.337,1672.0,48.0,0.625,0.0,False,False,False,False,True,False,False,False,False,True,False,0,0,0.9987,0.0013,$40K - $60K
46,1,2,1,Blue,34,3,3,3,2925.0,2365,0.691,773.0,17.0,0.579,0.809,False,False,False,False,False,True,False,False,True,False,False,0,1,0.4937,0.5063,$80K - $120K
47,0,4,3,Blue,42,3,3,2,16998.0,1404,0.785,1578.0,30.0,0.693,0.083,False,False,True,False,False,False,False,False,False,False,True,0,0,0.9999,0.0001,$80K - $120K
47,1,3,1,Blue,38,4,1,2,21304.0,1532,1.018,1537.0,35.0,0.923,0.072,False,True,False,False,False,False,False,True,False,False,False,0,0,0.9997,0.0003,$80K - $120K
53,0,1,2,Blue,44,1,3,2,5541.0,2517,0.879,1426.0,37.0,0.825,0.454,False,True,False,False,False,False,False,False,False,True,False,1,1,0.0278,0.9722,Less than $40K
47,0,3,1,Silver,36,3,3,3,2034.1681,211,0.90911025,1410.0,37.0,0.740441,0.103823595,False,False,False,True,False,True,False,True,False,True,False,1,1,0.0001,0.9999,$40K - $60K
45,1,5,1,Blue,39,3,1,5,15198.0,2098,0.8,2064.0,33.0,0.73,0.138,False,True,False,False,False,False,True,False,False,False,False,0,0,0.9992,0.0008,Less than $40K
45,0,3,1,Blue,33,2,2,1,2870.934,280,0.83360815,4449.0,82.0,0.6024761,0.097562715,False,True,False,False,True,False,True,False,False,False,True,1,1,0.0,1.0,Less than $40K
46,0,4,1,Blue,36,3,3,4,1438.3,981,0.663,990.0,22.0,0.65,0.682,False,False,True,False,False,False,False,False,False,True,False,0,0,0.6663,0.3337,$60K - $80K
57,0,3,0,Blue,37,2,2,3,1494.9708,0,0.4312688,1972.0,41.0,0.22246982,0.0,False,True,False,False,False,True,False,False,False,True,False,1,1,0.0,1.0,Less than $40K
46,0,3,1,Silver,38,2,2,3,8060.4546,270,0.61868405,2227.0,61.0,0.50886637,0.033385992,False,False,True,False,True,False,True,False,False,False,True,1,1,0.0,1.0,$80K - $120K
57,1,1,1,Blue,41,1,3,3,15491.074,0,0.92455256,1731.0,29.0,0.587748,0.0,False,True,False,False,False,False,False,True,False,False,False,1,1,0.0002,0.9998,Less than $40K
41,0,5,1,Blue,36,5,3,3,1495.0,0,0.686,1561.0,41.0,0.628,0.0,False,False,False,True,False,False,False,False,False,True,False,1,1,0.4531,0.5469,$60K - $80K
43,0,2,1,Blue,29,5,1,3,7320.5425,0,0.64213425,1572.0,57.0,0.45608965,0.0,False,True,False,False,False,False,False,True,False,True,False,1,1,0.0006,0.9994,Less than $40K
44,0,1,2,Blue,39,3,3,3,1668.1392,0,0.33368075,1652.0,37.0,0.41962042,0.0,True,True,False,False,False,False,False,False,False,True,False,1,1,0.0,1.0,$40K - $60K
41,0,2,1,Blue,32,2,2,1,34516.0,0,0.9449734,1679.0,32.0,0.5320993,0.0,False,True,True,False,False,False,False,False,False,False,True,1,1,0.0006,0.9994,Less than $40K
38,0,1,1,Blue,29,3,3,3,8953.0,0,0.403,2962.0,57.0,0.303,0.0,False,True,False,False,False,False,False,False,False,False,True,1,1,0.0004,0.9996,$80K - $120K
48,1,3,1,Blue,36,5,1,3,30579.0,1351,0.759,1794.0,41.0,0.727,0.044,False,False,True,False,False,False,False,False,True,False,False,0,0,0.9971,0.0029,Unknown
47,0,1,2,Blue,41,5,3,2,3712.3242,0,0.6378091,1273.0,36.0,0.58413637,0.0,False,False,True,False,True,False,True,False,False,True,False,1,1,0.0071,0.9929,Less than $40K
47,1,3,2,Blue,36,3,2,1,2589.0,1693,0.878,1309.0,45.0,0.766,0.654,False,False,False,False,False,True,False,True,False,False,False,0,0,1.0,0.0,$40K - $60K
59,0,0,2,Blue,45,6,3,3,21358.0,1225,0.681,1347.0,30.0,0.75,0.057,False,True,False,False,False,False,True,False,False,False,False,0,0,1.0,0.0,$40K - $60K
45,0,3,1,Blue,37,6,2,2,3399.0,0,0.991,1592.0,30.0,0.66,0.0,False,False,True,False,False,False,True,False,False,False,False,1,1,0.3075,0.6925,$60K - $80K
48,0,1,0,Blue,38,3,3,2,4668.0,0,0.896,2021.0,50.0,0.453,0.0,False,False,False,False,True,False,False,False,False,True,False,0,0,0.99,0.01,$40K - $60K
42,1,3,3,Blue,36,3,2,1,21670.0,2183,0.995,2465.0,88.0,0.761,0.101,False,False,False,False,False,False,False,False,False,False,False,0,0,1.0,0.0,$80K - $120K
41,0,2,1,Blue,34,3,3,3,2475.2434,0,0.5587103,1836.0,46.0,0.49822035,0.0,True,False,False,False,False,True,True,False,False,False,False,1,1,0.0018,0.9982,$80K - $120K
51,1,2,1,Blue,40,1,2,4,4510.8325,0,0.62726986,1397.0,33.0,0.53926283,0.0,False,True,False,False,False,True,False,False,True,False,False,1,1,0.0004,0.9996,Less than $40K
54,1,1,1,Blue,40,3,4,3,24274.02,2278,0.36896053,1417.0,35.0,0.3395657,0.09391529,False,False,True,False,True,False,False,True,False,False,False,1,1,0.2229,0.7771,$40K - $60K
47,0,0,1,Blue,27,3,1,3,1776.0,691,0.878,1564.0,45.0,0.826,0.389,False,False,False,False,False,False,False,False,False,True,False,0,0,0.9999,0.0001,Unknown
49,0,3,2,Blue,36,2,2,0,2802.0,2363,0.75,2979.0,55.0,0.6,0.843,False,True,False,False,False,False,False,False,False,True,False,0,0,0.567,0.433,Unknown
34,0,1,2,Blue,36,4,2,3,3065.313,2517,0.66352075,1578.0,41.0,0.49105546,0.82164156,False,True,False,False,False,False,False,False,False,True,False,1,1,0.0034,0.9966,$80K - $120K
42,0,2,1,Blue,26,3,2,3,1438.3,838,0.67088187,3015.0,65.0,0.38197958,0.58295196,False,True,False,False,False,False,False,False,True,True,False,1,1,0.0004,0.9996,$80K - $120K
49,0,1,2,Blue,33,2,2,3,11406.372,405,0.9516464,1539.0,38.0,0.7955985,0.03678922,False,False,False,False,True,True,False,False,True,True,False,1,1,0.0363,0.9637,$60K - $80K
50,0,3,1,Blue,45,1,3,1,1789.0,1156,0.748,1306.0,26.0,0.63,0.646,False,True,False,False,False,False,False,False,False,True,False,0,0,0.9999,0.0001,$60K - $80K
42,0,3,1,Blue,30,1,3,3,4599.6206,1425,0.42028233,2330.0,69.0,0.36503917,0.31047636,False,False,False,False,True,True,False,True,False,True,False,1,1,0.0014,0.9986,Less than $40K
41,1,4,1,Blue,35,4,2,3,3497.0,0,0.696,2456.0,69.0,0.756,0.0,False,False,False,False,False,True,False,False,True,False,False,0,0,0.9989,0.0011,Less than $40K
48,0,2,1,Blue,41,2,2,2,5550.0,2517,0.767,2366.0,49.0,0.545,0.454,False,False,False,False,False,False,False,False,False,True,False,0,0,0.9971,0.0029,$80K - $120K
41,1,3,1,Blue,36,1,2,3,34516.0,0,0.43991113,1793.0,38.0,0.303605,0.0,False,False,False,False,True,True,False,False,False,False,False,1,1,0.0008,0.9992,Less than $40K
44,0,1,2,Blue,31,2,2,1,7136.435,0,0.9899008,1598.0,31.0,0.9930078,0.0,False,True,False,False,True,False,True,False,True,False,False,1,1,0.0002,0.9998,$40K - $60K
46,1,3,1,Blue,31,2,2,2,21161.0,1198,0.783,1856.0,57.0,0.625,0.057,True,False,False,False,False,False,False,True,False,False,False,0,0,0.9999,0.0001,$120K +
50,0,2,2,Blue,36,5,3,2,1721.0,1037,0.721,1852.0,62.0,0.727,0.603,False,False,False,False,True,False,False,False,False,True,False,0,0,0.5686,0.4314,Less than $40K
46,0,2,2,Blue,41,5,3,0,4745.0,1270,0.93,862.0,19.0,0.938,0.268,False,True,False,False,False,False,False,False,False,True,False,0,0,0.9997,0.0003,Less than $40K
49,0,2,1,Blue,39,4,3,3,2520.1694,443,0.6842926,1536.0,42.0,0.6162615,0.17578457,False,False,False,False,True,True,False,False,True,True,False,1,1,0.001,0.999,Less than $40K
49,0,2,2,Blue,37,5,1,4,2934.0,2381,0.762,1168.0,31.0,0.778,0.812,False,False,False,False,True,False,False,False,False,True,False,0,0,0.9999,0.0001,Unknown
53,0,3,1,Blue,36,6,2,2,2447.0,1558,0.511,3154.0,59.0,0.462,0.637,False,False,False,False,True,False,False,False,False,False,True,0,0,0.9862,0.0138,$60K - $80K
46,0,3,1,Blue,36,3,2,3,4416.0,1333,0.631,1318.0,28.0,0.647,0.302,False,True,False,False,False,False,False,False,False,True,False,0,0,1.0,0.0,$60K - $80K
32,0,2,1,Blue,20,1,3,2,9761.0,1470,0.796,2602.0,42.0,0.732,0.151,False,False,False,False,False,True,False,False,False,True,False,0,0,0.9999,0.0001,Less than $40K
50,0,2,2,Blue,41,2,3,2,14931.043,0,0.7595569,1970.0,40.0,0.7779838,0.0,False,False,True,False,False,True,False,False,False,True,False,1,1,0.0186,0.9814,Less than $40K
31,0,0,1,Blue,20,5,1,1,1438.3,0,0.689,1661.0,35.0,0.755,0.0,False,True,False,False,False,False,False,False,False,True,False,0,0,0.9997,0.0003,$60K - $80K
39,0,3,1,Blue,26,5,2,5,2190.0,0,0.691,3165.0,65.0,0.6,0.0,False,False,False,False,False,True,False,False,False,True,False,1,1,0.0016,0.9984,Less than $40K
44,0,2,1,Blue,36,2,3,2,5356.0786,2168,0.518813,1382.0,40.0,0.62493485,0.4045292,True,False,False,False,False,False,True,False,False,True,False,1,1,0.0015,0.9985,$80K - $120K
42,0,3,2,Blue,29,6,3,2,1545.0,751,0.551,1258.0,24.0,0.59,0.486,False,False,True,False,False,False,True,False,False,False,False,0,0,0.9927,0.0073,Less than $40K
54,1,2,2,Blue,42,4,3,4,34516.0,173,0.48923033,1814.0,43.0,0.64396906,0.004760514,False,True,False,False,True,False,False,False,False,False,False,1,1,0.0013,0.9987,$40K - $60K
46,1,2,2,Blue,34,4,3,2,14310.0,694,0.558,1596.0,42.0,0.478,0.048,True,False,False,False,False,False,False,False,True,False,False,0,0,0.6291,0.3709,$40K - $60K
53,1,4,2,Blue,42,3,3,4,8386.0,2375,0.539,1816.0,30.0,0.718,0.283,False,False,False,False,False,True,False,True,False,False,False,0,0,0.9983,0.0017,$60K - $80K
41,1,4,1,Blue,30,3,2,2,1614.0,700,0.842,1164.0,43.0,0.812,0.434,False,False,True,False,False,False,False,False,False,True,False,0,0,1.0,0.0,Less than $40K
36,1,3,1,Blue,26,3,2,3,17116.0,939,1.575,1667.0,47.0,0.731,0.055,False,False,False,False,False,False,False,False,False,False,False,0,0,0.9941,0.0059,Unknown
45,1,3,0,Blue,25,2,2,3,6614.0,1881,0.737,1362.0,24.0,0.645,0.284,False,False,False,False,True,False,False,False,True,False,False,1,1,0.2367,0.7633,Unknown
43,0,3,0,Blue,38,3,3,3,7084.0,0,0.523,1598.0,45.0,0.294,0.0,False,False,True,False,False,False,False,False,False,True,False,1,1,0.0002,0.9998,$80K - $120K
48,0,1,1,Blue,29,3,3,2,2692.34,1602,0.5461718,1943.0,47.0,0.87367696,0.59543437,False,True,True,False,False,False,True,False,False,False,True,1,1,0.0491,0.9509,Less than $40K
48,0,3,1,Blue,40,6,3,3,13991.0,1580,0.864,2228.0,39.0,0.721,0.113,False,False,False,True,False,False,False,False,False,True,False,0,0,0.9999,0.0001,Unknown
45,0,3,1,Blue,34,3,3,1,1451.1874,0,0.7178148,1665.0,36.0,0.6093833,0.0,False,True,False,False,False,False,False,False,False,True,False,1,1,0.0,1.0,$80K - $120K
42,0,3,1,Blue,29,5,3,3,13779.85,2517,0.66059935,1170.0,23.0,0.6922893,0.18265814,False,True,False,False,False,False,True,False,True,False,False,1,1,0.0014,0.9986,$40K - $60K
38,1,0,1,Blue,31,4,3,3,16565.0,1200,0.68,2333.0,56.0,0.8,0.072,False,False,True,False,False,False,False,True,False,False,False,0,0,0.9997,0.0003,$120K +
53,1,4,1,Blue,36,3,2,2,3924.0,2517,0.511,2305.0,60.0,0.667,0.641,False,True,False,False,False,False,False,False,True,False,False,0,0,0.9796,0.0204,$80K - $120K
42,1,5,1,Blue,22,6,2,4,5096.0,0,0.808,2231.0,58.0,0.483,0.0,False,False,False,False,False,True,False,True,False,False,False,1,1,0.0827,0.9173,Less than $40K
47,0,4,2,Blue,36,2,2,3,2263.0,0,0.752,1543.0,35.0,0.375,0.0,False,False,False,False,False,False,False,False,False,True,False,1,1,0.0001,0.9999,Less than $40K
65,1,1,2,Blue,56,6,2,4,13364.0,1318,1.063,1233.0,26.0,0.862,0.099,False,False,False,False,False,True,True,False,False,False,False,0,0,0.9837,0.0163,$80K - $120K
48,1,3,1,Blue,37,2,2,3,8552.182,0,1.0191343,2283.0,55.0,0.795282,0.0,False,False,True,False,True,False,False,False,True,False,False,1,1,0.0003,0.9997,Less than $40K
65,0,1,2,Silver,55,5,2,4,6463.0,1660,0.995,2121.0,49.0,1.722,0.257,False,True,False,False,False,False,False,False,False,False,True,0,0,0.9907,0.0093,Less than $40K
43,0,1,2,Blue,32,2,2,2,3325.1614,1558,0.24526586,1813.0,52.0,0.5431353,0.4857751,False,False,False,False,False,True,False,False,True,True,False,1,1,0.0035,0.9965,$80K - $120K
45,0,3,2,Blue,39,5,2,4,21425.0,1459,1.061,1401.0,35.0,0.538,0.068,False,True,False,False,False,False,True,False,False,False,False,0,0,0.9906,0.0094,$80K - $120K
49,1,1,1,Blue,40,3,2,3,29981.625,329,0.7105511,1475.0,35.0,0.71939343,0.010785005,False,True,True,False,False,False,False,False,True,False,False,1,1,0.0002,0.9998,$120K +
47,0,1,1,Blue,41,3,2,3,2950.0,1642,0.8,1362.0,26.0,0.694,0.557,False,False,True,False,False,False,False,False,False,False,True,0,0,1.0,0.0,$80K - $120K
49,0,2,2,Blue,34,6,2,3,2694.7588,1488,0.5627458,2309.0,62.0,0.353643,0.5548692,False,True,True,False,False,False,False,False,False,True,False,1,1,0.0088,0.9912,$40K - $60K
59,0,0,1,Silver,51,6,1,0,1438.3,0,0.715,2492.0,56.0,0.688,0.0,False,False,False,False,False,False,False,False,False,True,False,0,0,1.0,0.0,Less than $40K
48,0,2,2,Blue,36,3,1,3,1808.7736,0,0.6904528,1468.0,44.0,0.52757335,0.0,False,True,True,False,False,False,False,False,True,True,False,1,1,0.0003,0.9997,Less than $40K
51,1,2,0,Blue,38,2,2,4,34516.0,2463,0.58083385,1381.0,33.0,0.5257164,0.0715369,False,False,True,False,True,False,False,False,True,False,False,1,1,0.0024,0.9976,$80K - $120K
47,0,2,2,Blue,40,2,3,2,2798.173,2279,0.48510763,1799.0,47.0,0.4962619,0.8150359,False,False,True,False,True,False,False,False,False,True,True,1,1,0.0,1.0,Less than $40K
43,0,3,1,Blue,32,6,3,3,1897.0,0,0.645,1806.0,38.0,0.469,0.0,False,False,False,False,True,False,False,False,False,True,False,1,1,0.0111,0.9889,$80K - $120K
32,0,0,1,Blue,18,3,2,3,1650.8667,1533,0.6413918,1663.0,33.0,0.61541826,0.9372472,False,True,False,True,False,False,False,False,False,True,False,1,1,0.009,0.991,$40K - $60K
47,0,3,2,Blue,30,2,2,3,34516.0,0,0.42486042,1986.0,36.0,0.36322802,0.0,False,False,True,False,False,True,False,False,False,False,True,1,1,0.0,1.0,$80K - $120K
49,1,3,1,Blue,36,6,1,3,22651.0,1085,0.81,1731.0,46.0,0.674,0.048,False,False,False,False,False,True,False,True,False,False,False,0,0,1.0,0.0,Unknown
59,1,0,1,Blue,47,6,3,4,1479.0,787,0.865,1390.0,30.0,0.556,0.532,False,False,True,False,False,False,False,False,False,True,False,0,0,0.9999,0.0001,Unknown
56,1,0,2,Blue,51,3,5,5,24953.191,321,0.88230073,1741.0,45.0,0.7228992,0.012983201,False,False,True,False,True,False,False,True,True,False,False,1,1,0.0045,0.9955,$60K - $80K
37,1,4,2,Blue,30,5,1,4,15936.0,827,1.085,1559.0,49.0,1.042,0.052,False,False,False,False,False,False,False,True,False,False,False,0,0,0.9999,0.0001,Less than $40K
49,1,1,1,Blue,38,2,2,3,27515.967,2119,1.0429169,1343.0,37.0,0.5656202,0.07735531,False,True,False,False,False,True,False,False,False,False,False,1,1,0.0206,0.9794,Less than $40K
42,0,4,1,Blue,31,2,2,2,2410.0,1769,0.759,1390.0,23.0,1.143,0.734,False,False,False,False,True,False,False,False,False,True,False,0,0,0.948,0.052,$80K - $120K
57,0,4,1,Blue,47,5,3,4,3191.0,2517,0.719,938.0,35.0,0.591,0.789,False,False,True,False,False,False,False,False,False,True,False,0,0,0.9749,0.0251,$80K - $120K
45,0,4,2,Blue,40,5,3,3,6119.466,2068,0.6479979,2558.0,44.0,0.7592942,0.3389744,False,True,False,False,True,False,True,False,False,True,False,1,1,0.0019,0.9981,Less than $40K
36,0,2,1,Silver,27,3,3,4,3049.0,2198,1.546,3018.0,60.0,1.0,0.721,False,False,False,False,False,True,False,False,False,True,False,0,0,0.992,0.008,$80K - $120K
41,0,4,2,Blue,31,4,2,3,2375.0,1658,0.638,1276.0,21.0,1.0,0.698,False,True,False,False,False,False,True,False,False,False,False,0,0,0.9761,0.0239,Less than $40K
35,0,3,2,Blue,28,5,6,2,3250.0,1560,0.634,2115.0,24.0,0.698,0.48,False,True,False,False,False,False,True,False,False,False,False,0,0,1.0,0.0,$120K +
43,0,2,0,Blue,24,4,2,2,1664.1473,612,0.8666425,2660.0,51.0,0.5529495,0.36829656,False,False,True,False,False,True,False,False,False,True,False,1,1,0.0006,0.9994,Less than $40K
47,0,1,1,Blue,31,4,2,3,1711.8181,0,0.74198407,2115.0,59.0,0.52699256,0.0,False,False,False,True,False,False,False,False,False,True,False,1,1,0.0003,0.9997,Less than $40K
42,0,2,1,Blue,35,5,3,3,1438.3,0,0.715327,2955.0,66.0,0.5808796,0.0,False,True,False,False,True,False,True,False,False,True,False,1,1,0.0002,0.9998,Less than $40K
35,0,2,2,Blue,27,4,3,0,3280.0,1806,0.963,2017.0,47.0,0.95,0.551,False,True,False,False,False,False,False,False,False,False,True,0,0,0.9998,0.0002,$40K - $60K
46,0,2,3,Blue,32,4,1,3,7966.0,1423,0.987,1448.0,30.0,0.923,0.179,False,False,True,False,False,False,False,False,False,False,True,0,0,1.0,0.0,$80K - $120K
46,1,1,1,Blue,36,2,3,2,17698.0,1769,0.623,1096.0,27.0,0.583,0.1,False,False,False,False,True,False,False,False,True,False,False,0,0,0.9991,0.0009,Less than $40K
48,0,4,2,Blue,36,4,2,2,2703.8665,2474,0.6985663,1538.0,43.0,0.51775706,0.9157134,False,True,False,False,False,True,False,False,False,True,False,1,1,0.0008,0.9992,Unknown
42,0,4,1,Blue,36,2,1,1,2676.0,1962,0.668,2250.0,39.0,0.786,0.733,False,False,False,False,False,True,False,False,False,True,False,0,0,1.0,0.0,$40K - $60K
55,0,2,1,Blue,35,3,3,0,3025.0,2376,1.252,2067.0,42.0,1.875,0.785,False,False,False,False,True,False,False,False,False,False,True,0,0,0.9996,0.0004,$40K - $60K
47,0,4,2,Blue,36,3,1,1,1596.0,0,0.788,1276.0,25.0,0.8,0.0,False,False,True,False,False,False,True,False,False,False,False,0,0,0.9974,0.0026,$60K - $80K
50,1,2,1,Blue,35,1,2,3,3860.9138,2517,0.81743866,2161.0,56.0,0.5524923,0.65184534,False,True,False,False,True,False,False,False,False,False,False,1,1,0.0011,0.9989,$60K - $80K
43,0,4,1,Blue,36,1,2,3,1494.3328,0,0.55046976,2260.0,68.0,0.4824851,0.0,False,True,False,False,False,True,False,False,False,True,False,1,1,0.0001,0.9999,$80K - $120K
36,0,2,1,Blue,36,4,3,2,1848.0,0,0.906,1641.0,45.0,0.435,0.0,False,False,True,False,False,False,True,False,False,False,False,1,1,0.0005,0.9995,$60K - $80K
35,0,1,1,Blue,29,4,2,3,1438.3,856,0.792,2294.0,45.0,0.736,0.595,False,False,False,False,False,True,False,False,False,True,False,0,0,0.9999,0.0001,Unknown
49,0,2,1,Blue,36,1,2,3,2185.1985,1791,0.7780564,1860.0,47.0,0.67533046,0.82099396,False,False,True,False,True,False,False,False,False,True,True,1,1,0.0081,0.9919,$80K - $120K
56,0,3,1,Blue,44,6,4,2,2030.0,1262,0.862,2872.0,62.0,0.867,0.622,False,True,False,False,False,False,False,False,False,True,False,0,0,1.0,0.0,$60K - $80K
39,0,3,2,Blue,36,4,3,4,1438.3,0,1.022,961.0,32.0,0.917,0.0,False,True,False,False,False,False,False,False,False,True,False,0,0,0.9961,0.0039,$80K - $120K
38,0,2,1,Blue,27,2,1,2,3140.0,2517,0.801,1765.0,40.0,0.821,0.802,False,False,True,False,False,False,True,False,False,False,False,0,0,0.9999,0.0001,Less than $40K
41,0,3,1,Blue,35,4,3,1,1491.7046,0,0.7298083,1184.0,21.0,0.46911165,0.0,False,True,False,False,False,False,False,False,False,True,False,1,1,0.0001,0.9999,Less than $40K
47,0,3,1,Blue,27,3,3,0,1451.0,0,0.5,2141.0,56.0,0.714,0.0,False,True,False,False,False,False,False,False,False,True,False,0,0,0.9996,0.0004,Less than $40K
48,1,2,1,Blue,36,2,2,2,5959.937,1323,0.96085787,1287.0,37.0,0.57944626,0.22432457,False,True,False,True,False,False,False,False,True,False,False,1,1,0.001,0.999,Less than $40K
56,1,1,1,Blue,35,2,2,3,6657.0933,0,0.74389654,1446.0,38.0,0.48353717,0.0,False,False,True,False,True,False,False,True,False,False,False,1,1,0.0001,0.9999,$60K - $80K
50,0,1,1,Blue,36,4,2,3,1438.3,0,0.851,1555.0,45.0,1.088,0.0,False,True,False,False,False,False,False,False,False,True,False,0,0,0.9973,0.0027,Less than $40K
58,0,1,1,Blue,36,5,2,3,4784.0,0,0.905,2006.0,58.0,0.929,0.0,False,False,False,False,True,False,False,False,False,False,True,0,0,0.934,0.066,$120K +
38,0,1,1,Blue,32,3,2,4,2632.4695,2281,0.7767819,2152.0,50.0,0.465307,0.8681995,True,False,False,False,True,False,False,False,False,True,False,1,1,0.0037,0.9963,$40K - $60K
40,0,3,1,Silver,27,1,2,2,7101.71,1970,1.0320797,2183.0,60.0,0.7513088,0.2772506,False,True,True,False,False,False,False,False,False,False,True,1,1,0.0014,0.9986,Unknown
50,0,1,2,Blue,36,6,3,3,1560.0,995,0.615,1015.0,27.0,0.657,0.638,False,False,True,False,False,False,False,False,False,True,False,0,0,0.9252,0.0748,Unknown
54,0,3,1,Blue,36,2,2,1,5642.0,541,0.742,2973.0,63.0,0.68,0.096,False,False,True,False,False,False,False,False,False,True,False,0,0,0.9998,0.0002,$120K +
50,1,1,2,Blue,39,4,3,2,5856.0,2007,0.727,1687.0,35.0,0.642,0.343,False,False,False,False,False,False,False,False,True,False,False,0,0,1.0,0.0,$80K - $120K
37,0,1,1,Blue,28,5,3,3,2067.002,1725,0.63567203,2552.0,62.0,0.72033554,0.8346666,False,True,False,False,False,True,True,False,True,False,False,1,1,0.0257,0.9743,Less than $40K
52,1,3,2,Blue,43,3,3,2,11578.132,2289,0.6548106,1527.0,32.0,0.49479923,0.19756597,False,False,True,False,True,False,False,False,True,False,False,1,1,0.0471,0.9529,Less than $40K
46,1,3,1,Blue,41,4,3,1,18927.0,887,1.065,2171.0,58.0,1.0,0.047,False,False,False,False,False,False,False,False,True,False,False,0,0,0.9982,0.0018,Less than $40K
50,0,2,1,Blue,40,2,3,2,10748.0,1084,0.868,1501.0,40.0,0.68,0.101,False,False,True,False,False,False,False,False,False,False,True,0,0,0.9999,0.0001,Less than $40K
46,1,2,1,Blue,34,2,3,3,1754.0,894,0.691,2395.0,50.0,0.837,0.51,False,True,False,False,False,False,False,False,False,False,False,0,0,1.0,0.0,$80K - $120K
43,1,4,3,Blue,37,4,2,3,13882.0,758,0.5,1337.0,25.0,0.75,0.055,False,False,True,False,False,False,False,False,True,False,False,0,0,0.9688,0.0312,Less than $40K
37,0,3,1,Blue,30,3,2,3,1837.3771,0,0.8862539,1971.0,56.0,0.49763742,0.0,False,True,True,False,False,False,False,True,False,True,False,1,1,0.0,1.0,Less than $40K
37,0,4,1,Blue,31,5,2,3,1758.0,1180,0.744,3946.0,74.0,0.367,0.671,False,True,False,False,False,False,False,False,False,True,False,0,0,0.9337,0.0663,Unknown
45,0,3,1,Blue,35,5,2,2,1779.8523,0,0.6528283,1870.0,45.0,0.6448648,0.0,False,False,False,False,False,False,True,False,False,True,False,1,1,0.0001,0.9999,$120K +
59,0,0,1,Blue,49,6,2,4,2833.0,1609,0.78,2171.0,35.0,1.3,0.568,False,False,True,False,False,False,False,False,False,True,False,0,0,1.0,0.0,$60K - $80K
52,1,4,1,Blue,32,4,3,3,1438.3,702,0.805,1472.0,37.0,0.606,0.488,False,True,False,False,False,False,False,False,True,False,False,0,0,0.9895,0.0105,Less than $40K
48,0,4,3,Blue,38,4,3,1,1438.3,0,0.647,1941.0,51.0,0.625,0.0,False,True,False,False,False,False,False,False,False,True,False,0,0,0.9999,0.0001,$40K - $60K
44,1,2,0,Blue,39,2,2,2,34516.0,2183,0.57156605,2053.0,55.0,0.37424648,0.0630713,False,False,False,False,False,True,False,False,True,False,False,1,1,0.0012,0.9988,$80K - $120K
26,1,1,0,Blue,21,3,3,2,1438.3,0,0.745,911.0,26.0,0.712,0.0,False,False,False,False,False,False,True,False,False,False,False,0,0,0.9997,0.0003,Less than $40K
54,0,1,1,Blue,45,2,3,3,4627.1274,711,0.7883775,1315.0,23.0,0.5821251,0.1533109,False,True,True,False,False,False,True,False,False,False,True,1,1,0.0,1.0,$40K - $60K
49,1,3,1,Blue,41,4,3,3,21146.418,0,0.24675938,1896.0,50.0,0.38200682,0.0,False,False,True,False,True,False,False,False,True,False,False,1,1,0.0023,0.9977,$40K - $60K
44,0,2,1,Blue,37,6,3,2,24221.0,1274,0.452,2938.0,63.0,0.853,0.053,False,True,False,False,False,False,False,False,False,False,True,0,0,0.9975,0.0025,Unknown
54,0,4,1,Blue,41,1,5,2,2444.0,1313,0.689,2017.0,43.0,0.794,0.537,False,False,False,False,False,False,False,False,False,True,False,0,0,0.999,0.001,Less than $40K
56,0,1,0,Blue,52,6,1,2,17561.0,0,0.94,1969.0,41.0,1.2,0.0,False,False,False,False,True,False,False,False,False,False,True,0,0,0.981,0.019,Less than $40K
57,0,2,0,Blue,48,2,2,2,4288.0,1678,0.643,2420.0,50.0,0.687,0.391,True,False,False,False,False,False,True,False,False,False,False,0,0,0.9998,0.0002,Less than $40K
42,0,3,1,Blue,36,6,2,2,5821.0,0,0.859,1768.0,56.0,1.188,0.0,False,False,False,False,True,False,False,False,False,True,False,0,0,0.9995,0.0005,Unknown
49,0,4,1,Blue,36,1,2,3,1497.7222,0,0.5142261,1378.0,30.0,0.36853787,0.0,False,True,False,False,False,True,False,False,False,True,False,1,1,0.0001,0.9999,$120K +
50,0,0,0,Blue,36,3,4,1,3468.0,2221,0.783,1821.0,55.0,0.627,0.64,False,False,False,True,False,False,False,False,False,True,False,0,0,0.9999,0.0001,$60K - $80K
49,0,4,1,Blue,36,3,3,3,1438.3,666,0.675,2027.0,49.0,0.667,0.463,False,True,False,False,False,False,False,False,False,True,False,0,0,1.0,0.0,Less than $40K
49,0,0,1,Blue,38,3,3,3,3581.9575,2517,0.8179343,1843.0,49.0,0.8016141,0.70300853,True,False,False,False,False,True,False,False,False,True,False,1,1,0.0051,0.9949,$40K - $60K
57,0,0,2,Blue,45,4,3,3,3023.0,2517,0.646,1536.0,39.0,0.615,0.833,False,True,False,False,False,False,False,False,False,True,False,1,1,0.0022,0.9978,Less than $40K
52,0,2,2,Blue,44,2,3,3,9017.0,2359,0.895,1424.0,37.0,0.8,0.262,False,False,False,False,False,True,True,False,False,False,False,0,0,0.9972,0.0028,Less than $40K
53,0,2,2,Blue,40,4,3,2,1762.9464,894,0.511683,1551.0,32.0,0.5736884,0.50885475,False,True,False,False,False,True,False,False,True,True,False,1,1,0.0001,0.9999,$40K - $60K
32,1,1,2,Blue,26,2,3,2,6407.0,1130,0.756,2148.0,54.0,0.603,0.176,False,False,True,False,False,False,False,False,True,False,False,0,0,0.9999,0.0001,Unknown
53,1,3,2,Blue,42,6,3,3,18531.0,1548,0.833,2344.0,48.0,0.857,0.084,False,False,True,False,False,False,False,False,True,False,False,0,0,0.9722,0.0278,$60K - $80K
50,0,1,2,Silver,36,2,3,2,1798.279,0,0.6978785,1028.0,26.0,0.65004534,0.0,False,False,True,False,False,False,False,False,False,True,False,1,1,0.0012,0.9988,$80K - $120K
34,0,2,2,Blue,24,4,1,0,2799.0,0,0.696,1775.0,55.0,0.654,0.0,False,False,True,False,False,False,False,False,False,True,False,0,1,0.284,0.716,Less than $40K
45,0,3,1,Blue,35,2,3,1,2870.242,312,0.892735,2539.0,50.0,0.6202836,0.10842782,False,False,False,False,True,True,False,False,False,True,True,1,1,0.0,1.0,Unknown
46,1,2,2,Blue,41,3,3,2,10077.0,0,0.639,1754.0,45.0,0.576,0.0,False,False,False,True,False,False,False,True,False,False,False,0,1,0.0105,0.9895,$60K - $80K
49,0,1,2,Blue,43,5,2,3,3530.41,0,0.6369957,1894.0,56.0,0.46466812,0.0,False,False,True,False,False,False,False,False,True,True,False,1,1,0.0016,0.9984,Less than $40K
48,0,2,1,Blue,38,5,2,2,2182.2456,0,0.71970457,1456.0,30.0,0.7925031,0.0,False,True,False,False,False,False,False,False,True,True,False,1,1,0.0026,0.9974,$60K - $80K
44,0,4,2,Blue,36,5,2,4,1687.0,1290,0.709,1978.0,33.0,0.706,0.765,False,False,False,False,True,False,False,False,False,True,False,0,0,0.9999,0.0001,$120K +
42,1,3,2,Blue,32,1,2,3,4700.0312,1033,0.3346896,1867.0,53.0,0.33025932,0.22010356,False,True,False,False,False,True,False,True,False,False,False,1,1,0.0009,0.9991,Less than $40K
40,1,2,3,Blue,32,5,2,3,34516.0,1182,0.613,1637.0,43.0,0.543,0.034,False,False,True,False,False,False,False,False,True,False,False,0,0,0.8028,0.1972,$40K - $60K
53,1,2,2,Blue,36,3,2,2,18551.0,1434,1.149,1836.0,50.0,0.765,0.077,False,True,False,False,False,False,False,False,False,False,False,0,0,0.9977,0.0023,$120K +
39,0,2,0,Blue,35,4,2,3,2100.2104,0,0.4258891,1416.0,27.0,0.2745312,0.0,False,True,False,False,True,False,False,True,False,True,False,1,1,0.0003,0.9997,Less than $40K
44,1,5,2,Blue,37,4,2,3,15638.0,1729,0.843,1887.0,32.0,0.566,0.111,False,False,True,False,False,False,False,False,True,False,False,0,0,0.9999,0.0001,$80K - $120K
60,1,1,1,Blue,48,3,1,3,10264.0,2073,0.62,1931.0,48.0,0.364,0.202,False,False,False,False,True,False,False,True,False,False,False,0,0,0.9972,0.0028,$40K - $60K
49,0,2,1,Blue,35,1,3,3,1559.7631,0,0.7035951,1754.0,44.0,0.52958184,0.0,False,True,True,False,False,False,False,False,False,True,False,1,1,0.0,1.0,Unknown
31,0,1,1,Blue,36,4,2,4,1635.8165,0,0.33320573,1266.0,34.0,0.30182686,0.0,False,True,False,False,False,False,False,True,False,True,False,1,1,0.0015,0.9985,$120K +
53,1,3,1,Silver,35,5,3,2,3789.0,1706,1.047,1630.0,43.0,0.68,0.45,True,False,False,False,False,False,True,False,False,False,False,0,0,0.9995,0.0005,$60K - $80K
32,0,0,0,Blue,25,5,3,1,12268.0,1165,0.832,1758.0,42.0,0.822,0.095,False,False,True,False,False,False,False,False,False,False,True,0,0,0.9999,0.0001,$60K - $80K
34,0,3,2,Blue,36,5,2,3,1454.4375,0,0.6671339,870.0,24.0,0.40182,0.0,False,True,False,False,False,True,False,False,False,True,False,1,1,0.0008,0.9992,$60K - $80K
47,0,3,1,Blue,36,2,2,2,2262.7224,0,0.75303376,1712.0,48.0,0.37784013,0.0,False,True,False,False,False,False,False,False,False,True,False,1,1,0.0,1.0,$60K - $80K
58,1,0,3,Blue,42,3,2,3,1438.3,0,0.835,1114.0,34.0,1.444,0.0,False,False,True,False,False,False,True,False,False,False,False,1,0,0.727,0.273,$80K - $120K
44,0,3,1,Blue,36,3,3,3,8052.775,346,0.5900547,1952.0,50.0,0.5804727,0.043051474,False,False,False,False,True,False,False,False,False,True,True,1,1,0.0002,0.9998,$60K - $80K
48,1,2,1,Blue,32,3,2,4,34516.0,2098,0.741,2089.0,60.0,0.784,0.061,False,False,False,False,False,True,False,False,False,False,False,0,0,0.9992,0.0008,$40K - $60K
48,0,3,2,Blue,39,4,3,2,3456.6553,2517,0.7827214,1362.0,33.0,0.4339673,0.72838837,False,False,False,False,True,False,False,False,True,True,False,1,1,0.0002,0.9998,Less than $40K
54,0,4,2,Blue,48,3,2,2,9723.0,1307,0.803,1888.0,42.0,0.9,0.134,False,False,False,False,False,False,False,False,False,False,True,0,0,1.0,0.0,$60K - $80K
57,0,3,2,Blue,40,3,3,1,2111.0,966,0.923,2243.0,43.0,0.706,0.458,False,False,False,False,False,True,False,False,False,False,True,0,0,0.9999,0.0001,$40K - $60K
44,1,2,2,Blue,34,5,3,1,5331.0,1993,0.777,3795.0,70.0,0.625,0.374,False,True,False,False,False,False,True,False,False,False,False,0,0,0.9987,0.0013,Less than $40K
43,1,2,1,Blue,33,5,3,3,2111.0,1761,0.753,1441.0,43.0,0.769,0.834,False,True,False,False,False,False,False,False,True,False,False,1,0,0.9617,0.0383,$40K - $60K
52,0,2,2,Blue,45,3,1,3,3476.0,1560,0.894,1834.0,59.0,0.871,0.449,False,False,False,False,False,True,True,False,False,False,False,0,0,0.9991,0.0009,Less than $40K
49,1,3,0,Blue,38,2,2,2,13458.038,2008,0.9121526,2170.0,51.0,0.8202253,0.14919065,False,False,False,False,False,True,False,True,False,False,False,1,1,0.2875,0.7125,$80K - $120K
33,0,0,2,Blue,26,6,1,3,2382.0,1565,0.73,1585.0,40.0,0.838,0.657,False,True,False,False,False,False,False,False,False,True,False,0,0,1.0,0.0,Unknown
53,1,3,2,Blue,36,5,1,1,19940.0,2018,0.42,1484.0,36.0,0.786,0.101,False,False,False,False,False,False,False,True,False,False,False,0,0,0.9999,0.0001,$80K - $120K
51,0,1,2,Blue,36,4,4,2,1737.0,1145,0.809,1541.0,29.0,1.333,0.659,False,False,False,False,False,False,False,False,False,True,False,0,0,0.9965,0.0035,$80K - $120K
48,0,2,1,Blue,33,5,3,3,2915.0498,0,0.7942572,1975.0,40.0,0.47243926,0.0,False,False,False,False,False,True,False,False,False,True,False,1,1,0.0002,0.9998,Less than $40K
48,0,3,1,Blue,40,3,3,3,1568.9838,763,0.7439463,1044.0,28.0,0.52616566,0.4880665,False,False,False,False,False,True,True,False,False,True,False,1,1,0.0,1.0,$40K - $60K
40,0,2,1,Blue,28,3,1,2,2421.0,1747,0.691,1944.0,42.0,1.308,0.722,False,True,False,False,False,False,False,False,False,True,False,0,0,0.9959,0.0041,$40K - $60K
43,1,3,2,Blue,35,5,3,2,6080.0,787,0.975,2094.0,36.0,0.647,0.129,False,True,False,False,False,False,True,False,False,False,False,1,1,0.3029,0.6971,$120K +
43,0,2,2,Blue,36,4,1,3,2283.0,0,0.899,1846.0,56.0,0.886,0.0,False,False,False,True,False,False,True,False,False,False,False,0,0,0.9981,0.0019,Less than $40K
48,0,3,2,Silver,39,2,3,2,6066.9375,319,0.9880625,3320.0,55.0,0.5377498,0.052406132,False,True,False,False,False,False,True,False,False,False,False,1,1,0.0006,0.9994,Less than $40K
35,1,1,3,Blue,24,4,2,3,21114.0,0,0.697,1805.0,53.0,1.0,0.0,False,True,False,False,False,False,False,False,True,False,False,0,0,0.9869,0.0131,$80K - $120K
44,1,4,2,Blue,34,4,4,3,22074.0,0,1.199,808.0,30.0,0.739,0.0,False,False,False,False,False,False,False,False,True,False,False,0,0,0.9988,0.0012,Unknown
49,0,4,1,Blue,45,2,2,3,1438.3,0,0.72982246,820.0,21.0,0.60521847,0.0,False,False,False,False,False,True,True,False,False,False,True,1,1,0.0014,0.9986,$80K - $120K
49,0,2,1,Blue,35,3,3,4,3283.0,1856,1.103,1414.0,27.0,0.829,0.565,False,False,False,False,False,False,False,False,False,True,False,0,0,0.9999,0.0001,$80K - $120K
50,1,4,2,Blue,41,4,3,3,6982.0,0,1.018,1649.0,59.0,0.724,0.0,False,False,True,False,False,False,False,False,False,False,False,1,1,0.0617,0.9383,$60K - $80K
44,0,3,1,Blue,26,5,2,2,4551.5947,1620,0.7499397,2497.0,74.0,0.46909162,0.35640532,False,False,True,False,True,False,False,False,False,True,True,1,1,0.0071,0.9929,Less than $40K
57,0,2,2,Blue,45,2,3,3,2706.6238,1802,0.7942269,2104.0,44.0,0.59622467,0.665939,False,False,True,False,False,True,True,False,False,False,True,1,1,0.0002,0.9998,Less than $40K
45,0,4,2,Blue,36,2,3,2,9204.286,2169,0.4788944,903.0,29.0,0.94906646,0.2370679,False,False,False,True,False,False,False,False,True,True,False,1,1,0.0069,0.9931,$120K +
43,1,0,1,Blue,36,5,3,3,7866.0,0,0.747,1445.0,38.0,0.828,0.0,False,False,True,False,False,False,False,False,True,False,False,0,0,0.8677,0.1323,Less than $40K
35,1,2,2,Blue,27,6,2,2,13655.0,1048,0.509,1724.0,24.0,0.595,0.077,False,True,False,False,False,False,False,False,False,False,False,0,0,0.9924,0.0076,$40K - $60K
45,0,4,1,Blue,27,3,2,2,1438.3,0,0.68,1300.0,31.0,0.652,0.0,True,False,False,False,False,False,False,False,False,True,False,1,1,0.0008,0.9992,$40K - $60K
47,1,4,1,Blue,36,3,2,4,11242.0,1561,0.829,2688.0,60.0,0.8,0.139,False,True,False,False,False,False,False,False,True,False,False,0,0,1.0,0.0,$60K - $80K
45,1,4,1,Blue,34,6,3,3,3104.0,1766,0.828,1798.0,45.0,1.182,0.569,False,False,True,False,False,False,True,False,False,False,False,0,0,0.9999,0.0001,$40K - $60K
54,0,1,1,Blue,43,2,3,4,1438.3,0,0.58306235,1489.0,29.0,0.4428214,0.0,False,True,False,False,False,True,False,False,False,True,False,1,1,0.0006,0.9994,Unknown
45,1,3,1,Blue,28,1,2,3,2984.217,0,0.62283653,1334.0,40.0,0.4674139,0.0,False,True,False,False,True,False,True,False,False,False,False,1,1,0.0001,0.9999,$40K - $60K
52,1,2,1,Silver,45,5,4,2,34516.0,1938,0.807,2492.0,71.0,0.438,0.056,False,True,False,False,False,False,False,False,True,False,False,0,1,0.1687,0.8313,$40K - $60K
53,0,1,0,Blue,41,3,3,2,4041.3882,2517,0.5359983,1395.0,43.0,0.6216042,0.62263095,False,True,True,False,False,False,False,False,False,True,False,1,1,0.001,0.999,$40K - $60K
43,1,2,1,Blue,37,1,2,2,34516.0,0,0.46329778,1191.0,28.0,0.28869253,0.0,False,False,False,False,True,False,False,False,False,False,False,1,1,0.0017,0.9983,Unknown
44,0,3,0,Blue,37,1,3,1,10463.792,2517,0.55922604,2331.0,56.0,0.27399418,0.24061397,False,True,True,False,False,False,True,False,False,False,False,1,1,0.0,1.0,Less than $40K
41,1,2,3,Blue,36,6,2,0,27000.0,0,0.61,1288.0,29.0,0.3,0.0,False,True,False,False,False,False,False,True,False,False,False,0,0,0.9878,0.0122,$80K - $120K
53,0,1,1,Blue,42,2,1,3,4637.0,0,0.709,3040.0,56.0,0.911,0.0,False,True,False,False,False,False,False,False,False,False,True,0,0,0.9996,0.0004,Less than $40K
61,1,0,2,Blue,49,6,1,4,2122.0,975,0.807,1999.0,44.0,0.667,0.459,False,False,True,False,False,False,True,False,False,False,False,0,0,0.9995,0.0005,$60K - $80K
47,1,3,1,Blue,32,3,2,2,23424.0,2517,0.762,2334.0,61.0,0.738,0.107,False,False,True,False,False,False,False,False,True,False,False,0,0,0.9997,0.0003,Less than $40K
39,1,1,2,Blue,36,4,2,1,6018.0,0,0.703,1931.0,57.0,0.857,0.0,False,False,False,False,False,True,False,False,True,False,False,0,0,0.9997,0.0003,Less than $40K
54,0,3,1,Blue,39,3,1,3,2112.0,1594,1.204,1967.0,40.0,2.222,0.755,True,False,False,False,False,False,True,False,False,False,False,0,0,0.9998,0.0002,Less than $40K
56,0,3,2,Blue,49,4,3,1,2433.0,1947,0.816,3193.0,62.0,0.76,0.8,False,True,False,False,False,False,False,False,False,True,False,0,0,1.0,0.0,Unknown
56,0,3,2,Blue,36,5,1,3,1438.3,0,0.76,2514.0,64.0,0.627,0.0,False,False,False,False,False,False,False,False,False,False,True,0,0,0.9999,0.0001,Less than $40K
50,0,1,1,Silver,40,6,2,2,2661.0,1575,0.735,1504.0,35.0,0.708,0.592,False,False,False,False,False,True,True,False,False,False,False,0,0,1.0,0.0,$60K - $80K
62,1,0,2,Blue,50,3,2,2,7348.0,1466,1.236,1399.0,36.0,0.694,0.2,False,False,False,False,True,False,True,False,False,False,False,0,0,0.9965,0.0035,$40K - $60K
45,1,4,0,Blue,37,6,5,1,1535.0,0,0.77,1731.0,41.0,0.81,0.0,False,False,False,False,False,False,False,False,True,False,False,0,0,0.9996,0.0004,Unknown
50,1,1,1,Blue,39,3,3,4,24475.922,845,0.5070961,1309.0,40.0,0.54285026,0.03485514,False,False,True,False,False,True,False,False,True,False,False,1,1,0.0147,0.9853,$60K - $80K
47,1,2,1,Blue,36,5,2,2,16088.388,412,0.29473543,1309.0,30.0,0.63401884,0.026021596,False,False,False,False,False,True,False,False,False,False,False,1,1,0.0044,0.9956,$40K - $60K
43,1,4,1,Blue,35,1,1,1,3442.0,2517,0.62,1800.0,41.0,0.644,0.731,False,False,True,False,False,False,True,False,False,False,False,0,0,0.9763,0.0237,$80K - $120K
42,0,3,2,Blue,34,5,2,3,5096.414,2132,0.72666866,2935.0,62.0,0.46628612,0.41791937,True,True,False,False,False,False,True,True,False,False,False,1,1,0.0014,0.9986,$60K - $80K
39,0,3,2,Blue,36,6,1,3,3651.0,0,0.977,2280.0,49.0,1.111,0.0,False,False,True,False,False,False,False,False,False,True,False,1,1,0.065,0.935,$40K - $60K
57,1,2,1,Blue,46,2,3,0,18871.0,1740,1.727,1114.0,33.0,2.0,0.092,False,False,False,False,False,True,False,False,True,False,False,0,0,0.9907,0.0093,Less than $40K
42,0,3,1,Blue,23,5,2,2,5786.7793,2512,0.68689746,1797.0,44.0,0.6374465,0.43444082,False,True,False,False,True,False,True,False,False,False,True,1,1,0.156,0.844,$60K - $80K
52,0,3,1,Blue,39,5,2,2,12284.808,0,0.90019196,1776.0,44.0,0.4625844,0.0,False,False,True,False,False,True,True,True,False,False,False,1,1,0.0016,0.9984,$80K - $120K
45,0,3,1,Blue,38,3,3,3,3465.032,2517,0.71700627,1194.0,30.0,0.6305693,0.7266546,False,False,False,False,True,False,False,False,True,True,False,1,1,0.0003,0.9997,$40K - $60K
36,1,4,2,Blue,36,1,3,3,27929.0,1898,0.725,1921.0,37.0,0.732,0.068,False,False,True,False,False,False,False,False,False,False,False,0,0,0.9999,0.0001,$40K - $60K
41,1,3,3,Blue,33,3,2,3,7591.0,0,0.648,3228.0,67.0,0.5,0.0,False,False,False,True,False,False,False,False,True,False,False,1,1,0.0008,0.9992,$40K - $60K
41,0,1,1,Blue,32,4,2,3,3058.2886,0,0.8251238,2623.0,74.0,0.5315993,0.0,False,False,False,False,True,False,False,False,False,True,False,1,1,0.0013,0.9987,$40K - $60K
60,1,0,1,Blue,47,3,3,3,9452.0,2517,0.73,2425.0,54.0,0.613,0.266,False,False,False,False,True,False,False,True,False,False,False,0,0,0.9901,0.0099,Less than $40K
65,1,0,2,Blue,48,1,4,3,1671.0,0,0.725,1388.0,35.0,0.889,0.0,False,True,False,False,False,False,False,False,False,False,True,1,1,0.0155,0.9845,Unknown
50,0,1,1,Blue,37,3,1,2,3364.7178,2517,0.77601683,1697.0,40.0,0.28004843,0.7486635,False,True,False,False,False,True,True,False,False,True,False,1,1,0.0045,0.9955,$60K - $80K
34,1,4,2,Blue,20,3,2,6,3940.0,1384,0.908,1375.0,30.0,0.767,0.351,False,False,False,False,True,False,False,True,False,False,False,1,0,0.9817,0.0183,Less than $40K
42,0,3,1,Blue,36,4,3,1,9351.0,1482,0.464,2013.0,41.0,0.714,0.158,False,False,True,False,False,False,False,False,False,True,False,0,0,0.9486,0.0514,Less than $40K
61,0,0,2,Blue,49,3,3,4,1737.5845,446,0.95871425,1995.0,53.0,0.4844402,0.25474745,False,True,False,False,True,False,False,False,False,True,False,1,1,0.0012,0.9988,$60K - $80K
47,0,3,1,Blue,32,4,2,2,1928.3794,0,0.71391994,1466.0,41.0,0.537196,0.0,False,False,False,True,False,False,False,False,False,True,False,1,1,0.0,1.0,$60K - $80K
41,1,2,2,Blue,32,6,3,2,5489.0,1513,0.87,2494.0,58.0,0.548,0.276,False,False,False,False,False,False,False,False,False,False,False,0,0,0.9999,0.0001,$40K - $60K
45,0,3,1,Blue,33,2,3,3,23981.0,154,0.40197885,1501.0,35.0,0.58078253,0.0065100775,False,False,False,True,True,False,True,False,False,False,False,1,1,0.0066,0.9934,$60K - $80K
42,1,4,2,Blue,28,3,3,3,1944.0,1804,0.723,2077.0,47.0,0.667,0.928,False,False,True,False,False,False,False,False,True,False,False,0,0,1.0,0.0,$40K - $60K
49,0,1,1,Blue,43,4,3,2,1438.3,786,0.609,1002.0,21.0,0.561,0.546,False,False,False,False,False,False,False,False,False,True,False,0,0,0.9998,0.0002,$80K - $120K
45,1,3,2,Blue,35,2,3,5,7135.0,2517,0.631,1879.0,34.0,0.448,0.353,False,False,False,False,True,False,False,False,False,False,False,1,1,0.0001,0.9999,Unknown
48,0,4,2,Blue,38,6,1,3,8135.0,0,1.373,3567.0,73.0,0.812,0.0,False,False,True,False,False,False,True,False,False,False,False,0,0,0.9687,0.0313,$40K - $60K
43,0,4,0,Blue,30,4,2,3,3544.7297,2517,0.6627748,1599.0,47.0,0.6847683,0.7101867,False,False,True,True,False,False,False,False,False,True,False,1,1,0.0022,0.9978,$60K - $80K
48,0,3,2,Blue,34,1,3,3,3487.939,0,0.81411165,1989.0,33.0,0.45941713,0.0,False,True,True,False,False,False,False,False,False,True,True,1,1,0.0,1.0,Unknown
45,0,4,3,Blue,33,1,3,2,1748.0,1103,0.739,1802.0,34.0,0.708,0.631,False,True,False,False,False,False,False,False,False,True,False,1,1,0.0046,0.9954,$40K - $60K
57,0,1,1,Blue,44,2,1,3,1438.3,0,0.9708099,2440.0,48.0,1.037246,0.0,False,False,True,False,False,False,True,False,False,False,False,1,1,0.0522,0.9478,Less than $40K
42,0,3,1,Blue,32,3,3,3,1438.3,0,0.62723905,1505.0,31.0,0.65385956,0.0,False,True,True,False,False,False,False,False,False,True,False,1,1,0.0,1.0,$60K - $80K
50,0,0,1,Blue,33,4,2,2,1769.2701,360,0.8374705,2171.0,45.0,0.5086851,0.20333761,False,True,False,False,True,False,True,False,False,True,False,1,1,0.0001,0.9999,$40K - $60K
51,1,1,1,Blue,40,3,3,2,4306.48,0,0.862914,1292.0,37.0,0.43202928,0.0,False,True,False,False,True,False,False,True,False,True,False,1,1,0.0002,0.9998,Unknown
30,0,1,1,Blue,13,5,2,2,4016.0,917,1.246,1422.0,30.0,0.591,0.228,False,False,False,False,True,False,False,False,False,False,True,0,0,0.9822,0.0178,$60K - $80K
45,1,3,2,Blue,32,4,1,2,1438.3,0,0.81,1673.0,44.0,0.625,0.0,False,False,False,False,False,False,False,True,False,False,False,0,0,0.9863,0.0137,$60K - $80K
44,0,3,3,Blue,36,6,2,4,1713.0,0,0.678,2482.0,57.0,1.062,0.0,False,False,False,False,True,False,False,False,False,True,False,0,0,0.9998,0.0002,$40K - $60K
50,0,1,1,Blue,37,6,4,3,4181.0,0,0.912,1659.0,39.0,0.688,0.0,True,False,False,False,False,False,False,False,False,False,True,0,1,0.4998,0.5002,$60K - $80K
50,1,2,1,Blue,36,2,2,1,12299.0,1664,0.879,1544.0,44.0,0.915,0.135,False,False,False,False,False,False,False,True,False,False,False,0,0,0.9946,0.0054,$40K - $60K
37,0,2,2,Blue,34,2,3,2,3204.7336,1646,0.42845178,1345.0,34.0,0.43865937,0.5132494,False,False,False,False,True,False,True,False,False,False,True,1,1,0.005,0.995,$80K - $120K
48,0,3,3,Blue,36,4,2,2,6182.0,1131,0.566,2901.0,59.0,0.615,0.183,False,True,False,False,False,False,False,False,False,True,False,0,0,0.9998,0.0002,$40K - $60K
39,1,2,1,Blue,26,1,2,2,3882.191,0,0.92750907,3396.0,64.0,0.92828494,0.0,False,True,False,False,False,False,False,True,False,False,False,1,1,0.027,0.973,Less than $40K
26,1,0,2,Blue,36,5,2,3,2657.0,1611,0.599,2611.0,64.0,0.464,0.606,False,False,False,False,False,False,True,False,False,False,False,0,0,0.9764,0.0236,$120K +
44,1,4,2,Blue,34,4,1,2,21573.0,1585,0.621,2305.0,33.0,2.273,0.073,False,False,False,False,False,True,False,False,True,False,False,0,0,0.9999,0.0001,Less than $40K
51,0,3,1,Blue,36,3,2,3,12605.0,1449,0.703,2155.0,61.0,0.647,0.115,False,False,False,False,False,False,False,False,False,False,True,0,0,0.9995,0.0005,Less than $40K
61,0,1,2,Blue,36,3,2,2,3466.0,1444,0.653,1535.0,38.0,0.699,0.417,False,True,False,False,False,False,False,False,False,True,False,0,0,1.0,0.0,$120K +
53,0,3,0,Blue,42,2,3,3,2132.4795,0,0.59452915,2526.0,54.0,0.7179431,0.0,False,True,False,False,False,True,True,False,True,False,False,1,1,0.0,1.0,$80K - $120K
41,1,3,2,Blue,37,3,3,2,7839.0,1544,0.715,1766.0,45.0,0.804,0.197,False,True,False,False,False,False,True,False,False,False,False,0,0,0.9943,0.0057,Less than $40K
32,0,0,2,Blue,22,1,3,2,1438.3,713,0.806,2346.0,51.0,0.951,0.496,False,False,False,False,False,True,False,False,False,True,False,0,0,0.9993,0.0007,Less than $40K
39,0,1,1,Blue,23,2,3,3,2014.1726,1679,0.69707346,1651.0,32.0,0.9149415,0.8369391,False,True,False,False,True,False,False,False,False,True,False,1,1,0.0003,0.9997,$80K - $120K
34,0,4,1,Blue,28,6,1,0,2432.0,851,0.873,2491.0,64.0,0.917,0.35,False,False,True,False,False,False,True,False,False,False,False,0,0,1.0,0.0,Less than $40K
55,0,2,1,Blue,45,6,3,3,12207.0,0,0.319,2935.0,65.0,1.056,0.0,False,True,False,False,False,False,False,False,False,True,False,1,1,0.1357,0.8643,$120K +
43,1,4,1,Blue,35,2,3,2,10524.938,472,0.92652184,1872.0,34.0,0.72493577,0.045192808,False,False,True,False,True,False,False,False,True,False,False,1,1,0.0006,0.9994,$60K - $80K
50,0,2,1,Blue,36,6,2,1,1438.3,0,0.909,1424.0,38.0,0.907,0.0,False,False,True,False,False,False,False,False,False,True,False,0,0,0.9996,0.0004,$60K - $80K
41,0,1,1,Blue,32,1,2,2,2113.653,1617,0.65406424,1861.0,51.0,0.6464996,0.7654403,False,False,False,False,True,False,False,False,False,True,False,1,1,0.0024,0.9976,Less than $40K
47,0,2,3,Blue,36,4,2,2,3139.0,0,0.728,1524.0,42.0,0.827,0.0,False,False,True,False,False,False,False,False,False,True,False,0,0,0.9999,0.0001,$80K - $120K
53,0,4,1,Blue,36,3,2,3,4753.0,2472,1.274,1920.0,34.0,0.815,0.52,False,True,False,False,False,False,True,False,False,False,False,0,0,0.9589,0.0411,$80K - $120K
56,0,2,1,Blue,47,2,3,2,6069.563,0,0.8025851,1468.0,34.0,0.9406856,0.0,False,True,False,False,False,True,True,True,False,False,False,1,1,0.0003,0.9997,$120K +
50,0,2,0,Blue,36,3,3,0,1491.0,0,0.876,1903.0,40.0,0.889,0.0,False,False,False,False,False,False,False,False,False,True,False,0,0,0.6187,0.3813,$60K - $80K
55,1,1,2,Blue,46,3,1,1,21032.0,1409,0.767,2471.0,60.0,0.81,0.067,False,True,False,False,False,False,False,False,True,False,False,0,0,1.0,0.0,Less than $40K
49,1,3,0,Blue,37,6,3,3,28390.0,1141,0.919,2350.0,55.0,0.949,0.04,False,False,False,False,True,False,False,False,True,False,False,0,0,0.9982,0.0018,$120K +
37,0,3,1,Blue,25,1,2,1,2962.7966,2517,0.61452776,3002.0,58.0,0.36812544,0.8491731,True,True,False,False,False,False,False,False,False,True,False,1,1,0.0075,0.9925,$80K - $120K
53,0,2,2,Blue,42,6,2,0,5332.0,0,0.939,1210.0,25.0,1.167,0.0,False,True,False,False,False,False,True,False,False,False,False,0,0,0.9961,0.0039,Less than $40K
38,0,3,1,Blue,36,2,2,2,1855.522,0,0.8608685,1289.0,36.0,0.40156928,0.0,False,False,True,False,False,False,True,True,False,False,False,1,1,0.0,1.0,$120K +
51,0,2,2,Blue,40,3,3,3,1438.3,1153,0.866,2781.0,59.0,0.909,0.802,True,False,False,False,False,False,False,False,False,True,False,0,0,0.9999,0.0001,Unknown
57,1,1,1,Blue,36,3,3,3,4829.0,2418,0.601,4605.0,86.0,0.4,0.501,False,True,False,False,False,False,False,False,True,False,False,1,1,0.0364,0.9636,$40K - $60K
57,0,3,2,Blue,51,3,0,3,1438.3,0,0.429,1096.0,29.0,0.267,0.0,False,False,False,False,True,False,False,False,False,True,False,1,1,0.0058,0.9942,Unknown
53,1,1,3,Blue,41,4,1,2,2432.0,1554,1.158,2493.0,44.0,0.818,0.639,False,True,False,False,False,False,False,True,False,False,False,0,0,0.9999,0.0001,$80K - $120K
51,0,1,1,Blue,35,1,3,2,2128.315,0,0.6487443,2144.0,41.0,0.75732714,0.0,False,True,False,False,True,False,True,False,False,False,False,1,1,0.002,0.998,$40K - $60K
44,0,4,1,Blue,36,6,3,2,1438.3,0,0.651,1294.0,26.0,0.648,0.0,False,False,False,False,False,False,False,False,False,True,False,0,0,1.0,0.0,$40K - $60K
47,0,3,1,Blue,36,2,2,2,8602.136,34,0.38540685,1914.0,46.0,0.31178483,0.0040542684,False,True,True,False,False,False,True,True,False,False,False,1,1,0.0,1.0,$40K - $60K
52,0,2,2,Blue,47,6,3,3,13276.0,1917,1.075,1395.0,37.0,0.833,0.144,False,True,False,False,False,False,False,False,False,False,True,0,0,0.9989,0.0011,Unknown
42,0,1,2,Blue,38,3,1,2,3188.34,2517,0.697376,2073.0,47.0,0.49248335,0.7896649,False,True,False,False,False,True,False,False,False,True,False,1,1,0.0028,0.9972,$60K - $80K
46,0,4,1,Blue,28,4,2,3,8318.0,2517,0.69,1433.0,38.0,0.625,0.303,False,True,False,False,False,False,False,False,False,True,False,1,1,0.0618,0.9382,Less than $40K
47,0,4,1,Gold,42,3,4,3,4351.3486,2173,0.7544224,2574.0,72.0,0.46747336,0.49969134,True,False,False,True,False,False,False,True,False,False,True,1,1,0.0007,0.9993,Unknown
47,0,4,3,Blue,34,6,2,4,2424.0,0,0.662,1392.0,33.0,0.65,0.0,False,False,False,False,False,True,False,False,False,True,False,0,0,0.9998,0.0002,$80K - $120K
48,0,4,1,Blue,36,2,3,2,5997.0,0,0.406,1352.0,37.0,0.5,0.0,False,False,False,False,False,False,False,False,False,True,False,1,1,0.0305,0.9695,Less than $40K
59,0,1,1,Blue,36,2,3,3,2468.0,0,0.5,1924.0,48.0,0.762,0.0,False,True,False,False,False,False,False,False,False,True,False,1,1,0.0011,0.9989,Less than $40K
45,0,4,3,Blue,33,1,2,1,1979.0,1305,0.702,2742.0,42.0,0.75,0.659,False,True,False,False,False,False,False,False,False,True,False,0,0,1.0,0.0,Unknown
48,0,3,1,Blue,36,3,2,2,1753.7355,0,0.6676572,1296.0,31.0,0.6279035,0.0,False,False,True,False,False,False,False,False,False,True,False,1,1,0.0001,0.9999,Unknown
39,0,2,2,Blue,36,2,2,1,2314.607,0,0.4859176,1780.0,44.0,0.52806973,0.0,False,True,False,False,False,False,False,True,False,True,False,1,1,0.0002,0.9998,$60K - $80K
43,0,3,2,Blue,36,4,3,2,2424.4172,996,0.6967231,2229.0,45.0,0.47677407,0.41143298,False,True,False,False,True,False,False,True,False,True,False,1,1,0.0001,0.9999,$60K - $80K
43,1,2,2,Blue,33,4,2,2,6376.0747,0,0.6134719,1425.0,33.0,0.59398764,0.0,False,True,True,False,False,False,True,True,False,False,False,1,1,0.0001,0.9999,$120K +
51,1,1,1,Blue,41,3,4,3,1438.3,0,0.623,2523.0,71.0,0.723,0.0,False,False,True,False,False,False,False,False,False,True,False,0,0,0.9999,0.0001,Less than $40K
47,1,3,0,Blue,36,4,2,3,4786.0,1516,0.94,1897.0,39.0,0.85,0.317,True,False,False,False,False,False,True,False,False,False,False,0,0,0.9976,0.0024,$120K +
39,0,4,2,Blue,36,3,2,4,12405.0,0,0.949,2255.0,48.0,0.444,0.0,False,False,True,False,False,False,False,False,False,False,True,1,1,0.0011,0.9989,Less than $40K
52,1,4,2,Blue,46,3,3,2,13090.0,0,0.75,1568.0,51.0,1.0,0.0,False,True,False,False,False,False,True,False,False,False,False,0,0,0.9995,0.0005,$40K - $60K
34,0,0,1,Blue,18,3,2,5,1438.3,0,0.8212484,2116.0,63.0,0.6610365,0.0,False,False,True,False,True,False,True,False,False,False,False,1,1,0.0033,0.9967,$40K - $60K
57,0,0,2,Blue,42,2,1,3,1438.3,0,0.8488545,1015.0,36.0,1.4025054,0.0,False,False,True,False,False,False,True,False,False,False,False,1,1,0.0485,0.9515,Unknown
41,1,3,1,Blue,24,4,3,3,4119.0,1656,0.561,1133.0,28.0,0.667,0.402,False,False,False,False,True,False,False,False,True,False,False,0,0,0.9956,0.0044,$120K +
27,1,0,3,Blue,19,1,1,3,34516.0,1131,0.715,1371.0,38.0,0.75,0.033,False,False,False,False,False,False,False,False,True,False,False,0,0,0.9998,0.0002,Less than $40K
46,1,4,3,Blue,41,6,1,2,8738.0,1172,0.65,2337.0,69.0,0.395,0.134,False,False,True,False,False,False,True,False,False,False,False,0,0,0.9995,0.0005,$80K - $120K
46,0,2,1,Silver,37,5,2,2,1777.2175,0,0.8142494,1546.0,41.0,0.51772034,0.0,False,True,True,False,False,False,False,False,False,True,False,1,1,0.0,1.0,$60K - $80K
48,1,3,0,Silver,43,2,3,3,9104.0,145,0.765,1682.0,39.0,0.417,0.016,False,True,False,False,False,False,True,False,False,False,False,1,1,0.0,1.0,$40K - $60K
44,0,2,2,Blue,37,6,2,1,4559.0,1680,0.628,1419.0,36.0,0.949,0.369,False,False,True,False,False,False,False,False,False,False,True,0,0,0.9999,0.0001,$120K +
55,1,2,1,Blue,37,2,3,3,8228.918,1386,0.8087375,2139.0,70.0,0.80767256,0.16814752,False,True,False,False,True,False,False,False,True,False,False,1,1,0.0006,0.9994,Less than $40K
37,1,1,1,Blue,26,5,2,1,11726.0,1925,0.855,2492.0,55.0,0.703,0.164,False,False,True,False,False,False,False,False,False,False,False,0,0,1.0,0.0,$60K - $80K
43,0,3,1,Blue,34,3,3,2,6522.2197,2429,0.7264476,3045.0,56.0,0.56092733,0.3737215,False,False,True,False,True,False,False,True,False,False,True,1,1,0.0007,0.9993,$40K - $60K
44,0,3,2,Blue,31,1,2,3,3438.2998,0,0.7344711,2406.0,65.0,0.46610057,0.0,False,True,False,False,True,False,False,False,True,False,True,1,1,0.0,1.0,$120K +
45,0,3,1,Blue,35,2,3,2,4920.974,2517,0.9315184,1833.0,27.0,0.6413157,0.51251924,True,True,False,False,False,False,False,False,False,True,False,1,1,0.0006,0.9994,$40K - $60K
52,0,0,1,Blue,33,3,1,2,7393.1685,269,0.76997006,1483.0,36.0,0.812809,0.036127344,False,False,True,False,False,False,False,True,False,True,False,1,1,0.001,0.999,Less than $40K
44,0,3,2,Blue,24,5,1,4,9297.0,1668,0.521,1698.0,43.0,0.632,0.179,False,False,False,False,False,False,False,False,False,True,False,0,0,0.9979,0.0021,$60K - $80K
42,0,2,1,Blue,31,4,2,0,22718.0,0,0.791,1935.0,47.0,1.176,0.0,False,False,False,False,True,False,False,False,False,False,True,0,0,0.9848,0.0152,Unknown
58,1,2,1,Blue,48,4,1,0,2774.0,0,0.721,1514.0,51.0,0.435,0.0,False,True,False,False,False,False,False,False,False,True,False,0,0,0.9897,0.0103,$80K - $120K
50,1,1,2,Blue,41,5,4,2,5068.0,991,0.736,2905.0,63.0,0.6,0.196,True,False,False,False,False,False,False,False,True,False,False,0,0,0.962,0.038,Less than $40K
65,0,0,2,Blue,56,6,3,3,2802.0,2403,0.636,1638.0,41.0,0.419,0.858,False,False,False,False,False,True,False,False,False,True,False,0,0,0.979,0.021,$40K - $60K
55,0,1,1,Blue,33,3,2,3,10013.097,0,0.28468138,1640.0,37.0,0.14243256,0.0,False,True,True,False,False,False,False,False,False,False,True,1,1,0.0001,0.9999,$60K - $80K
40,1,2,2,Blue,35,1,2,2,6946.345,0,0.8262746,2456.0,55.0,0.4754484,0.0,False,True,False,False,False,True,False,False,True,False,False,1,1,0.0001,0.9999,$60K - $80K
36,0,2,1,Blue,30,2,2,3,1438.3,0,0.60554063,2601.0,52.0,0.29835892,0.0,False,False,False,False,True,False,True,False,False,True,False,1,1,0.0,1.0,$80K - $120K
57,0,1,1,Blue,49,4,4,4,1438.3,0,0.6464906,2279.0,33.0,0.62595206,0.0,False,True,False,False,True,False,False,False,False,True,False,1,1,0.0021,0.9979,$40K - $60K
50,0,1,3,Blue,36,1,1,3,10417.0,2290,1.122,2043.0,52.0,1.027,0.22,False,True,False,False,False,False,False,False,False,False,True,0,0,0.9994,0.0006,Less than $40K
47,0,3,1,Blue,36,5,2,2,7051.0,0,0.527,2312.0,61.0,0.194,0.0,False,True,False,False,False,False,False,False,False,True,False,0,1,0.0743,0.9257,$40K - $60K
36,0,4,1,Blue,36,4,1,3,4277.0,1578,0.84,2056.0,49.0,1.042,0.369,False,False,True,False,False,False,False,False,False,True,False,0,0,1.0,0.0,$60K - $80K
37,1,2,0,Blue,25,3,2,2,25187.0,2209,0.799,1693.0,37.0,0.778,0.088,False,True,False,False,False,False,False,False,True,False,False,0,0,0.9997,0.0003,$120K +
52,0,2,1,Blue,43,1,2,3,4090.0,1649,0.752,2668.0,51.0,0.673,0.403,False,True,False,False,False,False,True,False,False,False,False,0,0,0.9998,0.0002,Less than $40K
50,0,1,2,Blue,38,3,1,4,4182.0,0,0.853,1732.0,35.0,0.608,0.0,False,False,False,True,False,False,True,False,False,False,False,0,0,0.9966,0.0034,Less than $40K
52,0,0,1,Blue,36,4,3,2,4353.0,1489,0.945,1916.0,58.0,1.073,0.342,True,False,False,False,False,False,False,False,False,True,False,1,1,0.2553,0.7447,$80K - $120K
38,1,3,2,Blue,32,4,2,2,30082.0,1671,0.707,1531.0,48.0,0.8,0.056,False,False,False,False,False,False,False,True,False,False,False,0,0,0.9999,0.0001,$120K +
41,0,1,2,Blue,30,5,1,4,10161.146,0,0.68230677,2413.0,41.0,0.52379924,0.0,False,False,True,False,False,True,True,False,False,False,True,1,1,0.0048,0.9952,Unknown
44,1,3,3,Blue,39,5,2,4,2978.0,2134,0.579,1523.0,35.0,0.394,0.717,False,True,False,False,False,False,False,False,False,True,False,0,0,0.9991,0.0009,Less than $40K
54,1,2,2,Blue,46,3,4,3,8741.675,0,0.67861253,2909.0,64.0,0.5856265,0.0,False,True,False,False,False,False,False,True,False,False,False,1,1,0.0002,0.9998,Less than $40K
39,0,2,2,Blue,25,1,3,1,2007.1123,0,0.64550316,1642.0,36.0,0.8325592,0.0,False,True,True,False,False,False,True,False,False,True,False,1,1,0.0,1.0,$60K - $80K
39,0,2,2,Blue,36,1,3,2,1817.2014,0,0.6182562,1834.0,43.0,0.81104046,0.0,False,False,True,False,True,False,False,False,False,True,False,1,1,0.0001,0.9999,$40K - $60K
52,0,3,1,Blue,34,2,3,3,7551.79,0,0.7458249,1874.0,38.0,0.7543982,0.0,False,True,False,False,True,False,False,False,False,True,False,1,1,0.0008,0.9992,Less than $40K
43,0,2,1,Blue,25,2,2,2,1934.1599,1657,0.85325825,1452.0,37.0,1.0986502,0.8569778,False,True,False,False,True,False,False,False,False,True,False,1,1,0.0009,0.9991,$120K +
37,1,2,1,Blue,30,2,3,3,13627.629,0,0.24849264,1355.0,34.0,0.009565477,0.0,False,True,False,False,False,False,False,True,False,False,False,1,1,0.0004,0.9996,Unknown
53,1,3,0,Blue,33,4,2,2,13513.0,1495,0.505,2625.0,45.0,0.511,0.111,False,False,False,False,True,False,False,True,False,False,False,0,0,0.9995,0.0005,Unknown
39,0,2,2,Blue,36,2,2,1,2314.4695,0,0.48585677,2047.0,41.0,0.52801937,0.0,False,True,False,False,False,False,False,True,False,True,False,1,1,0.0002,0.9998,Unknown
65,0,0,1,Blue,56,4,2,1,2692.0,1869,0.744,1712.0,37.0,0.895,0.694,False,True,False,False,False,False,True,False,False,False,False,0,0,0.9999,0.0001,Less than $40K
33,1,4,2,Blue,25,4,1,1,8650.0,1929,0.777,1969.0,46.0,1.032,0.223,False,False,True,False,False,False,True,False,False,False,False,0,0,0.9997,0.0003,$120K +
34,0,3,1,Blue,29,3,2,4,1569.0,909,1.288,1720.0,42.0,1.182,0.579,False,False,False,False,False,True,True,False,False,False,False,0,0,0.9873,0.0127,$40K - $60K
54,0,1,1,Blue,47,1,3,3,1855.796,0,0.87380123,1954.0,43.0,0.6428988,0.0,False,False,True,False,False,True,True,True,False,False,False,1,1,0.0,1.0,Less than $40K
45,0,3,2,Blue,37,1,3,4,3964.722,0,0.7892592,1644.0,45.0,0.28651953,0.0,False,True,False,False,False,True,False,False,False,True,False,1,1,0.0,1.0,$40K - $60K
42,1,2,1,Blue,28,3,2,3,14221.172,2517,0.9612722,1478.0,33.0,0.85368645,0.17699783,False,True,False,False,False,True,True,False,True,False,False,1,1,0.0002,0.9998,$120K +
50,1,1,1,Blue,42,1,3,3,16244.162,1211,0.6496329,1739.0,35.0,0.29962957,0.07315389,False,False,False,True,False,False,False,False,True,False,False,1,1,0.0736,0.9264,$80K - $120K
42,0,3,1,Blue,28,3,3,2,1602.754,0,0.6343119,2290.0,62.0,0.41538858,0.0,False,True,False,False,False,False,True,False,False,True,False,1,1,0.0,1.0,$60K - $80K
43,0,2,1,Blue,36,2,3,2,4287.0,0,0.807,2147.0,41.0,0.708,0.0,False,True,False,False,False,False,True,False,False,False,False,0,0,0.9955,0.0045,$40K - $60K
57,0,2,0,Blue,50,5,3,5,3276.0,0,0.972,1339.0,29.0,0.694,0.0,False,False,True,False,False,False,False,False,False,True,False,0,0,0.9804,0.0196,$60K - $80K
52,0,1,1,Blue,36,6,3,3,2133.0,1469,0.831,1825.0,31.0,0.682,0.689,False,False,True,False,False,False,False,False,False,True,False,0,0,0.9989,0.0011,$60K - $80K
49,0,4,1,Blue,38,4,2,1,12836.0,1034,0.663,1676.0,41.0,0.472,0.081,False,True,False,False,False,False,True,False,False,False,False,0,1,0.2592,0.7408,$80K - $120K
50,1,1,2,Blue,41,3,1,1,2800.0,1338,0.818,2503.0,40.0,0.8,0.478,False,False,False,False,False,False,True,False,False,False,False,0,0,1.0,0.0,$60K - $80K
49,0,1,1,Blue,43,5,3,3,1938.0,0,0.612,1946.0,37.0,0.75,0.0,False,True,False,False,False,False,False,False,False,True,False,1,1,0.0062,0.9938,$80K - $120K
51,0,2,1,Blue,36,2,3,2,1438.3,1141,0.69,1839.0,33.0,0.889,0.793,False,False,False,False,False,True,True,False,False,False,False,0,0,0.9999,0.0001,$80K - $120K
53,1,2,1,Blue,36,1,3,3,4503.0,0,0.659,2192.0,58.0,0.429,0.0,False,False,False,False,True,False,False,False,True,False,False,1,1,0.0001,0.9999,$60K - $80K
43,0,4,1,Blue,31,4,1,3,1773.0,882,0.68,2747.0,42.0,0.615,0.497,False,False,False,False,True,False,True,False,False,False,False,0,0,0.9995,0.0005,$60K - $80K
53,0,0,1,Silver,36,2,2,2,1745.2399,0,0.43202406,2685.0,71.0,0.34288806,0.0,False,True,False,True,False,False,True,False,False,True,False,1,1,0.0,1.0,Less than $40K
47,0,3,1,Blue,37,4,3,2,22939.414,0,0.83135265,2595.0,56.0,0.515312,0.0,False,False,False,False,True,False,True,True,False,False,False,1,1,0.0038,0.9962,Unknown
40,1,1,1,Blue,36,5,3,4,18442.322,1111,0.37746146,1657.0,38.0,0.44599572,0.059699886,False,False,True,True,False,False,False,True,True,False,False,1,1,0.0817,0.9183,$60K - $80K
34,0,2,1,Blue,21,5,1,1,1438.7468,0,0.81731695,3151.0,67.0,0.7998169,0.0,False,False,True,False,False,False,False,False,True,False,True,1,1,0.0174,0.9826,$40K - $60K
59,0,1,2,Blue,48,4,2,3,5528.0,1823,0.731,1440.0,37.0,0.723,0.33,False,False,False,False,False,True,False,False,False,False,True,0,0,0.9999,0.0001,$80K - $120K
42,1,4,2,Blue,36,3,3,2,2502.0,1488,0.56,1273.0,33.0,0.875,0.595,False,False,False,False,False,False,True,False,False,False,False,0,0,1.0,0.0,$80K - $120K
50,1,3,3,Blue,42,1,2,3,12889.0,1822,0.88,1804.0,38.0,0.837,0.141,False,False,False,False,False,False,False,True,False,False,False,0,0,0.865,0.135,Less than $40K
46,1,3,2,Blue,36,4,2,3,1438.3,0,0.951,1200.0,28.0,0.775,0.0,False,True,False,False,False,False,True,False,False,False,False,0,0,0.9984,0.0016,Less than $40K
54,1,2,1,Blue,39,4,4,2,2702.0,2517,1.019,2469.0,67.0,1.462,0.932,False,True,False,False,False,False,False,False,False,True,False,0,0,0.999,0.001,$60K - $80K
65,0,1,2,Blue,51,3,3,5,11037.0,1491,0.651,1715.0,35.0,0.75,0.135,False,False,False,False,True,False,False,False,False,False,True,0,0,0.9973,0.0027,$60K - $80K
46,0,2,1,Blue,31,5,2,0,2330.0,1584,0.78,1486.0,32.0,0.651,0.68,False,True,False,False,False,False,False,False,False,True,False,0,0,1.0,0.0,$80K - $120K
50,1,2,1,Blue,41,1,3,3,4607.0,0,0.898,1885.0,55.0,0.63,0.0,False,True,False,False,False,False,False,False,False,False,False,0,0,0.9915,0.0085,$40K - $60K
52,0,3,2,Blue,42,5,3,3,2463.3208,485,0.49577758,2390.0,62.0,0.6031255,0.1968745,False,False,False,True,True,False,False,False,True,True,False,1,1,0.0011,0.9989,$80K - $120K
46,0,4,1,Blue,32,2,1,1,5798.0,680,0.708,2153.0,58.0,0.64,0.117,False,True,False,False,False,False,False,False,False,False,True,0,0,0.9997,0.0003,$40K - $60K
51,0,2,1,Blue,47,2,2,1,5118.0,980,0.786,2461.0,68.0,0.627,0.191,False,True,False,False,False,False,False,False,False,True,False,0,0,0.9999,0.0001,Unknown
43,1,4,1,Blue,39,3,3,3,14881.0,848,0.762,1569.0,39.0,1.091,0.057,False,False,False,False,False,True,False,False,False,False,False,0,0,0.9986,0.0014,Less than $40K
45,1,3,1,Blue,33,6,5,0,7717.0,1430,0.822,1662.0,32.0,0.85,0.185,False,False,True,False,False,False,False,False,False,True,False,0,0,1.0,0.0,Less than $40K
55,1,2,2,Blue,46,2,3,2,31262.576,0,0.5659152,1901.0,33.0,0.75775445,0.0,False,True,False,False,True,False,False,True,False,False,False,1,1,0.0003,0.9997,Unknown
53,0,1,1,Blue,36,3,2,2,7342.5854,222,0.7321703,2498.0,60.0,0.83557874,0.029761795,False,True,True,False,False,False,False,False,False,True,False,1,1,0.0006,0.9994,$40K - $60K
46,1,2,1,Blue,35,2,3,4,24113.252,567,0.95868987,1900.0,28.0,0.56304085,0.023760142,False,False,True,True,False,False,True,True,False,False,False,1,1,0.008,0.992,$60K - $80K
38,0,2,0,Blue,31,2,3,3,12314.515,0,0.70754266,1859.0,33.0,0.39263102,0.0,False,True,True,False,False,False,False,True,False,False,True,1,1,0.0,1.0,$60K - $80K
57,1,2,2,Blue,39,3,4,3,3451.0,0,0.744,1327.0,30.0,0.676,0.0,False,True,False,False,False,False,False,False,False,True,False,0,0,0.6577,0.3423,$120K +
53,1,3,1,Blue,39,5,2,3,34516.0,0,0.8717058,1397.0,43.0,0.73047405,0.0,False,True,True,False,False,False,False,False,True,False,False,1,1,0.0002,0.9998,$40K - $60K
46,0,1,2,Blue,40,6,4,3,2711.0,1793,0.681,1773.0,42.0,0.717,0.661,False,False,False,False,False,True,False,False,False,True,False,0,0,0.9999,0.0001,Less than $40K
53,0,1,1,Blue,40,3,3,2,4533.2886,1256,0.96642774,1388.0,27.0,1.0375334,0.28104174,True,False,False,False,True,False,False,False,False,True,False,1,1,0.1014,0.8986,$80K - $120K
45,1,3,0,Blue,37,6,3,3,2751.0,2432,0.905,2069.0,54.0,0.923,0.884,False,False,False,True,False,False,False,True,False,False,False,0,0,0.9989,0.0011,Less than $40K
43,0,3,1,Blue,34,1,2,4,7601.9224,0,0.715054,1471.0,37.0,0.721007,0.0,False,False,True,False,False,True,False,False,False,True,False,1,1,0.009,0.991,$80K - $120K
40,0,1,1,Blue,40,2,3,2,2401.8806,433,0.7112841,2902.0,64.0,0.4145177,0.1808754,False,False,False,False,True,True,False,False,False,True,True,1,1,0.0,1.0,$120K +
39,0,1,2,Blue,36,6,1,3,11213.0,0,0.563,1017.0,25.0,0.643,0.0,False,False,False,False,False,True,True,False,False,False,False,0,0,0.9699,0.0301,$40K - $60K
40,0,3,1,Blue,26,2,2,2,3158.5835,2517,0.5346821,1740.0,43.0,0.21389869,0.7995149,False,True,False,False,False,True,False,False,False,True,False,1,1,0.0002,0.9998,$80K - $120K
44,1,3,2,Blue,39,5,2,1,34516.0,1133,0.5526367,2614.0,79.0,0.63690436,0.03293569,False,True,False,False,True,False,False,False,True,False,False,1,1,0.0301,0.9699,Less than $40K
48,0,3,0,Blue,30,3,2,2,1570.0629,0,0.42821136,2135.0,48.0,0.5653504,0.0,False,True,False,False,True,False,False,False,False,True,True,1,1,0.0,1.0,Unknown
55,0,0,1,Blue,36,2,3,3,1438.3,706,0.8013456,2099.0,34.0,0.3312948,0.49082392,True,False,False,False,True,False,True,False,False,True,False,1,1,0.0001,0.9999,$60K - $80K
38,0,2,1,Blue,31,6,3,3,3222.0,0,0.786,1914.0,45.0,0.778,0.0,False,True,False,False,False,False,False,False,False,True,False,0,0,0.9976,0.0024,Less than $40K
37,0,2,1,Blue,36,6,5,4,1438.3,647,0.889,1670.0,30.0,0.684,0.45,False,False,False,False,True,False,False,False,False,True,False,0,0,0.9985,0.0015,Less than $40K
53,1,3,1,Blue,36,3,3,3,9355.0,715,0.422,1233.0,35.0,0.727,0.076,False,False,True,False,False,False,False,False,True,False,False,0,0,0.7886,0.2114,$60K - $80K
40,0,3,1,Blue,36,2,2,3,2270.0422,0,0.6959266,1309.0,38.0,0.32204738,0.0,False,True,True,False,False,False,False,False,False,True,False,1,1,0.0,1.0,Less than $40K
50,0,1,2,Blue,33,1,2,2,3643.9268,925,0.74393827,3014.0,58.0,0.57477045,0.25316644,False,False,False,False,False,True,False,False,True,True,False,1,1,0.0031,0.9969,$60K - $80K
41,0,2,1,Blue,33,5,3,4,1438.3,0,0.31548572,3306.0,71.0,0.74806964,0.0,False,True,False,False,False,False,False,False,False,True,True,1,1,0.004,0.996,Unknown
49,1,5,2,Blue,42,2,1,3,7801.0,2018,0.684,1219.0,35.0,0.685,0.259,False,True,False,False,False,False,False,True,False,False,False,0,0,1.0,0.0,Less than $40K
40,1,3,2,Blue,30,6,3,3,2583.0,2235,0.508,1897.0,50.0,0.509,0.865,False,True,False,False,False,False,True,False,False,False,False,0,0,0.9999,0.0001,$60K - $80K
51,1,1,1,Blue,42,6,2,2,25197.0,2517,0.721,1841.0,46.0,0.812,0.1,False,False,False,False,True,False,False,False,True,False,False,0,0,0.9797,0.0203,$80K - $120K
41,1,3,1,Blue,22,3,3,4,20550.012,0,0.5381013,1772.0,53.0,0.6049951,0.0,False,False,False,False,True,True,False,False,True,False,False,1,1,0.0046,0.9954,$120K +
39,1,4,1,Blue,36,6,3,2,25790.0,1798,0.973,2546.0,40.0,0.556,0.07,False,False,False,False,True,False,False,False,False,False,False,0,0,0.9998,0.0002,Less than $40K
44,1,2,1,Blue,36,2,2,2,19141.0,1933,1.05,1793.0,44.0,0.781,0.101,False,True,False,False,False,False,False,False,True,False,False,0,0,0.9961,0.0039,$120K +
37,0,2,1,Blue,17,3,1,3,1467.8555,1074,0.6959971,1499.0,31.0,0.5243359,0.73257446,False,False,False,False,False,True,True,False,False,True,False,1,1,0.0126,0.9874,$80K - $120K
50,1,2,2,Blue,38,4,4,2,2123.0,995,0.626,1645.0,30.0,0.625,0.469,False,False,False,False,False,True,False,False,False,False,False,0,0,0.9999,0.0001,Less than $40K
47,0,2,1,Blue,33,2,2,3,7750.9614,2407,0.42469114,2073.0,60.0,0.6017417,0.3103479,False,False,True,False,True,False,True,False,True,False,False,1,1,0.0024,0.9976,$120K +
43,0,5,1,Blue,34,5,1,3,7135.0,1164,1.127,1729.0,35.0,1.189,0.163,False,True,False,False,False,False,True,False,False,False,False,0,0,0.9999,0.0001,$60K - $80K
53,0,3,1,Blue,45,2,3,4,1516.198,798,0.80327994,2423.0,74.0,0.7452222,0.5275281,False,False,False,False,False,True,True,False,False,True,False,1,1,0.0,1.0,$60K - $80K
45,1,3,1,Silver,35,3,3,2,20640.0,1603,0.532,1322.0,38.0,0.395,0.078,False,False,False,True,False,False,False,False,True,False,False,0,1,0.2234,0.7766,$40K - $60K
54,0,2,2,Blue,36,3,2,2,3554.0,0,0.929,1819.0,24.0,0.783,0.0,False,False,False,False,True,False,False,False,False,True,False,0,0,0.9991,0.0009,$60K - $80K
51,0,4,1,Blue,41,1,3,2,6245.2407,72,0.9972634,1634.0,44.0,0.43324167,0.010533925,False,True,False,False,False,False,True,False,False,False,True,1,1,0.0009,0.9991,$40K - $60K
56,1,2,2,Blue,51,1,3,1,1466.0,723,0.793,2094.0,47.0,0.593,0.493,False,True,False,False,False,False,True,False,False,False,False,0,0,0.9995,0.0005,Less than $40K
52,0,2,1,Blue,44,5,3,3,4153.7705,0,0.7602304,1554.0,43.0,0.54735166,0.0,False,True,True,False,False,False,True,False,False,True,False,1,1,0.0,1.0,$40K - $60K
45,0,3,1,Blue,36,2,3,2,1438.3,0,0.23446992,1220.0,30.0,0.2670547,0.0,True,False,False,False,False,True,False,False,False,True,False,1,1,0.0,1.0,$120K +
48,0,2,1,Silver,37,3,1,3,16045.088,159,0.45805925,3530.0,68.0,0.48817325,0.009887703,True,False,False,False,False,False,False,True,False,True,False,1,1,0.0014,0.9986,$80K - $120K
46,0,2,1,Blue,33,2,3,1,2644.0,1517,0.721,1581.0,30.0,0.804,0.574,True,False,False,False,False,False,False,False,False,True,False,0,0,1.0,0.0,Less than $40K
39,1,5,2,Blue,36,1,3,3,24657.0,633,0.358,1629.0,43.0,0.394,0.026,False,True,False,False,False,False,False,True,False,False,False,1,1,0.0011,0.9989,Less than $40K
56,0,5,2,Blue,36,6,3,5,4668.0,2517,1.062,2154.0,61.0,0.853,0.539,False,False,False,False,False,True,False,False,False,True,False,1,1,0.0171,0.9829,Unknown
47,1,2,0,Blue,40,3,2,3,4619.085,0,0.7737949,2449.0,27.0,0.4200024,0.0,False,True,True,False,False,False,False,False,True,False,False,1,1,0.0001,0.9999,Less than $40K
43,1,4,2,Blue,32,4,1,3,16043.0,2036,0.7,1312.0,29.0,0.75,0.127,False,False,False,False,True,False,False,False,True,False,False,0,0,0.9998,0.0002,$80K - $120K
57,0,2,1,Blue,41,3,3,3,2796.0,0,0.729,3382.0,58.0,0.75,0.0,False,True,False,False,False,False,False,False,False,True,False,1,1,0.0064,0.9936,$60K - $80K
42,0,3,1,Blue,28,6,2,2,2021.5762,0,0.8615412,1925.0,42.0,0.56709576,0.0,False,True,False,False,False,False,False,False,False,True,False,1,1,0.0242,0.9758,$120K +
52,0,1,2,Blue,36,3,2,3,4284.1304,0,0.36717477,2837.0,74.0,0.30560946,0.0,False,True,False,True,False,False,False,False,False,True,False,1,1,0.0007,0.9993,Less than $40K
44,1,4,1,Blue,36,3,2,2,3117.0,1400,0.913,1744.0,35.0,0.809,0.449,False,False,False,True,False,False,False,True,False,False,False,0,0,1.0,0.0,$40K - $60K
45,1,3,1,Blue,32,3,2,2,34516.0,617,0.66964906,3174.0,74.0,0.62862813,0.018147374,False,True,True,False,False,False,False,False,True,False,False,1,1,0.0011,0.9989,$80K - $120K
47,0,2,1,Blue,28,5,2,2,2035.0,1620,0.838,992.0,21.0,0.721,0.796,False,True,False,False,False,False,True,False,False,False,False,0,0,0.9999,0.0001,$40K - $60K
53,0,4,1,Blue,37,3,2,3,1722.0,0,0.863,1291.0,24.0,0.346,0.0,False,True,False,False,False,False,False,False,False,True,False,1,1,0.0008,0.9992,$40K - $60K
45,0,2,1,Blue,33,2,2,2,4746.17,2517,0.92998,1518.0,39.0,0.6539983,0.53092,True,True,False,False,False,False,False,False,False,True,True,1,1,0.0003,0.9997,$60K - $80K
43,0,3,2,Blue,37,2,2,2,2633.5112,2490,0.8024218,2272.0,46.0,0.48681742,0.9461947,False,False,True,False,False,False,True,False,False,True,False,1,1,0.0,1.0,Unknown
59,1,1,2,Blue,53,4,3,2,2136.0,1502,0.648,2825.0,60.0,0.37,0.703,False,True,False,False,False,False,True,False,False,False,False,0,0,0.9781,0.0219,Less than $40K
49,0,2,1,Blue,39,5,3,1,2992.0,1845,0.707,1587.0,38.0,0.75,0.617,False,False,True,False,False,False,False,False,False,True,False,0,0,1.0,0.0,$60K - $80K
39,0,3,1,Blue,19,5,1,2,2452.0,2423,0.778,2235.0,57.0,0.8,0.988,False,False,False,True,False,False,False,False,False,True,False,0,0,0.9973,0.0027,$120K +
44,1,3,1,Blue,35,6,3,1,6327.0,0,0.666,2275.0,58.0,0.674,0.0,False,True,False,False,False,False,True,False,False,False,False,0,0,0.9997,0.0003,$60K - $80K
44,0,3,2,Blue,31,5,6,4,10262.0,1888,0.508,1818.0,51.0,0.757,0.184,False,False,True,False,False,False,False,False,False,False,True,0,0,1.0,0.0,$120K +
44,1,3,2,Blue,36,2,3,3,34516.0,2517,0.703,2733.0,71.0,0.582,0.073,False,True,False,False,False,False,False,False,True,False,False,0,0,0.9946,0.0054,$80K - $120K
56,0,3,1,Blue,49,4,0,3,8664.946,173,0.53128743,2442.0,62.0,0.38710612,0.02012792,False,True,False,True,False,False,False,True,False,True,False,1,1,0.0037,0.9963,Unknown
39,0,2,2,Blue,28,1,2,3,4363.7163,0,0.714,2617.0,54.0,0.82982767,0.0,False,False,False,False,False,True,True,False,False,False,True,1,1,0.0009,0.9991,Less than $40K
44,0,4,1,Blue,37,1,3,4,3967.398,0,0.7851068,1844.0,49.0,0.29777712,0.0,False,True,False,False,False,True,False,False,False,True,False,1,1,0.0003,0.9997,$60K - $80K
34,1,2,1,Blue,29,3,2,2,3436.0,1650,0.788,2047.0,33.0,0.947,0.48,False,False,False,False,False,True,True,False,False,False,False,0,0,0.9985,0.0015,Unknown
39,1,4,1,Blue,30,5,2,2,17523.0,0,0.424,1842.0,50.0,0.688,0.0,False,True,False,False,False,False,False,False,True,False,False,1,1,0.0522,0.9478,$60K - $80K
45,1,3,1,Blue,41,6,3,3,9106.0,2477,0.515,2028.0,39.0,0.737,0.272,False,True,False,False,False,False,False,True,False,False,False,0,0,0.968,0.032,Less than $40K
53,1,3,1,Blue,44,5,0,2,8739.134,277,0.562995,3095.0,62.0,0.42611715,0.031771343,False,True,False,False,False,False,False,True,False,False,False,1,1,0.0923,0.9077,Less than $40K
46,1,1,2,Blue,34,2,2,4,34516.0,0,0.88106763,1685.0,44.0,0.9526473,0.0,False,False,True,False,False,False,False,False,True,False,False,1,1,0.0001,0.9999,$40K - $60K
40,0,2,1,Silver,27,3,2,1,6828.323,2336,0.5818486,1502.0,31.0,0.38140768,0.34186637,False,False,True,False,False,True,False,True,False,True,False,1,1,0.001,0.999,$40K - $60K
45,0,4,2,Blue,27,1,2,3,34516.0,0,0.331,1541.0,37.0,0.355,0.0,False,False,False,False,False,True,False,False,False,False,True,1,1,0.0002,0.9998,$40K - $60K
27,0,1,2,Blue,13,6,2,4,2339.0,2080,1.067,1677.0,45.0,0.452,0.889,False,True,False,False,False,False,False,False,False,False,True,0,0,0.9988,0.0012,$60K - $80K
46,1,0,1,Blue,36,3,3,2,34516.0,1092,0.737,2048.0,59.0,0.345,0.032,False,False,False,False,False,True,False,True,False,False,False,0,0,0.9493,0.0507,$120K +
47,0,3,1,Blue,36,5,1,1,1438.3,0,0.647,2072.0,33.0,0.83,0.0,False,False,False,False,True,False,False,False,False,True,False,0,0,0.9999,0.0001,Less than $40K
38,0,2,1,Blue,34,3,3,1,5018.8076,0,0.9545357,1406.0,28.0,0.6942782,0.0,False,False,False,True,False,True,False,False,False,True,False,1,1,0.0019,0.9981,Less than $40K
35,0,3,0,Blue,29,4,2,3,1511.0,864,0.712,1386.0,30.0,0.829,0.572,False,False,False,False,False,True,False,False,False,True,False,0,0,0.9975,0.0025,$60K - $80K
49,0,4,2,Blue,36,3,3,4,13039.0,1840,0.793,2249.0,61.0,0.5,0.141,False,False,True,False,False,False,False,False,False,False,True,0,0,0.9999,0.0001,Less than $40K
58,0,1,2,Blue,46,1,5,1,1552.0,0,0.762,1670.0,33.0,0.651,0.0,False,False,False,False,False,False,False,False,False,True,False,0,0,0.9985,0.0015,Less than $40K
39,0,2,2,Blue,29,6,2,4,1923.0,845,0.587,1561.0,40.0,0.682,0.439,False,False,False,False,False,True,False,False,False,True,False,0,0,0.9866,0.0134,$120K +
34,0,2,1,Silver,23,6,2,2,3116.0,0,0.698,2579.0,68.0,0.667,0.0,False,True,False,False,False,False,False,False,False,True,False,1,1,0.0316,0.9684,$80K - $120K
44,0,2,1,Blue,31,4,3,2,3140.7988,2517,0.47340372,1642.0,39.0,0.3284406,0.80142254,False,True,False,False,False,False,False,True,False,True,False,1,1,0.0099,0.9901,$60K - $80K
49,0,4,3,Blue,36,6,4,2,3298.0,2200,0.678,2156.0,46.0,0.6,0.667,False,True,False,False,False,False,False,False,False,True,False,0,0,0.9745,0.0255,Unknown
44,1,3,2,Blue,33,6,3,3,4131.0,785,0.543,2004.0,44.0,1.2,0.19,False,True,False,False,False,False,False,False,True,False,False,0,0,0.6833,0.3167,$60K - $80K
45,1,3,1,Blue,36,6,3,2,21630.0,0,0.804,1575.0,41.0,0.75,0.0,False,True,False,False,False,False,False,False,True,False,False,0,0,0.9997,0.0003,$40K - $60K
51,1,3,1,Blue,36,4,1,0,3418.0,0,2.594,2732.0,63.0,2.333,0.0,False,True,False,False,False,False,False,False,True,False,False,0,0,0.9997,0.0003,Less than $40K
46,0,1,1,Blue,32,4,2,4,1681.5305,298,0.7684283,2246.0,44.0,0.5247755,0.17688434,False,True,False,False,True,False,False,False,False,True,False,1,1,0.0001,0.9999,Less than $40K
44,0,1,0,Blue,38,3,3,4,3045.5664,0,0.77686894,1602.0,40.0,0.48037732,0.0,False,False,False,False,False,True,True,False,False,True,False,1,1,0.0001,0.9999,$80K - $120K
40,1,3,0,Blue,36,3,1,2,16268.0,2517,0.652,1597.0,31.0,0.824,0.155,False,False,True,False,False,False,False,True,False,False,False,0,0,0.9997,0.0003,Less than $40K
38,0,2,1,Blue,31,4,2,4,1593.0,1091,0.87,3483.0,82.0,0.718,0.685,False,False,True,False,False,False,True,False,False,False,False,0,0,0.9998,0.0002,Less than $40K
47,0,3,1,Blue,37,3,3,2,13252.656,1464,0.41661885,2334.0,61.0,0.3580378,0.1108857,False,True,False,True,False,False,False,False,True,False,True,1,1,0.006,0.994,Less than $40K
41,1,2,1,Blue,24,4,1,3,9366.0,1104,0.572,856.0,18.0,0.625,0.118,False,False,True,False,False,False,False,False,True,False,False,0,0,0.9936,0.0064,Less than $40K
48,0,3,2,Blue,38,5,3,2,3460.8242,2517,0.73610765,1596.0,34.0,0.35914654,0.7275377,False,True,False,False,True,False,False,False,False,True,False,1,1,0.0,1.0,Less than $40K
33,0,1,1,Blue,24,1,2,2,2198.1008,1681,0.4217436,1830.0,36.0,0.4704775,0.76508397,False,False,False,False,True,False,False,False,False,True,False,1,1,0.0022,0.9978,$40K - $60K
48,1,3,1,Blue,43,5,3,0,6626.0,1558,1.02,1369.0,37.0,1.333,0.235,False,False,False,False,False,True,False,False,False,False,False,0,0,0.9993,0.0007,$120K +
41,0,2,1,Blue,36,3,2,2,2799.6667,2411,0.51090986,2603.0,56.0,0.47084084,0.86153454,False,True,True,False,False,False,False,False,False,True,False,1,1,0.0001,0.9999,$80K - $120K
35,0,2,1,Blue,21,6,2,3,5825.0,1815,1.132,1776.0,36.0,0.879,0.312,False,False,False,False,True,False,False,False,False,True,False,0,0,0.9998,0.0002,$40K - $60K
38,0,5,1,Blue,31,2,5,2,2153.0,1392,0.787,869.0,27.0,0.667,0.647,False,True,False,False,False,False,False,False,False,True,False,0,0,1.0,0.0,$40K - $60K
41,0,3,1,Blue,35,6,2,3,4697.101,0,0.96497035,1390.0,44.0,0.67028713,0.0,False,True,True,False,False,False,True,False,False,True,False,1,1,0.0,1.0,$60K - $80K
57,1,2,2,Blue,51,6,3,4,34516.0,1417,0.966,1757.0,48.0,0.638,0.041,False,True,False,False,False,False,False,False,False,False,False,0,0,0.9995,0.0005,Unknown
38,0,3,2,Blue,26,3,2,3,2669.0,0,0.67,3342.0,62.0,0.722,0.0,False,True,False,False,False,False,True,False,False,False,False,1,1,0.003,0.997,$40K - $60K
48,0,2,1,Blue,42,1,3,3,5695.372,2517,0.7133717,2457.0,58.0,0.5222073,0.44249994,False,False,False,False,True,False,True,False,True,False,False,1,1,0.0002,0.9998,$60K - $80K
43,1,3,1,Blue,25,3,3,3,2900.0,2517,0.719,2274.0,61.0,0.409,0.868,False,False,False,False,False,False,False,False,True,False,False,1,1,0.0203,0.9797,$60K - $80K
42,0,4,2,Blue,36,1,4,1,2875.0,1892,0.75,1448.0,36.0,0.688,0.658,False,False,False,False,True,False,False,False,False,False,True,0,0,1.0,0.0,$80K - $120K
56,0,1,1,Blue,49,2,5,2,2405.5325,302,0.87715364,1544.0,36.0,0.49863774,0.12557766,False,True,False,False,True,False,False,False,False,True,True,1,1,0.0,1.0,$80K - $120K
42,0,5,1,Blue,36,2,1,1,7434.0,0,0.63,1591.0,35.0,1.171,0.0,False,True,False,False,False,False,True,False,False,False,False,0,0,0.9997,0.0003,$80K - $120K
37,1,3,2,Blue,24,5,3,2,6590.0,0,0.714,3253.0,80.0,0.634,0.0,False,False,True,False,False,False,False,False,True,False,False,0,0,0.9959,0.0041,$60K - $80K
55,0,3,1,Blue,44,2,2,2,2365.8997,0,0.77325314,2467.0,54.0,0.50443095,0.0,False,False,False,False,True,True,False,True,False,True,False,1,1,0.0001,0.9999,$40K - $60K
50,0,2,1,Blue,42,4,3,1,3242.7456,24,0.5407034,1401.0,31.0,0.28159675,0.0076853535,False,False,False,False,False,True,False,False,False,True,False,1,1,0.0046,0.9954,Less than $40K
36,0,0,1,Blue,25,2,1,3,4595.681,2517,0.9272647,2853.0,55.0,0.6986412,0.54969805,False,True,False,False,False,True,False,False,False,True,True,1,1,0.0031,0.9969,Less than $40K
46,1,2,1,Blue,29,4,2,2,4323.794,0,0.92641914,2438.0,45.0,1.0400112,0.0,False,False,False,False,False,True,False,True,False,True,False,1,1,0.0003,0.9997,$60K - $80K
62,0,0,1,Blue,51,6,3,4,1438.3,0,0.702,1655.0,41.0,0.31,0.0,False,False,True,False,False,False,False,False,False,True,False,0,0,0.8467,0.1533,$80K - $120K
48,0,3,3,Silver,33,3,2,2,2485.0,1651,1.1,797.0,14.0,0.83,0.664,False,False,False,False,False,True,True,False,False,False,False,0,0,0.9998,0.0002,$60K - $80K
46,1,4,1,Blue,36,3,2,5,3104.0,862,1.057,2141.0,55.0,0.682,0.278,True,False,False,False,False,False,False,False,False,False,False,0,0,0.9976,0.0024,Less than $40K
57,0,2,1,Blue,35,3,1,3,2888.7668,2515,0.49646726,2080.0,50.0,0.44138336,0.8713937,False,False,False,False,False,True,False,False,False,True,False,1,1,0.1016,0.8984,Unknown
49,1,2,2,Blue,37,6,1,4,24299.0,2517,0.723,2542.0,67.0,0.771,0.104,False,False,True,False,False,False,False,False,True,False,False,0,0,0.8809,0.1191,$60K - $80K
48,0,5,1,Blue,36,5,3,0,6921.0,1023,0.816,1636.0,58.0,0.927,0.148,False,True,False,False,False,False,False,False,False,True,False,0,0,0.9999,0.0001,$80K - $120K
43,1,3,2,Blue,38,6,1,1,2615.0,0,0.589,2319.0,61.0,0.259,0.0,False,False,False,False,False,True,True,False,False,False,False,0,0,0.9405,0.0595,$60K - $80K
55,1,2,1,Blue,50,4,2,4,19159.0,2108,0.69,982.0,22.0,0.576,0.11,False,False,False,False,False,False,False,False,True,False,False,0,0,0.9921,0.0079,$40K - $60K
42,1,4,2,Blue,33,5,3,2,2654.0,1489,0.668,1880.0,58.0,0.673,0.561,False,True,False,False,False,False,True,False,False,False,False,0,0,1.0,0.0,Less than $40K
42,1,3,1,Blue,17,2,1,3,8448.503,0,0.8325868,1325.0,29.0,0.9038328,0.0,False,True,True,False,False,False,False,False,True,False,False,1,1,0.0378,0.9622,$40K - $60K
37,0,4,1,Blue,36,4,1,4,2509.0,1144,0.692,1370.0,25.0,0.583,0.456,False,False,False,False,True,False,False,False,False,True,False,0,0,0.9996,0.0004,$60K - $80K
43,0,2,1,Blue,32,1,2,3,26111.898,96,1.0174226,1961.0,51.0,0.5844484,0.0036453153,False,False,True,False,False,True,False,True,False,False,True,1,1,0.0,1.0,$80K - $120K
47,0,3,2,Blue,35,4,2,4,2352.8704,703,0.64823276,2501.0,55.0,0.58562696,0.3007219,False,False,False,True,False,True,False,False,False,True,False,1,1,0.0778,0.9222,$80K - $120K
52,0,3,1,Blue,41,2,3,0,5190.028,0,0.38733244,2003.0,41.0,0.6212703,0.0,False,False,False,False,False,True,False,False,False,True,False,1,1,0.006,0.994,Less than $40K
47,0,3,1,Blue,35,3,3,3,2046.8037,241,0.9022303,1691.0,47.0,0.70885086,0.11757457,False,False,False,False,True,True,False,True,False,True,False,1,1,0.0001,0.9999,$60K - $80K
40,1,3,1,Blue,36,5,3,2,20371.0,1832,0.907,1456.0,27.0,0.8,0.09,False,False,False,True,False,False,False,False,True,False,False,0,0,0.9991,0.0009,Less than $40K
51,1,1,1,Blue,41,4,3,3,24220.527,1698,0.58375895,2743.0,69.0,0.54679114,0.070621535,False,False,False,False,True,True,False,False,True,False,False,1,1,0.0122,0.9878,Less than $40K
42,0,3,1,Blue,36,4,3,2,2031.0,1720,0.713,837.0,18.0,0.778,0.847,False,True,False,False,False,False,False,False,False,True,False,1,1,0.0022,0.9978,$120K +
42,1,4,2,Blue,36,5,2,3,10543.0,0,0.509,1877.0,33.0,0.5,0.0,False,False,False,False,False,False,True,False,False,False,False,1,1,0.0318,0.9682,$40K - $60K
59,0,0,1,Blue,36,2,3,2,1708.0,0,0.443,1843.0,44.0,0.357,0.0,False,True,False,False,False,False,False,False,False,True,False,1,1,0.0001,0.9999,$60K - $80K
57,0,3,1,Blue,48,4,2,2,3585.0,1244,0.507,1527.0,35.0,0.85,0.347,False,False,False,False,False,True,True,False,False,False,False,0,0,0.9995,0.0005,$80K - $120K
52,0,2,1,Blue,37,3,2,3,4918.8496,0,0.5574863,3951.0,68.0,0.5663353,0.0,False,True,False,False,False,True,True,False,False,False,False,1,1,0.0008,0.9992,$60K - $80K
40,1,2,1,Blue,30,1,3,3,8786.821,141,0.47390464,1591.0,38.0,0.28433126,0.016184732,False,False,True,False,True,False,False,True,False,False,False,1,1,0.0001,0.9999,$40K - $60K
52,1,2,1,Blue,42,3,3,2,11620.9375,2495,0.46949264,1326.0,44.0,0.47315732,0.21503146,False,True,True,False,False,False,False,False,True,False,False,1,1,0.0619,0.9381,$40K - $60K
41,0,4,1,Blue,28,2,3,3,1504.3799,969,0.8634973,2914.0,70.0,1.2141836,0.644317,False,True,False,False,False,False,False,False,False,True,False,1,1,0.0148,0.9852,Less than $40K
41,0,3,1,Blue,33,2,3,1,3659.3494,2517,0.7100002,2447.0,46.0,0.63887787,0.68793446,False,False,False,False,True,False,False,False,False,True,False,1,1,0.032,0.968,$80K - $120K
60,0,0,1,Blue,55,4,1,3,5549.0,0,0.703,3078.0,58.0,0.52,0.0,False,False,True,False,False,False,False,False,False,False,True,1,1,0.0035,0.9965,$40K - $60K
30,1,0,2,Blue,20,1,3,3,23760.0,1349,0.961,1238.0,36.0,0.746,0.057,False,False,False,False,False,True,False,True,False,False,False,0,0,0.9987,0.0013,$80K - $120K
47,0,2,3,Blue,34,5,2,3,1438.3,0,0.6666746,2454.0,46.0,0.5481812,0.0,True,True,False,False,False,False,False,False,False,True,True,1,1,0.0001,0.9999,Less than $40K
59,0,1,1,Blue,36,2,2,3,3720.0,1569,0.891,2413.0,48.0,0.792,0.422,False,False,False,False,True,False,True,False,False,False,False,0,0,0.9995,0.0005,$80K - $120K
48,0,1,1,Blue,37,5,2,2,9320.676,0,0.6582006,2126.0,58.0,0.5183211,0.0,False,True,False,False,False,True,True,False,False,False,True,1,1,0.0004,0.9996,$120K +
49,0,2,2,Blue,35,3,2,2,2765.1904,0,0.6845773,1782.0,48.0,0.42036727,0.0,False,True,False,False,False,True,True,False,False,False,False,1,1,0.0001,0.9999,Unknown
44,1,4,1,Blue,36,3,1,3,20485.0,0,0.751,2041.0,32.0,1.04,0.0,False,True,False,False,False,False,False,False,True,False,False,0,0,0.9367,0.0633,$40K - $60K
47,0,2,1,Blue,37,6,1,1,2946.0,2338,0.58,2050.0,46.0,0.628,0.794,False,False,True,False,False,False,False,False,False,True,False,0,0,0.9985,0.0015,Unknown
50,0,3,1,Blue,40,3,2,2,2925.0,2065,0.692,1229.0,27.0,1.474,0.706,False,True,False,False,False,False,False,False,False,True,False,0,0,0.985,0.015,Less than $40K
42,0,4,2,Blue,27,2,2,2,4580.0654,2211,0.7660706,2180.0,33.0,0.43078262,0.48305163,False,False,True,False,False,True,True,False,True,False,False,1,1,0.0004,0.9996,$40K - $60K
32,0,2,2,Silver,23,4,2,2,14143.0,1472,0.777,2298.0,55.0,0.648,0.104,False,False,True,False,False,False,False,False,False,True,False,0,0,0.9999,0.0001,Unknown
30,1,1,1,Blue,19,5,3,2,9959.0,2377,1.1,1333.0,34.0,0.696,0.239,False,True,False,False,False,False,False,False,True,False,False,0,0,0.9997,0.0003,$40K - $60K
62,0,0,2,Blue,45,2,2,3,10503.0,0,0.886,2036.0,44.0,0.725,0.0,False,True,False,False,False,False,False,False,False,False,True,0,0,0.9949,0.0051,$40K - $60K
40,1,2,1,Blue,31,5,1,2,18693.0,2052,0.5,2088.0,34.0,0.63,0.11,False,True,False,False,False,False,False,False,True,False,False,0,0,0.9991,0.0009,Less than $40K
33,0,4,1,Blue,36,4,2,3,2372.0,1887,0.8,2024.0,53.0,0.618,0.796,False,False,False,True,False,False,True,False,False,False,False,0,0,0.9989,0.0011,Less than $40K
53,1,3,1,Blue,38,1,3,1,34516.0,712,0.79995286,2405.0,49.0,0.74121606,0.020608032,True,True,False,False,False,False,False,False,True,False,False,1,1,0.0017,0.9983,$60K - $80K
47,0,2,2,Blue,37,6,2,1,15109.0,897,0.494,2608.0,78.0,0.303,0.059,False,True,False,False,False,False,False,False,False,True,False,1,1,0.0021,0.9979,$40K - $60K
46,0,2,1,Blue,28,2,3,3,14496.506,2517,0.8901258,2866.0,53.0,0.70001036,0.17353323,False,True,False,False,False,False,True,False,True,False,False,1,1,0.0012,0.9988,$80K - $120K
61,0,1,1,Blue,46,6,2,2,5686.0,0,1.027,1406.0,37.0,0.675,0.0,False,False,False,False,False,False,False,False,False,False,True,0,0,0.9983,0.0017,Less than $40K
49,0,2,2,Blue,31,5,1,2,5456.0,951,0.737,563.0,15.0,0.588,0.174,False,True,False,False,False,False,False,False,False,True,False,1,1,0.438,0.562,$80K - $120K
54,0,2,0,Blue,43,6,1,3,1438.3,1120,0.817,1610.0,49.0,0.75,0.779,True,False,False,False,False,False,False,False,False,True,False,0,0,0.9999,0.0001,Unknown
48,1,3,1,Blue,36,1,3,4,5617.5435,1514,0.48868352,1409.0,25.0,0.2781766,0.2697225,False,True,False,False,False,True,False,True,True,False,False,1,1,0.023,0.977,$80K - $120K
53,0,2,1,Blue,49,4,2,4,1520.0,0,0.566,1485.0,38.0,0.622,0.0,False,True,False,False,False,False,False,False,False,True,False,0,0,0.9999,0.0001,$80K - $120K
36,0,2,2,Blue,36,2,3,3,6071.0,0,0.912,2344.0,48.0,0.903,0.0,False,False,False,False,False,True,False,False,False,True,False,1,1,0.0002,0.9998,Less than $40K
53,1,1,2,Blue,36,3,2,3,34516.0,53,0.6102679,2768.0,68.0,0.46428123,0.0014776789,False,False,True,False,False,False,False,False,False,False,False,1,1,0.0007,0.9993,$60K - $80K
41,0,2,1,Blue,33,1,3,3,1609.2021,0,0.6197728,1869.0,47.0,0.5241748,0.0,True,False,True,False,False,False,True,False,False,False,False,1,1,0.0,1.0,Less than $40K
53,0,3,0,Silver,35,2,2,2,1530.4156,0,0.47660917,2873.0,73.0,0.3459487,0.0,False,False,False,False,False,True,False,False,False,True,False,1,1,0.0,1.0,$80K - $120K
47,0,3,2,Blue,36,3,1,4,1965.0,1175,0.657,1734.0,39.0,0.74,0.598,False,False,False,False,False,True,False,False,False,True,False,0,0,1.0,0.0,$40K - $60K
47,0,3,2,Blue,38,4,2,3,1438.3,0,1.001,2858.0,71.0,0.882,0.0,False,False,False,False,False,True,False,False,False,True,False,0,0,0.9964,0.0036,Less than $40K
45,0,3,1,Blue,36,5,2,3,18432.0,484,0.557,1984.0,36.0,0.552,0.026,False,True,False,False,False,False,False,False,False,False,True,1,1,0.0002,0.9998,$60K - $80K
55,0,1,3,Blue,36,2,3,2,3626.0,795,0.896,1537.0,41.0,0.556,0.219,False,False,False,False,False,True,False,False,False,True,False,1,1,0.0008,0.9992,$80K - $120K
50,1,2,1,Blue,40,6,4,3,13709.0,813,0.65,1263.0,35.0,0.6,0.059,False,False,True,False,False,False,False,False,False,False,False,1,1,0.113,0.887,$40K - $60K
43,1,5,1,Blue,36,3,5,1,7411.0,1341,0.799,2318.0,54.0,0.633,0.181,False,False,False,False,False,True,False,True,False,False,False,0,0,1.0,0.0,$40K - $60K
42,0,3,2,Silver,36,2,3,3,2156.348,0,0.59190273,1112.0,26.0,0.389454,0.0,False,False,True,False,False,False,False,False,False,True,False,1,1,0.0,1.0,$80K - $120K
51,0,1,1,Blue,42,4,2,2,2431.0,0,0.886,1438.0,35.0,1.097,0.0,False,False,False,False,False,False,False,False,False,True,False,0,0,0.9993,0.0007,Less than $40K
58,1,3,1,Blue,54,4,3,3,18713.0,1022,0.682,1292.0,34.0,0.615,0.055,False,True,False,False,False,False,False,False,True,False,False,0,0,0.9955,0.0045,Less than $40K
31,0,1,2,Blue,13,1,1,2,4833.9883,0,0.8302118,1924.0,50.0,0.85817647,0.0,False,True,False,False,False,False,False,False,False,True,False,1,1,0.0016,0.9984,Less than $40K
42,1,4,1,Blue,33,1,2,2,3108.0,2280,0.844,2205.0,43.0,0.8,0.734,False,False,False,False,True,False,True,False,False,False,False,0,0,0.9998,0.0002,Less than $40K
38,1,1,3,Blue,25,4,2,4,8138.0,0,0.596,1774.0,46.0,0.649,0.0,False,True,False,False,False,False,False,False,True,False,False,0,0,0.8178,0.1822,$40K - $60K
42,0,2,0,Blue,29,4,2,3,1955.5962,1118,0.836522,1413.0,31.0,0.7638653,0.57618606,False,False,True,False,False,True,True,False,False,True,False,1,1,0.0186,0.9814,$120K +
54,0,1,1,Blue,41,3,3,2,3784.0,2517,0.648,3479.0,76.0,0.684,0.665,False,False,True,False,False,False,False,False,False,True,False,0,0,0.9995,0.0005,$40K - $60K
47,0,3,2,Blue,40,1,2,2,11128.0,2517,0.8,1646.0,43.0,0.661,0.226,False,True,False,False,False,False,False,False,False,True,False,0,0,0.9983,0.0017,$80K - $120K
51,0,2,1,Blue,37,5,2,3,4379.8955,0,0.6860428,1683.0,50.0,0.43353385,0.0,False,False,True,False,False,True,True,False,False,False,True,1,1,0.0003,0.9997,$40K - $60K
51,0,2,1,Blue,36,2,2,1,14800.0,1020,0.896,1420.0,32.0,0.593,0.069,False,False,False,False,False,True,True,False,False,False,False,0,0,0.9977,0.0023,$40K - $60K
40,0,1,0,Blue,29,3,2,2,1476.6061,512,0.7147574,2451.0,55.0,0.60832554,0.34750754,False,False,True,False,True,False,False,False,False,True,False,1,1,0.0003,0.9997,Less than $40K
43,0,3,1,Blue,33,3,3,3,2841.8179,0,0.9906299,2066.0,51.0,0.5011635,0.0,False,False,False,False,True,True,False,False,False,True,True,1,1,0.0001,0.9999,$40K - $60K
43,1,4,2,Blue,36,4,3,3,5007.784,0,0.8557315,2805.0,85.0,0.97602665,0.0,False,True,False,False,False,False,True,False,False,False,False,1,1,0.002,0.998,$40K - $60K
37,0,2,1,Blue,34,4,2,2,1863.8977,0,0.88531756,1088.0,26.0,0.48068655,0.0,False,False,True,False,False,False,True,False,False,True,False,1,1,0.0,1.0,$120K +
60,1,1,2,Blue,49,5,2,2,21681.0,0,0.704,1931.0,35.0,1.083,0.0,False,False,True,False,False,False,True,False,False,False,False,0,0,0.9994,0.0006,$60K - $80K
65,1,1,2,Blue,54,3,1,3,4599.0,1438,0.832,1343.0,35.0,0.865,0.313,False,False,True,False,False,False,False,False,False,True,False,0,0,1.0,0.0,$80K - $120K
35,1,2,1,Blue,24,5,1,3,7453.0,0,0.712,1613.0,43.0,0.516,0.0,False,True,False,False,False,False,False,True,False,False,False,0,0,0.9619,0.0381,Less than $40K
42,1,3,1,Blue,29,3,3,1,12294.0,2517,0.775,1402.0,35.0,0.611,0.205,False,True,False,False,False,False,False,True,False,False,False,0,0,0.9922,0.0078,Unknown
47,0,3,1,Blue,32,3,2,2,1925.9536,0,0.7076917,2534.0,51.0,0.5164135,0.0,False,False,False,True,False,False,False,False,False,True,False,1,1,0.0,1.0,Unknown
48,0,3,1,Blue,35,4,2,2,1736.3184,0,0.90260166,2199.0,48.0,0.5315989,0.0,False,True,True,False,False,False,False,False,False,True,False,1,1,0.0,1.0,$80K - $120K
35,0,2,2,Blue,29,3,1,1,2423.0,0,0.663,1562.0,44.0,0.568,0.0,False,False,False,False,True,False,False,False,False,False,True,0,0,0.9994,0.0006,$60K - $80K
47,0,2,1,Blue,34,4,2,4,2730.0,1970,0.848,1851.0,48.0,0.865,0.722,False,False,True,False,False,False,False,False,False,True,False,0,0,1.0,0.0,Less than $40K
40,0,4,1,Blue,21,1,2,1,2984.0,2517,0.574,1831.0,60.0,0.359,0.843,True,False,False,False,False,False,False,False,False,True,False,1,1,0.0409,0.9591,$40K - $60K
42,0,2,1,Blue,31,3,5,2,3964.0,1218,0.593,1570.0,31.0,1.419,0.307,False,False,True,False,False,False,False,False,False,True,False,0,0,1.0,0.0,$80K - $120K
33,0,2,1,Blue,20,3,2,5,3202.0,0,1.012,1735.0,43.0,0.682,0.0,False,True,False,False,False,False,False,False,False,True,False,1,1,0.0124,0.9876,$80K - $120K
50,0,2,1,Blue,37,3,2,4,1963.0,1357,0.689,2386.0,47.0,0.7,0.691,False,True,False,False,False,False,False,False,False,True,False,0,0,0.9884,0.0116,Less than $40K
51,0,2,1,Blue,41,2,2,3,6630.0,916,0.927,2790.0,68.0,0.5,0.138,True,False,False,False,False,False,False,False,False,True,False,1,1,0.0001,0.9999,Unknown
47,0,3,1,Blue,40,3,2,3,11909.323,0,0.85470355,3031.0,57.0,0.41236106,0.0,False,False,True,False,True,False,False,False,True,False,True,1,1,0.0,1.0,Less than $40K
48,0,2,1,Blue,41,3,3,2,1438.3,869,0.7159152,1819.0,35.0,0.5668486,0.60459864,False,False,False,False,False,True,True,False,False,True,False,1,1,0.0002,0.9998,Less than $40K
54,0,3,2,Blue,43,6,3,4,5632.0,1596,0.951,1972.0,38.0,1.065,0.283,False,False,False,False,False,True,True,False,False,False,False,0,0,0.9997,0.0003,$120K +
47,1,3,2,Blue,39,2,1,1,2843.0,1752,0.624,2084.0,61.0,0.604,0.616,False,False,True,False,False,False,False,True,False,False,False,0,0,1.0,0.0,$60K - $80K
41,1,4,1,Blue,28,5,3,0,28020.0,1470,1.226,1357.0,26.0,1.25,0.052,False,False,False,False,False,False,False,False,False,False,False,0,0,1.0,0.0,$80K - $120K
44,1,1,1,Blue,34,5,2,3,10973.0,0,0.792,1193.0,26.0,0.786,0.0,False,False,False,False,True,False,True,False,False,False,False,1,1,0.0016,0.9984,$60K - $80K
56,0,2,0,Blue,50,5,2,2,5084.0,1683,0.923,2530.0,50.0,0.774,0.331,False,False,False,False,False,True,True,False,False,False,False,0,0,0.9915,0.0085,$40K - $60K
48,0,2,1,Blue,35,3,2,1,3257.866,0,1.012,1195.0,35.0,0.6677968,0.0,False,True,False,False,False,False,False,False,True,True,False,1,1,0.0015,0.9985,$80K - $120K
54,1,4,1,Blue,42,3,3,1,1621.0,618,0.846,2160.0,54.0,1.024,0.381,False,False,False,False,False,True,False,False,True,False,False,0,0,0.9995,0.0005,Unknown
53,1,1,2,Blue,35,2,3,2,11093.033,563,0.9733468,2074.0,81.0,0.77885354,0.051180195,False,False,False,False,True,True,False,False,True,False,False,1,1,0.0134,0.9866,Less than $40K
54,0,2,1,Blue,47,3,4,3,1438.3,0,1.053,2213.0,62.0,0.375,0.0,False,False,False,True,False,False,False,False,False,True,False,1,1,0.0712,0.9288,Less than $40K
44,1,1,2,Blue,33,5,3,2,15496.35,0,0.73674434,2731.0,39.0,0.47491896,0.0,False,False,True,False,False,False,False,True,False,False,False,1,1,0.0063,0.9937,Less than $40K
44,1,1,3,Blue,36,6,2,2,34516.0,1533,0.924,2950.0,87.0,0.526,0.044,False,False,False,False,False,True,False,False,False,False,False,0,0,0.9985,0.0015,Less than $40K
45,0,3,1,Blue,38,3,3,2,2400.0,1613,0.629,2572.0,35.0,0.417,0.672,False,True,False,False,False,False,False,False,False,True,False,0,0,0.9354,0.0646,Unknown
50,0,4,2,Blue,41,5,3,3,2509.0,0,0.702,2411.0,53.0,0.367,0.0,False,True,False,False,False,False,False,False,False,False,True,1,1,0.0014,0.9986,Less than $40K
37,0,2,2,Blue,26,1,1,2,1438.3,0,0.587,1409.0,49.0,0.68,0.0,False,False,False,False,False,False,False,False,False,True,False,0,0,0.9997,0.0003,$60K - $80K
42,1,5,3,Blue,36,4,1,2,34516.0,1839,0.69,1987.0,47.0,0.889,0.053,False,False,False,False,False,True,False,False,False,False,False,0,0,0.9999,0.0001,$40K - $60K
45,0,3,2,Blue,33,2,2,4,11187.142,0,0.6000575,947.0,20.0,0.31053758,0.0,False,True,False,False,True,False,False,False,True,False,True,1,1,0.0,1.0,Less than $40K
46,1,5,2,Blue,33,6,3,3,32975.0,2517,0.658,3046.0,56.0,0.7,0.076,False,True,False,False,False,False,False,False,True,False,False,1,1,0.2727,0.7273,$40K - $60K
47,0,3,2,Blue,37,3,3,2,3810.0886,407,0.93536645,3013.0,78.0,0.61390793,0.10529646,False,True,False,True,False,False,False,False,False,True,False,1,1,0.0005,0.9995,$60K - $80K
36,1,1,1,Blue,18,6,3,3,2032.0,1003,1.005,1679.0,39.0,0.586,0.494,False,True,False,False,False,False,False,False,False,True,False,0,0,0.9842,0.0158,$40K - $60K
45,0,3,1,Blue,32,2,5,1,2948.0,968,0.946,2342.0,51.0,0.509,0.328,False,False,True,False,False,False,False,False,False,True,False,0,0,0.9682,0.0318,$80K - $120K
47,0,4,1,Blue,40,4,2,2,4490.0,1989,0.604,1359.0,36.0,0.795,0.443,False,False,True,False,False,False,False,False,False,True,False,0,0,1.0,0.0,$60K - $80K
49,1,2,1,Blue,34,3,6,4,27124.0,2311,0.73,2632.0,64.0,0.729,0.085,True,False,False,False,False,False,False,False,False,False,False,0,0,0.9993,0.0007,Less than $40K
42,0,2,1,Blue,29,1,2,2,1622.0,0,0.709,1430.0,28.0,0.634,0.0,False,False,False,False,True,False,True,False,False,False,False,0,0,0.9789,0.0211,Less than $40K
57,1,1,2,Blue,36,2,2,3,28487.719,251,0.7277593,1877.0,41.0,0.43143356,0.009187953,False,True,False,False,False,True,False,False,False,False,False,1,1,0.0071,0.9929,Less than $40K
40,1,3,2,Blue,20,1,2,2,32554.0,0,0.872,1731.0,40.0,1.122,0.0,False,True,False,False,False,False,False,False,True,False,False,1,1,0.0446,0.9554,Less than $40K
42,1,5,1,Blue,29,3,2,2,5028.7324,0,0.72151285,1332.0,24.0,0.45568827,0.0,False,False,False,False,False,True,False,True,False,False,False,1,1,0.0154,0.9846,Unknown
54,0,3,1,Blue,40,1,2,3,2399.4185,1110,0.54822004,2270.0,44.0,0.5055406,0.4658736,False,False,True,False,False,False,False,False,False,True,False,1,1,0.0006,0.9994,Unknown
37,1,1,1,Blue,27,6,3,3,10320.0,1799,0.75,1771.0,41.0,0.5,0.174,False,False,True,False,False,False,False,True,False,False,False,0,0,0.9982,0.0018,$60K - $80K
50,0,3,2,Blue,32,5,3,4,4419.0,1218,0.879,3016.0,85.0,0.562,0.276,False,False,False,False,False,False,False,False,False,True,False,0,0,0.9999,0.0001,Less than $40K
40,0,2,1,Blue,34,2,3,3,1824.2424,0,0.79768145,969.0,29.0,0.49379,0.0,False,False,True,False,True,False,True,True,False,False,False,1,1,0.0,1.0,$120K +
53,1,1,1,Blue,43,1,2,3,3146.0,0,0.414,2070.0,44.0,0.31,0.0,False,False,True,False,False,False,True,False,False,False,False,1,1,0.0,1.0,$120K +
51,1,3,1,Blue,32,6,3,1,1817.0,885,0.621,1395.0,39.0,0.675,0.487,False,False,False,False,False,True,False,False,True,False,False,0,0,0.9997,0.0003,Less than $40K
43,0,3,1,Blue,32,4,3,3,2701.0,2498,0.637,2169.0,48.0,0.609,0.925,False,True,False,False,False,False,True,False,False,False,False,1,1,0.0012,0.9988,$40K - $60K
34,1,3,2,Blue,28,2,3,2,3744.0,0,0.796,2574.0,65.0,0.769,0.0,False,False,False,True,False,False,True,False,False,False,False,1,1,0.0029,0.9971,$80K - $120K
50,1,1,1,Blue,33,5,3,2,17158.0,1211,0.778,1627.0,54.0,0.685,0.071,False,False,False,False,False,False,False,False,True,False,False,0,0,1.0,0.0,$40K - $60K
38,0,4,1,Blue,26,3,2,2,1438.3,0,0.777,1592.0,32.0,0.625,0.0,False,False,False,False,False,True,False,False,False,True,False,1,1,0.0134,0.9866,$40K - $60K
31,1,1,2,Blue,19,3,1,2,4303.786,2468,0.96525216,1601.0,34.0,0.85412693,0.5746017,False,False,False,True,False,True,False,True,True,False,False,1,1,0.0046,0.9954,$80K - $120K
54,0,1,1,Silver,38,3,3,3,2166.6865,430,0.8051594,2560.0,72.0,0.6404118,0.19969347,False,False,False,False,True,False,False,True,False,True,False,1,1,0.0008,0.9992,Less than $40K
50,1,1,2,Blue,43,2,1,2,31420.85,336,1.1229241,4563.0,61.0,0.3737277,0.010994669,False,True,False,False,False,False,False,False,True,False,False,1,1,0.014,0.986,Unknown
26,1,0,2,Blue,13,3,3,3,7102.0,0,0.537,1827.0,49.0,0.281,0.0,False,True,False,False,False,False,False,True,False,False,False,0,1,0.3622,0.6378,Less than $40K
32,1,2,1,Blue,22,3,3,4,4728.685,0,0.37786925,2472.0,65.0,0.4024618,0.0,False,True,False,False,False,False,True,True,False,False,False,1,1,0.003,0.997,$80K - $120K
60,0,2,1,Blue,50,3,2,2,2485.9812,470,0.7032849,1475.0,27.0,0.36598763,0.18875267,False,True,True,False,False,False,False,False,False,True,False,1,1,0.0011,0.9989,Less than $40K
54,0,2,1,Blue,39,2,1,3,4795.3066,794,0.58664334,2349.0,61.0,0.50647295,0.16553108,False,True,False,False,False,False,True,True,False,False,False,1,1,0.009,0.991,$40K - $60K
52,1,4,1,Blue,37,4,2,2,34516.0,0,0.84530497,2477.0,49.0,0.7069442,0.0,False,True,False,False,True,False,False,False,False,False,False,1,1,0.0006,0.9994,$60K - $80K
47,0,3,2,Blue,36,5,1,2,8332.0,0,0.92,2775.0,74.0,1.0,0.0,False,True,False,False,False,False,False,False,False,False,True,0,0,0.9969,0.0031,Less than $40K
53,0,1,1,Blue,48,2,2,3,3339.0,0,0.694,1451.0,25.0,0.6,0.0,False,False,False,False,False,False,True,False,False,False,False,1,1,0.0005,0.9995,$60K - $80K
43,0,3,2,Blue,33,3,3,1,2341.0,1818,0.833,1617.0,35.0,0.628,0.777,False,True,False,False,False,False,False,False,False,False,True,0,0,1.0,0.0,$60K - $80K
43,1,5,2,Gold,33,4,2,1,1438.3,0,0.643,2949.0,70.0,0.569,0.0,False,True,False,False,False,False,True,False,False,False,False,0,0,0.9997,0.0003,$80K - $120K
41,1,2,1,Blue,38,2,2,3,1681.7292,0,0.77458644,1585.0,43.0,0.6419603,0.0,False,True,False,False,True,False,True,False,False,False,False,1,1,0.0005,0.9995,$40K - $60K
54,0,1,2,Blue,44,4,3,2,1970.4087,0,0.72260344,2679.0,45.0,0.3603069,0.0,False,False,True,False,True,False,False,True,False,True,False,1,1,0.0001,0.9999,Less than $40K
39,0,2,0,Blue,31,4,2,3,2153.619,0,0.45118794,1779.0,47.0,0.31051174,0.0,False,True,False,False,True,False,False,True,False,True,False,1,1,0.0006,0.9994,Less than $40K
31,0,1,2,Blue,13,1,1,3,4829.0,0,0.836,1523.0,30.0,0.857,0.0,False,True,False,False,False,False,False,False,False,True,False,1,1,0.0011,0.9989,$40K - $60K
48,0,3,2,Blue,37,3,3,3,10381.444,2284,0.9378824,2758.0,50.0,0.6700015,0.21964039,False,True,True,False,False,False,True,False,False,False,True,1,1,0.001,0.999,Less than $40K
42,0,3,1,Blue,36,4,2,1,2281.0,1548,0.739,1910.0,51.0,0.857,0.679,False,False,False,False,False,True,False,False,False,True,False,0,0,1.0,0.0,$60K - $80K
45,0,4,1,Blue,35,1,3,3,4081.949,2517,0.7604019,2616.0,46.0,0.50836855,0.6268308,False,False,False,True,True,False,False,False,True,True,False,1,1,0.0007,0.9993,Less than $40K
48,0,3,1,Blue,38,1,2,2,3601.274,0,0.5143294,1199.0,25.0,0.48865125,0.0,False,False,True,False,False,False,False,False,False,True,False,1,1,0.0,1.0,$40K - $60K
58,0,0,2,Blue,45,5,2,4,2922.8667,263,0.89084184,2565.0,53.0,0.5141991,0.0898726,True,True,False,False,False,False,True,False,False,True,False,1,1,0.0001,0.9999,Less than $40K
45,0,4,2,Blue,36,2,5,2,14416.0,0,0.788,1339.0,23.0,0.65,0.0,False,False,True,False,False,False,False,False,False,True,False,0,0,0.9986,0.0014,$120K +
34,0,3,1,Blue,28,2,3,2,3749.035,0,0.80098647,3676.0,67.0,0.7734297,0.0,False,False,True,True,False,False,True,False,False,True,False,1,1,0.0006,0.9994,$80K - $120K
44,0,4,2,Blue,39,2,1,3,17077.0,2179,0.738,1910.0,38.0,0.705,0.128,False,False,False,False,False,False,True,False,False,False,False,0,0,0.9983,0.0017,$60K - $80K
61,0,0,2,Blue,55,6,1,2,2214.0,2123,0.64,2279.0,56.0,0.791,0.959,False,False,False,False,True,False,True,False,False,False,False,0,0,1.0,0.0,$60K - $80K
49,0,0,2,Blue,39,4,2,3,1736.902,0,0.9082479,1354.0,25.0,0.4370031,0.0,True,False,False,False,True,False,True,False,False,True,False,1,1,0.0001,0.9999,Less than $40K
52,0,4,1,Blue,36,6,3,1,3021.0,1530,0.731,1999.0,48.0,0.767,0.506,False,True,False,False,False,False,False,False,False,True,False,0,0,1.0,0.0,Less than $40K
39,1,1,0,Blue,33,5,3,3,5926.0,1251,0.944,1895.0,43.0,1.154,0.211,False,False,True,False,False,False,False,True,False,False,False,0,0,0.9997,0.0003,$60K - $80K
39,1,3,2,Blue,26,6,1,4,24534.0,1475,0.528,1570.0,56.0,0.935,0.06,False,False,True,False,False,False,False,True,False,False,False,0,0,0.9996,0.0004,$120K +
44,0,3,2,Blue,39,3,2,2,7323.0,0,0.518,1258.0,33.0,0.776,0.0,False,False,False,False,True,False,False,False,False,True,False,0,0,0.9999,0.0001,Less than $40K
50,1,0,2,Blue,45,5,2,3,14938.0,2303,0.804,2475.0,52.0,2.0,0.154,False,False,True,False,False,False,False,False,False,False,False,0,0,0.9463,0.0537,Unknown
41,0,1,1,Blue,32,3,2,2,9571.647,0,0.8142927,1213.0,33.0,0.40201718,0.0,False,True,False,False,False,True,True,False,False,False,True,1,1,0.0007,0.9993,$80K - $120K
45,0,4,1,Blue,35,6,3,0,2801.0,2043,0.583,1755.0,45.0,0.643,0.729,False,True,False,False,False,False,False,False,False,False,True,0,0,0.9993,0.0007,$60K - $80K
46,1,4,2,Blue,36,4,5,0,13407.0,1341,0.928,1692.0,38.0,0.615,0.1,False,False,True,False,False,False,False,True,False,False,False,0,0,0.9998,0.0002,$120K +
46,1,3,1,Blue,35,4,3,3,14701.0,1635,0.618,3313.0,72.0,0.533,0.111,False,False,True,False,False,False,False,True,False,False,False,0,0,0.9997,0.0003,Less than $40K
57,0,3,2,Blue,51,5,4,5,7226.0,1689,0.83,2820.0,62.0,0.763,0.234,False,False,False,True,False,False,True,False,False,False,False,0,0,0.9987,0.0013,Less than $40K
44,0,2,1,Blue,35,3,3,3,8218.476,1034,0.90016884,1813.0,31.0,0.43680322,0.12615041,False,True,False,False,True,False,False,False,True,True,False,1,1,0.0116,0.9884,$40K - $60K
56,1,3,1,Blue,37,3,3,0,2783.0,1526,0.942,2555.0,44.0,0.688,0.548,False,True,False,False,False,False,False,True,False,False,False,0,0,0.9999,0.0001,$80K - $120K
52,0,2,1,Blue,45,4,3,1,2261.0,1127,0.814,2133.0,54.0,0.789,0.498,False,True,False,False,False,False,False,False,False,True,False,0,0,1.0,0.0,$40K - $60K
44,1,3,1,Blue,38,6,2,2,34516.0,1278,0.46604922,2566.0,74.0,0.49343833,0.037147786,False,False,True,False,True,False,False,False,True,False,False,1,1,0.0295,0.9705,$40K - $60K
50,1,2,2,Blue,36,5,1,3,9697.0,0,0.759,2058.0,49.0,0.923,0.0,False,False,False,False,False,True,False,False,False,False,False,0,0,0.9991,0.0009,$60K - $80K
43,0,1,2,Blue,36,5,2,1,8156.0,0,0.663,2593.0,57.0,0.553,0.0,False,False,True,False,False,False,True,False,False,False,False,0,0,0.9998,0.0002,Less than $40K
47,0,2,2,Blue,33,1,2,3,3436.164,0,0.8229292,1886.0,48.0,0.46172807,0.0,False,True,False,False,False,False,True,False,False,False,True,1,1,0.0001,0.9999,$80K - $120K
39,1,5,1,Blue,29,3,3,4,34198.0,1804,0.934,2568.0,59.0,0.639,0.053,False,False,False,False,False,False,False,False,True,False,False,0,0,0.9947,0.0053,$40K - $60K
60,0,0,2,Blue,56,3,5,2,2213.0,829,0.639,1870.0,51.0,0.714,0.375,False,False,True,False,False,False,True,False,False,False,False,0,0,1.0,0.0,Less than $40K
47,0,2,0,Silver,34,6,4,2,13878.0,2222,0.853,911.0,25.0,0.357,0.16,False,False,False,False,True,False,False,False,False,True,False,0,0,0.9545,0.0455,Less than $40K
51,0,2,2,Blue,37,4,4,2,3264.0,2508,0.887,1896.0,33.0,0.814,0.768,False,False,False,False,False,False,False,False,False,True,False,0,0,0.9998,0.0002,Less than $40K
49,0,1,1,Blue,35,3,2,3,1701.3027,414,0.83217484,1694.0,32.0,0.4617814,0.24517597,True,True,False,False,False,False,False,False,False,True,False,1,1,0.0001,0.9999,$40K - $60K
60,0,0,2,Blue,49,6,2,4,2943.1265,343,0.92173404,2780.0,57.0,0.5357576,0.11648181,True,True,False,False,False,False,False,False,False,True,False,1,1,0.0019,0.9981,Less than $40K
43,0,3,1,Blue,27,1,2,2,3541.0,1042,0.774,2234.0,35.0,0.708,0.294,False,False,False,False,False,True,False,False,False,True,False,0,0,0.9999,0.0001,$60K - $80K
39,1,1,1,Blue,35,5,3,4,6690.0,1884,0.791,3124.0,66.0,0.625,0.282,False,True,False,False,False,False,True,False,False,False,False,0,0,0.9991,0.0009,$40K - $60K
38,1,2,2,Blue,30,4,3,4,26556.0,1583,0.694,2966.0,50.0,0.738,0.06,False,False,True,False,False,False,False,True,False,False,False,0,0,1.0,0.0,$60K - $80K
46,1,2,0,Blue,30,3,3,3,2770.0,1286,1.068,1973.0,59.0,0.721,0.464,False,False,False,False,False,True,False,False,True,False,False,0,0,0.9987,0.0013,Less than $40K
37,0,1,2,Blue,27,4,2,2,1793.0,792,0.723,1720.0,40.0,0.429,0.442,False,False,True,False,False,False,True,False,False,False,False,1,1,0.0086,0.9914,$60K - $80K
48,0,2,1,Blue,42,4,3,3,4076.0,0,0.808,1137.0,26.0,0.682,0.0,False,True,False,False,False,False,True,False,False,False,False,0,1,0.3243,0.6757,$80K - $120K
41,1,2,2,Blue,32,1,2,4,4740.6143,2219,0.46707436,1727.0,37.0,0.46416396,0.46788523,False,False,False,True,False,True,False,True,True,False,False,1,1,0.0,1.0,$40K - $60K
35,1,3,2,Blue,23,4,3,2,2148.0,1545,0.682,1999.0,34.0,0.512,0.719,True,False,False,False,False,False,True,False,False,False,False,0,0,0.9974,0.0026,$60K - $80K
54,1,2,1,Blue,35,4,3,4,2189.0,382,0.884,1712.0,27.0,0.594,0.175,False,False,False,False,True,False,False,True,False,False,False,1,1,0.0416,0.9584,Less than $40K
52,0,2,1,Blue,45,5,1,2,2737.0,1719,0.657,1802.0,40.0,0.615,0.628,False,False,False,False,False,False,False,False,False,False,True,0,0,0.9999,0.0001,Less than $40K
26,0,0,3,Silver,13,1,2,3,34516.0,2403,0.623,2551.0,74.0,0.735,0.07,False,False,False,False,True,False,False,False,False,False,True,0,0,0.9777,0.0223,$40K - $60K
44,1,3,3,Blue,29,2,3,2,34516.0,2517,0.579,1788.0,45.0,0.763,0.073,False,True,False,False,False,False,False,True,False,False,False,1,1,0.0948,0.9052,Less than $40K
53,1,2,1,Blue,45,4,4,4,21953.0,1311,0.443,1908.0,39.0,0.37,0.06,False,False,False,False,False,False,False,False,True,False,False,0,0,0.9871,0.0129,Unknown
41,1,0,2,Blue,33,4,2,5,15796.003,0,0.5685291,1377.0,38.0,0.65164083,0.0,False,False,True,False,False,False,False,True,False,False,False,1,1,0.0056,0.9944,$80K - $120K
50,0,1,2,Blue,45,4,2,4,4785.0,1965,0.8,1843.0,28.0,0.553,0.411,False,False,False,False,False,False,False,False,False,True,False,0,0,0.9976,0.0024,$60K - $80K
40,0,2,1,Blue,36,3,2,2,2851.0354,2400,0.47885442,2563.0,64.0,0.48514232,0.8424046,False,False,True,False,False,False,False,False,False,True,False,1,1,0.0004,0.9996,$40K - $60K
53,0,2,1,Blue,46,2,2,1,13784.664,75,1.0569665,1930.0,36.0,0.41387358,0.0053302934,False,True,False,False,False,False,False,False,True,True,False,1,1,0.0001,0.9999,$120K +
58,1,0,2,Blue,45,3,1,3,3421.0,2517,0.992,2460.0,52.0,0.4,0.736,False,False,False,False,False,True,True,False,False,False,False,1,1,0.1643,0.8357,$60K - $80K
46,0,2,1,Blue,36,6,2,1,5547.0,0,0.85,2054.0,55.0,0.795,0.0,False,True,False,False,False,False,False,False,False,False,True,0,0,0.9998,0.0002,$60K - $80K
48,0,4,3,Blue,36,4,3,2,2406.0,1744,0.694,2405.0,55.0,0.692,0.725,False,False,False,False,False,True,False,False,False,True,False,0,0,1.0,0.0,$80K - $120K
49,0,0,1,Blue,36,3,3,2,4431.519,1439,0.9582976,3291.0,55.0,1.0521038,0.32574737,True,True,False,False,False,False,False,False,True,True,False,1,1,0.0269,0.9731,Less than $40K
46,0,2,1,Blue,40,4,2,3,3462.2842,0,0.55614007,1197.0,25.0,0.5841622,0.0,False,False,False,False,False,True,False,False,True,False,True,1,1,0.0002,0.9998,Less than $40K
51,1,4,2,Blue,42,6,4,2,34516.0,230,1.004,1158.0,31.0,0.548,0.007,False,True,False,False,False,False,False,False,True,False,False,1,1,0.0031,0.9969,$80K - $120K
53,0,1,2,Blue,40,4,2,3,1838.3378,592,0.74670094,1855.0,39.0,0.6697755,0.3225198,False,True,False,False,False,True,False,False,False,True,False,1,1,0.0001,0.9999,Less than $40K
49,0,2,1,Blue,45,6,2,5,8353.0,1535,1.323,3133.0,72.0,0.804,0.184,False,False,True,False,False,False,False,False,False,True,False,0,0,0.9999,0.0001,Less than $40K
53,0,1,2,Blue,44,2,3,3,6940.6494,0,0.5712413,3305.0,80.0,0.5587124,0.0,False,True,False,False,False,False,False,False,True,True,False,1,1,0.0008,0.9992,$60K - $80K
41,1,1,1,Blue,25,3,2,0,7984.0,1503,0.797,2970.0,76.0,1.167,0.188,False,False,False,False,True,False,False,True,False,False,False,0,0,0.9998,0.0002,$40K - $60K
58,0,2,2,Blue,44,1,2,2,2599.0,1407,0.727,1335.0,23.0,0.531,0.541,False,False,False,False,True,False,False,False,False,False,True,0,0,0.9999,0.0001,Less than $40K
50,0,3,1,Blue,36,2,3,2,2999.0,1817,0.678,1621.0,32.0,0.766,0.606,False,True,False,False,False,False,False,False,False,True,False,0,0,1.0,0.0,Less than $40K
55,1,2,2,Blue,47,2,3,1,16258.0,865,0.623,2546.0,55.0,0.657,0.053,False,True,False,False,False,False,False,False,False,False,False,0,0,0.9739,0.0261,Unknown
51,0,1,1,Blue,41,3,3,2,1599.6415,0,0.7537166,2192.0,36.0,0.6060751,0.0,False,True,True,False,False,False,True,False,False,True,False,1,1,0.0,1.0,Less than $40K
53,1,5,2,Blue,36,2,4,1,34516.0,2088,0.822,4686.0,64.0,0.732,0.06,False,True,False,False,False,False,False,False,False,False,False,0,0,0.9998,0.0002,$120K +
49,1,3,1,Blue,42,3,1,4,34516.0,0,0.838,1836.0,37.0,0.759,0.0,False,False,True,False,False,False,False,True,False,False,False,0,0,0.9923,0.0077,Unknown
40,0,1,1,Blue,32,4,2,3,3059.8926,0,0.81418663,2030.0,58.0,0.5475675,0.0,False,False,False,False,True,False,False,False,False,True,False,1,1,0.0014,0.9986,$80K - $120K
39,0,1,1,Blue,34,3,3,2,1817.0521,0,0.63608754,3902.0,76.0,0.7453757,0.0,False,False,True,True,False,False,True,True,False,False,False,1,1,0.001,0.999,$40K - $60K
45,0,2,2,Blue,41,6,2,2,5596.0,0,0.833,1353.0,30.0,0.422,0.0,False,False,False,False,False,True,False,False,False,True,False,0,0,0.9538,0.0462,Less than $40K
42,0,4,2,Blue,30,6,3,3,13753.0,2517,0.652,1850.0,34.0,0.692,0.183,False,True,False,False,False,False,True,False,False,False,False,1,1,0.0176,0.9824,$60K - $80K
38,0,3,1,Blue,29,2,3,2,3870.5852,0,0.9213681,1715.0,39.0,0.88037074,0.0,False,False,True,True,False,False,True,False,False,True,False,1,1,0.0004,0.9996,$80K - $120K
59,1,1,2,Blue,48,6,3,3,7251.0,1603,0.591,1412.0,38.0,0.8,0.221,False,False,False,False,False,False,True,False,False,False,False,0,0,0.9999,0.0001,$40K - $60K
47,1,2,1,Blue,37,2,3,3,5449.0,1628,0.696,1325.0,29.0,0.385,0.299,False,False,False,False,False,True,False,False,True,False,False,1,1,0.0014,0.9986,$40K - $60K
64,1,0,2,Blue,52,2,3,5,3570.0,2517,0.69,2523.0,48.0,0.958,0.705,False,True,False,False,False,False,False,False,False,True,False,1,1,0.0369,0.9631,Less than $40K
41,0,1,2,Blue,34,3,2,3,2175.8442,975,0.9900332,2323.0,47.0,0.6720717,0.45007005,False,False,True,False,False,True,True,False,False,True,False,1,1,0.0007,0.9993,$80K - $120K
44,1,2,2,Blue,33,4,2,2,3289.9822,0,0.7112866,1165.0,35.0,0.7353241,0.0,True,False,False,False,True,False,False,True,False,False,False,1,1,0.0049,0.9951,Less than $40K
38,0,3,2,Blue,35,2,2,2,5189.446,1828,0.48337266,1018.0,32.0,0.6120088,0.3528781,False,True,True,False,False,False,False,True,False,False,True,1,1,0.0004,0.9996,$80K - $120K
45,1,4,1,Blue,34,6,2,3,2731.0,1868,0.533,1484.0,34.0,0.65,0.684,False,True,False,False,False,False,False,True,False,False,False,0,0,1.0,0.0,$80K - $120K
43,0,2,1,Blue,36,5,3,2,1438.3,0,0.74621326,695.0,10.0,0.58266747,0.0,False,True,False,False,True,False,True,False,True,False,False,1,1,0.0011,0.9989,$120K +
55,0,0,1,Blue,41,3,3,3,1438.3,0,0.28663304,2443.0,70.0,0.3337787,0.0,False,False,True,False,False,False,False,False,False,True,False,1,1,0.0025,0.9975,$120K +
44,0,2,1,Blue,34,3,3,2,1641.4144,0,0.8424801,1959.0,56.0,0.5872341,0.0,False,True,True,False,False,False,False,False,False,True,False,1,1,0.0,1.0,Less than $40K
44,1,4,0,Blue,39,2,2,2,34516.0,1993,0.6168464,1771.0,47.0,0.36280724,0.057828315,False,False,False,False,False,True,False,False,True,False,False,1,1,0.0161,0.9839,Less than $40K
48,1,4,1,Blue,40,1,1,3,28307.0,1506,0.818,1604.0,42.0,0.605,0.053,False,True,False,False,False,False,False,False,True,False,False,0,0,0.9999,0.0001,$60K - $80K
49,0,4,0,Blue,41,5,3,2,2918.7324,0,0.53263706,1562.0,27.0,0.6966185,0.0,False,True,False,False,True,False,True,False,False,False,True,1,1,0.0004,0.9996,Less than $40K
44,1,4,3,Blue,40,1,1,2,18072.0,1378,0.73,2269.0,39.0,0.75,0.076,False,False,False,False,True,False,True,False,False,False,False,0,0,0.9998,0.0002,$60K - $80K
47,0,2,1,Blue,36,5,1,3,7160.6855,718,0.9478697,1449.0,28.0,0.40048814,0.10058132,False,True,False,False,False,True,False,False,False,True,False,1,1,0.0056,0.9944,$80K - $120K
34,1,2,1,Blue,21,3,3,3,6259.0,1063,0.668,1665.0,44.0,0.515,0.17,False,False,True,False,False,False,False,False,False,False,False,0,0,0.9979,0.0021,Less than $40K
49,1,3,1,Blue,37,6,3,3,7753.0,1643,0.798,1457.0,43.0,0.806,0.212,False,False,False,False,True,False,False,False,False,False,False,0,0,1.0,0.0,Less than $40K
41,1,3,2,Blue,32,1,3,4,4742.0,2221,0.464,2795.0,55.0,0.464,0.468,False,False,False,False,False,True,False,False,True,False,False,1,1,0.0002,0.9998,Unknown
40,0,4,1,Blue,36,6,1,2,1438.3,0,0.785,1041.0,27.0,1.0,0.0,False,False,False,False,False,False,False,False,False,True,False,0,0,0.9966,0.0034,$80K - $120K
38,0,3,1,Blue,26,4,2,3,1438.3,0,0.6943819,2005.0,50.0,0.5338417,0.0,False,True,True,False,False,False,False,False,False,True,False,1,1,0.0001,0.9999,$40K - $60K
45,1,3,1,Blue,36,3,3,1,20274.0,2100,0.584,1225.0,34.0,0.61,0.104,False,True,False,False,False,False,False,False,True,False,False,0,0,0.629,0.371,$40K - $60K
55,0,2,1,Blue,41,2,3,2,3566.0498,0,0.8963213,2099.0,39.0,0.40144116,0.0,False,False,True,False,True,False,True,False,False,False,True,1,1,0.0017,0.9983,$40K - $60K
46,0,3,1,Blue,34,2,3,2,8583.0,0,0.358,2547.0,45.0,0.292,0.0,False,False,True,False,False,False,True,False,False,False,False,1,1,0.0,1.0,$120K +
60,1,0,1,Blue,40,1,3,2,1438.3,643,0.7966599,2864.0,37.0,0.30927995,0.44736913,False,False,True,False,True,False,True,False,False,True,False,1,1,0.0006,0.9994,$80K - $120K
51,1,2,0,Blue,40,3,3,2,12303.118,0,0.88634473,1602.0,37.0,0.551793,0.0,False,False,False,False,False,True,False,True,True,False,False,1,1,0.0011,0.9989,$60K - $80K
42,1,3,2,Blue,33,3,1,3,7328.0,936,0.689,3013.0,83.0,0.795,0.128,False,True,False,False,False,False,False,True,False,False,False,0,0,1.0,0.0,$80K - $120K
44,1,3,2,Blue,31,4,3,1,12756.0,837,1.932,1324.0,38.0,1.8,0.066,False,False,True,False,False,False,False,True,False,False,False,0,0,1.0,0.0,$60K - $80K
61,1,1,3,Blue,53,1,1,2,6157.0,581,0.583,1960.0,48.0,0.548,0.094,False,True,False,False,False,False,False,True,False,False,False,1,0,0.9802,0.0198,$60K - $80K
53,1,4,3,Blue,44,5,3,1,7026.0,1728,0.669,2652.0,61.0,1.0,0.246,False,False,False,False,False,False,False,True,False,False,False,0,0,1.0,0.0,Unknown
53,1,1,2,Blue,41,5,3,3,18591.0,994,0.737,2435.0,63.0,0.662,0.053,False,True,False,False,False,False,False,False,True,False,False,0,0,0.9991,0.0009,$80K - $120K
49,1,3,2,Blue,41,4,1,2,34516.0,0,0.499,2744.0,75.0,0.516,0.0,False,False,False,False,True,False,False,False,True,False,False,0,0,0.9414,0.0586,Less than $40K
53,1,1,3,Blue,42,5,5,4,6514.0,978,0.843,1215.0,22.0,0.658,0.15,False,True,False,False,False,False,False,False,True,False,False,0,0,0.9993,0.0007,Less than $40K
45,1,3,0,Blue,26,3,2,2,18410.0,974,0.857,2856.0,39.0,0.694,0.053,False,False,True,False,False,False,False,False,True,False,False,0,0,0.9998,0.0002,Less than $40K
52,1,2,0,Blue,43,5,3,3,24590.373,177,0.58182234,1260.0,34.0,0.48502707,0.0070169205,False,False,False,False,False,True,False,False,True,False,False,1,1,0.0012,0.9988,Less than $40K
42,0,1,1,Blue,36,3,2,3,3315.2402,0,0.3818304,1804.0,32.0,0.6925387,0.0,False,False,True,False,False,True,True,False,False,False,True,1,1,0.0005,0.9995,$120K +
49,0,4,1,Blue,36,3,2,2,1702.3389,0,0.7553038,1339.0,30.0,0.30139557,0.0,False,True,False,False,False,False,False,False,False,True,False,1,1,0.0015,0.9985,Less than $40K
36,0,2,2,Silver,36,1,3,2,9415.164,2517,0.9045043,3093.0,66.0,0.696154,0.2684014,False,False,True,False,False,False,False,True,False,True,False,1,1,0.0008,0.9992,$120K +
56,0,2,1,Blue,40,2,2,2,2521.502,1028,0.69538033,1618.0,37.0,0.38194188,0.40836653,False,False,True,False,True,False,False,True,False,True,False,1,1,0.002,0.998,Unknown
54,0,3,1,Blue,49,3,1,3,1626.0,0,0.664,1013.0,28.0,0.642,0.0,False,False,False,False,True,False,True,False,False,False,False,0,0,0.9999,0.0001,$80K - $120K
48,0,5,0,Blue,40,3,1,1,4365.0,0,0.598,3328.0,69.0,1.111,0.0,False,False,False,False,False,False,True,False,False,False,False,0,0,0.993,0.007,Less than $40K
30,0,1,2,Blue,19,5,1,3,17519.545,725,0.8594794,2061.0,61.0,0.771753,0.04113922,False,False,True,False,False,False,False,True,False,False,True,1,1,0.0055,0.9945,$60K - $80K
55,1,0,1,Blue,45,1,2,2,14547.27,2158,0.9868925,1567.0,42.0,0.84076023,0.14847496,False,True,False,False,True,False,True,False,True,False,False,1,1,0.0016,0.9984,$80K - $120K
45,0,3,1,Blue,34,6,2,3,2641.0,1336,1.019,1573.0,35.0,0.791,0.506,False,True,False,False,False,False,False,False,False,True,False,0,0,1.0,0.0,$40K - $60K
57,0,1,1,Blue,46,2,2,3,1438.3,0,0.5919582,2568.0,69.0,0.2273403,0.0,False,True,False,False,False,True,False,False,False,True,True,1,1,0.0001,0.9999,$80K - $120K
53,0,3,1,Blue,36,6,4,0,3319.0,913,0.612,1804.0,41.0,1.049,0.275,False,True,False,False,False,False,False,False,False,True,False,0,0,0.9999,0.0001,Unknown
49,0,3,2,Blue,37,3,2,3,2465.8862,0,0.5058481,725.0,22.0,0.40394855,0.0,True,False,False,False,True,False,False,False,False,True,False,1,1,0.0003,0.9997,$120K +
53,0,1,1,Blue,38,1,3,2,13057.887,1368,0.49965298,2243.0,38.0,0.26284385,0.10518197,True,False,False,True,False,False,False,False,True,False,True,1,1,0.0002,0.9998,Unknown
52,1,1,1,Blue,47,3,2,3,30244.615,1307,1.2789729,1236.0,36.0,0.34369236,0.04278917,False,True,True,False,False,False,False,False,True,False,False,1,1,0.0385,0.9615,$60K - $80K
41,1,3,1,Blue,32,3,3,2,6425.0,915,0.958,2169.0,43.0,0.692,0.142,False,True,False,False,False,False,True,False,False,False,False,0,0,0.7369,0.2631,Less than $40K
43,1,3,2,Blue,36,1,3,4,33470.676,0,0.62227124,1488.0,26.0,0.7388321,0.0,False,True,False,False,True,False,False,False,False,False,False,1,1,0.0001,0.9999,$40K - $60K
51,1,3,2,Blue,38,2,3,2,31346.0,1318,0.862,1765.0,27.0,0.804,0.042,True,False,False,False,False,False,False,False,True,False,False,0,0,0.9989,0.0011,$80K - $120K
49,0,2,2,Blue,35,3,3,2,2762.4875,0,0.6858995,1476.0,30.0,0.41932505,0.0,False,False,False,False,False,True,True,False,False,True,False,1,1,0.0001,0.9999,$40K - $60K
41,0,1,2,Blue,31,3,2,3,1506.7192,0,0.80429554,1275.0,31.0,0.63869655,0.0,False,True,False,False,False,False,False,False,False,True,False,1,1,0.0,1.0,$60K - $80K
26,1,0,1,Blue,36,6,1,4,2773.0,2080,0.695,1872.0,51.0,0.622,0.75,False,False,False,True,False,False,True,False,False,False,False,0,0,1.0,0.0,$80K - $120K
47,0,3,1,Blue,32,4,3,2,2821.0,951,0.577,2439.0,63.0,1.923,0.337,False,False,False,False,True,False,False,False,False,True,False,0,0,0.9967,0.0033,Less than $40K
46,1,3,1,Blue,42,3,3,4,9227.0,938,0.735,1453.0,27.0,0.721,0.102,False,True,False,False,False,False,False,False,False,False,False,0,0,1.0,0.0,Less than $40K
54,0,3,2,Blue,44,3,2,3,2077.0,1634,0.771,2411.0,41.0,0.833,0.787,False,True,False,False,False,False,False,False,False,True,False,0,0,1.0,0.0,$60K - $80K
57,0,3,1,Blue,49,4,2,1,1781.0,0,0.57,862.0,13.0,0.8,0.0,False,True,False,False,False,False,False,False,False,True,False,0,0,1.0,0.0,Less than $40K
34,0,1,1,Blue,25,4,3,3,2318.0,2069,1.399,1306.0,32.0,0.781,0.893,True,False,False,False,False,False,False,False,False,False,True,0,0,0.9958,0.0042,$80K - $120K
47,0,2,0,Blue,38,2,3,2,3209.9019,945,0.9243905,1593.0,46.0,0.56664646,0.29618666,False,False,False,False,True,True,True,False,False,True,False,1,1,0.0012,0.9988,Unknown
33,1,1,2,Blue,22,1,2,2,3856.3845,0,0.8992611,1837.0,37.0,0.784344,0.0,False,False,False,True,False,False,True,False,False,False,False,1,1,0.0003,0.9997,$80K - $120K
47,0,3,1,Blue,38,5,2,2,1585.0,1304,0.727,1909.0,52.0,0.6,0.823,False,False,False,False,False,False,False,False,False,True,False,0,0,1.0,0.0,Unknown
36,0,4,2,Blue,26,4,3,2,2002.0,1377,0.671,2170.0,41.0,0.714,0.688,False,False,False,False,True,False,False,False,False,True,False,0,0,0.9802,0.0198,Less than $40K
41,1,2,2,Blue,26,1,2,3,7908.846,2517,0.48218134,1725.0,29.0,0.36770457,0.3183746,False,True,False,False,False,True,False,True,False,False,False,1,1,0.0004,0.9996,$80K - $120K
44,0,4,1,Blue,36,5,2,4,8667.0,1775,0.729,4291.0,78.0,0.533,0.205,True,False,False,False,False,False,False,False,False,False,True,0,0,0.9998,0.0002,$60K - $80K
42,1,3,1,Silver,31,5,3,3,12501.906,0,0.51840264,3703.0,91.0,0.3804503,0.0,False,True,False,False,False,True,False,True,True,False,False,1,1,0.0023,0.9977,Unknown
42,0,4,2,Blue,36,4,3,3,10091.0,0,1.121,2177.0,59.0,0.778,0.0,False,False,False,False,True,False,False,False,False,True,False,0,0,0.9998,0.0002,Less than $40K
30,0,2,2,Blue,18,3,1,4,4199.0,1903,1.059,2883.0,61.0,0.763,0.453,False,True,False,False,False,False,False,False,False,True,False,0,0,0.9968,0.0032,$60K - $80K
58,0,3,2,Blue,54,4,2,3,8886.0,0,0.694,1515.0,31.0,0.756,0.0,False,False,False,True,False,False,False,False,False,True,False,0,0,0.9997,0.0003,$80K - $120K
39,1,2,3,Blue,34,2,2,2,34516.0,1082,0.629,2048.0,35.0,0.533,0.031,False,False,False,False,False,True,False,False,False,False,False,0,0,0.9992,0.0008,Less than $40K
51,0,2,2,Blue,36,3,2,2,1858.0,1071,0.611,2038.0,45.0,0.535,0.576,False,False,False,False,False,True,False,False,False,True,False,0,0,0.9986,0.0014,$40K - $60K
35,1,3,2,Blue,24,4,1,2,23561.0,864,1.373,1980.0,45.0,1.0,0.037,False,True,False,False,False,False,False,False,True,False,False,0,0,0.9997,0.0003,$80K - $120K
52,0,2,2,Blue,37,4,3,1,2164.0,0,0.688,1899.0,33.0,0.818,0.0,False,False,False,False,True,False,False,False,False,True,False,0,0,0.9924,0.0076,$120K +
48,0,4,2,Blue,40,4,4,4,11692.0,648,1.265,1842.0,56.0,0.867,0.055,False,True,False,False,False,False,False,False,False,False,True,0,0,0.9925,0.0075,$80K - $120K
50,1,2,0,Blue,37,3,2,4,34516.0,2490,0.47809038,2617.0,48.0,0.4902455,0.07227078,False,False,True,False,True,False,False,False,True,False,False,1,1,0.0353,0.9647,Less than $40K
44,0,3,1,Blue,39,3,3,3,4648.2524,2427,0.4183435,3407.0,47.0,0.3455817,0.52351075,False,True,False,False,False,False,True,False,False,False,False,1,1,0.0014,0.9986,$80K - $120K
52,0,2,2,Blue,40,4,3,3,2783.0,2379,0.912,1765.0,36.0,1.0,0.855,False,False,False,False,False,False,False,False,False,True,False,0,0,0.9999,0.0001,$60K - $80K
40,0,1,1,Blue,32,4,1,5,8749.0,1654,0.695,2650.0,69.0,0.553,0.189,False,True,False,False,False,False,False,False,False,True,False,0,0,0.9978,0.0022,$80K - $120K
36,1,2,2,Blue,36,2,2,1,6763.0,1660,0.573,3891.0,79.0,0.9,0.245,False,True,False,False,False,False,True,False,False,False,False,0,0,0.9999,0.0001,$60K - $80K
43,1,3,2,Blue,35,2,6,3,4970.0,1588,0.669,3942.0,84.0,0.804,0.32,True,False,False,False,False,False,True,False,False,False,False,0,0,0.9997,0.0003,$60K - $80K
45,1,2,2,Blue,32,2,1,3,12695.0,1613,0.852,2398.0,61.0,0.843,0.127,False,True,False,False,False,False,False,False,False,True,False,0,0,0.9998,0.0002,$40K - $60K
53,1,2,1,Blue,41,2,2,3,5856.45,0,0.8575442,2692.0,63.0,0.7161486,0.0,False,True,False,False,False,True,True,True,False,False,False,1,1,0.0017,0.9983,Less than $40K
45,0,1,1,Blue,35,4,2,4,3747.61,0,0.8704129,1346.0,26.0,0.49992535,0.0,False,False,False,False,True,False,True,False,False,True,False,1,1,0.0,1.0,$40K - $60K
53,0,1,1,Blue,47,2,4,3,2084.0073,499,0.64715636,1390.0,24.0,0.69521755,0.23902507,False,True,False,False,False,False,False,False,False,True,False,1,1,0.0,1.0,$40K - $60K
35,0,3,1,Blue,26,6,1,3,3187.0,2517,1.214,2073.0,54.0,0.833,0.79,False,False,False,False,True,False,False,False,False,True,False,0,0,0.9991,0.0009,$80K - $120K
55,0,3,3,Blue,36,4,3,3,7869.0,1251,0.722,3994.0,64.0,0.729,0.159,False,True,False,False,False,False,False,False,False,False,True,0,0,1.0,0.0,$60K - $80K
53,1,3,1,Blue,33,3,2,3,2753.0,1811,0.977,1723.0,36.0,2.571,0.658,False,False,False,False,False,True,False,False,True,False,False,0,0,0.8454,0.1546,$120K +
42,0,1,2,Blue,35,5,1,3,2725.0,2444,0.959,3116.0,80.0,0.809,0.897,True,False,False,False,False,False,False,False,False,True,False,0,0,0.9996,0.0004,Less than $40K
55,0,4,2,Blue,41,6,2,1,4430.0,1543,0.752,2555.0,62.0,0.628,0.348,False,True,False,False,False,False,False,False,False,True,False,0,0,1.0,0.0,$120K +
36,1,3,1,Blue,16,4,5,4,1686.0,1252,0.575,2717.0,63.0,1.1,0.743,False,False,False,False,True,False,False,True,False,False,False,0,0,0.9977,0.0023,$80K - $120K
56,0,1,1,Blue,44,2,4,4,1438.3,0,0.85517377,967.0,24.0,0.42723277,0.0,True,False,False,False,False,False,False,False,False,True,True,1,1,0.0,1.0,$60K - $80K
55,0,3,1,Blue,45,2,2,2,2228.416,1801,0.9969462,2660.0,89.0,0.53774756,0.8066617,False,False,True,False,True,False,False,True,False,True,False,1,1,0.0016,0.9984,$40K - $60K
35,0,2,2,Blue,36,4,3,2,9697.219,1441,0.5628437,2412.0,62.0,0.5574489,0.14827655,False,False,False,False,False,True,False,False,True,False,True,1,1,0.0466,0.9534,Less than $40K
52,1,3,1,Blue,44,1,2,1,23889.0,603,0.792,777.0,13.0,0.968,0.025,False,True,False,False,False,False,False,True,False,False,False,0,0,0.9908,0.0092,Less than $40K
49,0,2,0,Blue,42,2,2,2,3021.27,1254,0.71605814,2292.0,54.0,0.5070304,0.4246729,False,False,False,False,True,False,True,False,False,True,False,1,1,0.0108,0.9892,Less than $40K
36,0,1,2,Silver,36,2,3,1,1461.7107,488,0.6230172,3774.0,63.0,0.4847931,0.33501148,False,False,False,False,True,False,False,False,False,True,False,1,1,0.0001,0.9999,Less than $40K
33,0,1,3,Blue,13,3,1,3,3315.0,1243,0.709,1723.0,31.0,0.548,0.375,False,True,False,False,False,False,False,False,False,True,False,0,0,0.9996,0.0004,$40K - $60K
44,1,2,1,Blue,32,5,2,2,15460.423,0,0.71680075,1668.0,32.0,0.4674974,0.0,False,True,True,False,False,False,False,True,False,False,False,1,1,0.0007,0.9993,Less than $40K
53,0,2,1,Blue,38,5,2,3,2650.0,1490,1.75,1777.0,56.0,1.0,0.562,False,False,False,False,False,False,False,False,False,True,False,0,0,1.0,0.0,$80K - $120K
36,1,1,1,Blue,26,5,2,2,3453.0,2517,0.585,1888.0,39.0,0.789,0.729,False,False,False,False,False,True,False,False,False,True,False,0,0,0.999,0.001,Less than $40K
48,0,3,1,Blue,36,2,2,1,2490.0,1582,0.76,1597.0,37.0,0.623,0.635,False,False,False,True,False,False,False,False,False,True,False,0,0,0.9999,0.0001,Less than $40K
46,0,2,1,Blue,30,3,3,3,8977.527,0,0.4486478,2804.0,70.0,0.80376315,0.0,False,True,True,False,False,False,False,True,False,False,True,1,1,0.0001,0.9999,$80K - $120K
39,1,2,1,Blue,26,2,3,4,8906.0,0,0.315,1651.0,43.0,0.25,0.0,False,False,False,False,True,False,False,False,False,False,False,1,1,0.0002,0.9998,$80K - $120K
53,0,2,2,Blue,36,2,3,2,2121.0,0,0.618,2367.0,50.0,0.778,0.0,False,True,False,False,False,False,True,False,False,False,False,1,1,0.0335,0.9665,Less than $40K
42,0,0,0,Blue,31,3,3,4,2712.0,0,0.724,3386.0,53.0,0.474,0.0,False,False,False,False,True,False,False,False,False,False,True,1,1,0.0006,0.9994,Unknown
48,0,1,1,Blue,38,5,2,2,1832.0,748,0.879,2399.0,57.0,0.812,0.408,False,False,False,False,False,False,False,False,False,True,False,0,0,1.0,0.0,$40K - $60K
39,0,2,2,Blue,31,2,2,3,19241.969,602,0.8061142,2320.0,57.0,0.63453865,0.031784464,False,False,True,False,False,True,True,True,False,False,False,1,1,0.001,0.999,Less than $40K
49,1,3,1,Blue,36,3,3,5,2976.0,1817,0.739,2119.0,52.0,0.667,0.611,False,True,False,False,False,False,False,False,False,True,False,0,0,0.9985,0.0015,Unknown
44,1,3,0,Blue,37,5,2,3,3290.0,0,0.841,2395.0,45.0,0.615,0.0,False,True,False,False,False,False,False,True,False,False,False,0,0,0.9995,0.0005,$80K - $120K
59,0,0,1,Blue,48,2,2,1,2120.0,1411,0.665,2181.0,32.0,0.643,0.666,False,True,False,False,False,False,False,False,False,True,False,0,0,1.0,0.0,Less than $40K
53,0,1,1,Blue,36,3,2,2,7353.4966,247,0.74574566,1913.0,35.0,0.85936743,0.033123925,False,True,True,False,False,False,False,False,False,True,False,1,1,0.0007,0.9993,Less than $40K
43,0,2,1,Blue,35,1,2,3,4745.29,954,0.36390054,3063.0,87.0,0.36994466,0.2018567,False,False,False,False,False,True,True,True,False,False,False,1,1,0.0004,0.9996,$60K - $80K
42,0,4,1,Blue,35,4,3,1,1539.0,0,0.944,1088.0,22.0,0.614,0.0,False,False,False,False,True,False,False,False,False,True,False,0,0,0.994,0.006,$40K - $60K
43,1,2,0,Blue,36,6,1,1,5427.0,2177,0.824,1138.0,38.0,0.622,0.401,False,False,False,True,False,False,False,True,False,False,False,0,0,0.9998,0.0002,$80K - $120K
39,0,2,0,Blue,35,4,2,3,2099.986,0,0.42578292,2595.0,58.0,0.27438018,0.0,False,True,False,False,True,False,False,True,False,True,False,1,1,0.0003,0.9997,Unknown
62,0,1,2,Blue,36,2,3,4,1930.0,0,0.331,1788.0,46.0,0.25,0.0,False,False,True,False,False,False,False,False,False,True,False,1,1,0.0001,0.9999,$40K - $60K
47,0,3,1,Blue,32,3,3,4,2148.0547,0,0.5492501,2602.0,51.0,0.4693257,0.0,False,True,False,False,False,False,False,False,False,True,False,1,1,0.0013,0.9987,$120K +
46,1,2,0,Blue,36,2,3,3,7192.146,940,0.66334903,2236.0,55.0,0.4685265,0.1311545,False,True,False,False,False,False,True,True,False,False,False,1,1,0.0045,0.9955,$40K - $60K
31,0,0,1,Blue,22,3,3,2,2917.0,2127,1.074,3095.0,63.0,1.0,0.729,False,True,False,False,False,False,False,False,False,True,False,0,0,0.9998,0.0002,$40K - $60K
49,0,0,1,Blue,39,1,3,3,4982.0,2517,0.903,2397.0,41.0,0.857,0.505,False,False,False,False,False,True,False,False,False,True,False,1,1,0.0021,0.9979,$40K - $60K
39,1,2,2,Blue,32,4,1,4,4423.0,1643,0.724,2439.0,61.0,0.623,0.371,False,False,True,False,False,False,False,False,False,True,False,0,0,0.9998,0.0002,Less than $40K
62,0,0,2,Blue,47,4,2,1,1855.7297,0,0.49760827,2225.0,44.0,0.7608654,0.0,False,False,True,True,False,False,False,True,False,True,False,1,1,0.0919,0.9081,Less than $40K
57,1,2,3,Blue,45,4,1,2,2480.0,1584,0.874,1569.0,33.0,0.784,0.639,False,True,False,False,False,False,False,True,False,False,False,0,0,1.0,0.0,$40K - $60K
38,1,2,2,Blue,36,3,3,4,34516.0,1954,0.436,1927.0,47.0,0.486,0.057,False,False,False,True,False,False,False,True,False,False,False,0,1,0.463,0.537,$80K - $120K
34,0,2,2,Blue,36,3,3,2,9671.034,1465,0.5745081,2140.0,49.0,0.56874865,0.15102766,False,True,False,False,False,False,False,False,True,False,True,1,1,0.0645,0.9355,$60K - $80K
57,0,0,1,Blue,46,1,2,3,3347.9207,0,0.9362292,2522.0,68.0,0.4387699,0.0,False,False,True,False,False,False,True,False,False,False,False,1,1,0.0003,0.9997,Unknown
52,1,2,1,Blue,47,5,3,0,3085.0,1910,0.921,3503.0,65.0,0.667,0.619,False,True,False,False,False,False,False,True,False,False,False,0,0,0.9999,0.0001,$80K - $120K
35,1,0,2,Blue,29,6,2,3,34516.0,1965,1.044,2657.0,71.0,1.0,0.057,False,False,True,False,False,False,False,False,True,False,False,0,0,0.9984,0.0016,Less than $40K
62,0,0,2,Blue,36,6,3,3,5780.0,0,0.394,1373.0,35.0,0.429,0.0,False,False,False,False,True,False,False,False,False,True,False,1,1,0.0035,0.9965,$60K - $80K
45,0,4,2,Blue,39,6,2,3,2202.0,1414,0.593,2557.0,67.0,0.54,0.642,False,False,False,False,True,False,False,False,False,True,False,0,0,1.0,0.0,Less than $40K
34,1,3,3,Blue,23,4,3,0,27710.0,0,0.777,2758.0,56.0,0.659,0.0,False,False,False,True,False,False,False,True,False,False,False,0,0,0.9983,0.0017,Unknown
36,1,2,2,Blue,31,3,2,5,11862.0,2282,0.837,1473.0,35.0,0.85,0.192,False,False,False,True,False,False,True,False,False,False,False,0,0,0.9878,0.0122,$120K +
46,0,0,2,Blue,34,3,3,3,2291.135,579,0.65810996,2843.0,53.0,0.5036782,0.25452584,False,False,True,False,False,True,False,False,False,True,False,1,1,0.0,1.0,$80K - $120K
34,0,2,1,Blue,23,5,2,2,3118.1719,0,0.7090106,2570.0,49.0,0.6511407,0.0,False,True,False,False,False,False,False,False,False,True,False,1,1,0.0085,0.9915,Less than $40K
33,0,1,1,Blue,22,5,2,1,1438.3,0,0.7074461,1446.0,22.0,0.5532342,0.0,False,True,False,False,True,False,False,False,False,True,False,1,1,0.0024,0.9976,Less than $40K
47,0,2,1,Blue,37,2,3,1,2923.668,367,0.8702086,1181.0,30.0,0.65057534,0.12520862,False,True,False,False,True,False,False,False,False,True,True,1,1,0.0,1.0,$80K - $120K
45,0,2,1,Blue,36,4,1,3,6407.0,1884,0.678,1426.0,34.0,0.469,0.294,False,False,True,False,False,False,True,False,False,False,False,0,0,0.9849,0.0151,$40K - $60K
52,1,1,1,Blue,44,3,2,2,13142.638,2117,0.9151917,1566.0,36.0,0.8630876,0.16143453,False,False,False,False,False,False,False,True,True,False,False,1,1,0.0802,0.9198,Less than $40K
46,0,3,1,Blue,40,1,1,1,3044.0,1973,0.946,3319.0,86.0,1.028,0.648,False,True,False,False,False,False,False,False,False,False,True,0,0,0.9999,0.0001,$60K - $80K
54,0,2,2,Blue,36,1,3,3,8827.0,0,0.782,1134.0,26.0,0.515,0.0,False,False,False,False,False,False,False,False,False,False,True,1,1,0.0014,0.9986,Less than $40K
49,0,3,2,Blue,36,4,1,4,4328.0,2058,0.835,1859.0,43.0,1.033,0.476,False,False,False,False,True,False,False,False,False,True,False,0,0,0.9999,0.0001,Less than $40K
42,0,5,2,Blue,34,5,2,2,1565.7748,0,0.69343954,2223.0,72.0,0.5430426,0.0,False,True,False,False,False,True,True,False,False,True,False,1,1,0.0001,0.9999,Less than $40K
48,0,4,1,Blue,39,6,2,2,3756.7844,2517,0.6133307,2967.0,80.0,0.65393347,0.6701301,True,False,False,False,False,False,False,False,False,True,False,1,1,0.0137,0.9863,$40K - $60K
59,0,2,0,Blue,36,3,3,3,1863.0,1853,0.829,1645.0,33.0,0.29,0.995,False,False,False,False,True,False,False,False,False,True,False,1,1,0.005,0.995,$80K - $120K
48,0,2,1,Blue,36,2,1,3,4265.555,2392,0.80061734,2197.0,45.0,0.70769405,0.56073856,False,True,False,False,False,True,True,False,False,False,True,1,1,0.0024,0.9976,$80K - $120K
35,1,3,1,Blue,30,5,3,4,13590.0,1528,0.728,809.0,15.0,0.486,0.112,True,False,False,False,False,False,False,False,True,False,False,1,1,0.4844,0.5156,$120K +
51,0,2,2,Blue,45,6,3,1,2109.0,683,0.593,1534.0,34.0,0.812,0.324,True,False,False,False,False,False,False,False,False,False,True,0,0,0.9995,0.0005,$60K - $80K
38,1,3,1,Blue,30,2,1,2,13662.672,0,0.48608965,1413.0,37.0,0.17312898,0.0,False,False,False,True,False,False,False,True,False,False,False,1,1,0.001,0.999,$80K - $120K
40,1,3,2,Blue,33,4,1,3,21308.0,564,0.448,2659.0,63.0,0.652,0.026,False,False,False,False,True,False,True,False,False,False,False,0,0,0.9354,0.0646,$40K - $60K
44,0,2,1,Blue,35,1,1,2,3427.7192,0,0.8770171,1842.0,36.0,0.9154645,0.0,False,True,True,False,False,False,False,True,False,False,True,1,1,0.0003,0.9997,$80K - $120K
46,0,3,1,Blue,38,4,3,3,4317.0,2517,0.944,1515.0,36.0,1.0,0.583,False,False,False,False,False,True,False,False,False,True,False,0,0,0.9859,0.0141,$120K +
41,1,3,2,Blue,23,1,2,2,8400.975,0,0.9430619,2997.0,56.0,0.8040411,0.0,False,False,True,False,False,True,False,False,True,False,False,1,1,0.0052,0.9948,Unknown
42,0,3,1,Blue,36,5,2,3,5555.905,2251,0.5224432,2599.0,47.0,0.44408423,0.40511605,False,True,False,False,True,False,False,False,False,True,True,1,1,0.0002,0.9998,$60K - $80K
49,1,3,1,Blue,44,2,2,4,21055.516,111,0.6040672,2916.0,50.0,0.39142781,0.0053237234,False,False,False,True,True,False,False,True,True,False,False,1,1,0.0,1.0,$80K - $120K
50,0,4,1,Blue,36,6,4,3,3862.0,0,0.578,4157.0,58.0,0.723,0.0,False,False,False,False,False,False,False,False,False,False,True,0,0,1.0,0.0,$40K - $60K
42,0,3,2,Blue,35,3,2,2,2555.0,1587,1.088,2670.0,50.0,0.881,0.621,False,True,False,False,False,False,False,False,False,True,False,0,0,1.0,0.0,Less than $40K
65,1,1,1,Blue,53,3,3,3,3506.0,1604,0.574,2221.0,57.0,0.649,0.458,False,False,True,False,False,False,True,False,False,False,False,0,0,0.9994,0.0006,$40K - $60K
35,0,0,0,Blue,28,1,3,4,2213.9993,0,0.9012366,2460.0,74.0,0.5600917,0.0,False,True,False,False,True,False,True,False,False,True,False,1,1,0.0005,0.9995,$60K - $80K
41,0,4,1,Blue,33,3,2,5,3247.3022,1850,0.8530441,1698.0,41.0,0.30038607,0.5713744,False,False,False,False,False,True,True,False,False,True,False,1,1,0.0029,0.9971,Less than $40K
41,0,3,1,Blue,36,2,2,4,1592.7675,0,0.8280971,694.0,12.0,0.5946052,0.0,False,False,False,False,False,True,True,False,False,True,False,1,1,0.0,1.0,$60K - $80K
50,0,1,1,Silver,46,3,0,3,2931.613,0,0.6884023,2167.0,57.0,0.9413667,0.0,False,False,False,False,True,True,False,False,False,True,True,1,1,0.0227,0.9773,$60K - $80K
39,0,3,1,Blue,35,5,2,4,5671.2383,1540,0.6751904,2760.0,44.0,0.5857376,0.27245626,False,False,True,False,False,False,False,True,False,True,False,1,1,0.0049,0.9951,$80K - $120K
39,0,3,1,Blue,36,2,2,2,1858.5271,0,0.84283745,1753.0,43.0,0.38821292,0.0,False,False,True,False,False,False,True,True,False,False,False,1,1,0.0,1.0,$80K - $120K
52,0,4,2,Blue,46,3,3,3,3231.0,2215,0.515,1678.0,36.0,0.607,0.686,False,True,False,False,False,False,False,False,False,True,False,0,0,1.0,0.0,$40K - $60K
53,0,2,2,Blue,46,2,2,3,1693.1539,0,0.6639146,1887.0,60.0,0.47599432,0.0,False,True,False,False,True,False,True,False,False,True,False,1,1,0.0,1.0,$80K - $120K
46,1,2,1,Blue,35,1,2,2,4021.1404,0,0.9061322,1535.0,31.0,0.89714915,0.0,False,True,False,False,False,False,False,True,False,False,False,1,1,0.0017,0.9983,Less than $40K
40,0,2,2,,30,4,2,3,6420.464,0,0.73713297,,,0.4461203,0.0,False,True,True,False,False,False,False,True,False,False,True,1,1,0.0,1.0,
47,1,0,1,,36,3,2,1,34516.0,1913,0.84,,,0.673,0.055,False,True,False,False,False,False,False,False,True,False,False,0,0,0.9995,0.0005,
43,0,4,3,,31,6,2,2,13651.0,0,1.046,,,0.775,0.0,False,False,True,False,False,False,False,False,False,True,False,1,1,0.0021,0.9979,
43,0,2,1,,29,6,2,3,4462.394,0,0.83142024,,,0.6219818,0.0,False,True,True,False,False,False,True,False,False,True,False,1,1,0.0,1.0,
59,0,0,1,,36,5,3,4,5688.0,914,1.099,,,1.038,0.161,False,True,False,False,False,False,False,False,False,True,False,0,0,1.0,0.0,
50,0,2,1,,38,2,2,2,1438.3,0,0.2994239,,,0.3195548,0.0,False,False,False,False,False,True,False,False,False,True,False,1,1,0.0002,0.9998,
50,0,1,1,,38,2,1,4,7184.52,0,0.5153188,,,0.6096727,0.0,False,True,False,False,False,False,True,False,False,True,False,1,1,0.0015,0.9985,
45,0,2,1,,36,2,3,3,5886.8867,0,0.9651517,,,0.7829976,0.0,False,True,False,False,False,True,True,False,False,True,False,1,1,0.0,1.0,
52,0,0,3,,42,4,3,2,2723.0,1544,0.794,,,1.258,0.567,False,True,False,False,False,False,True,False,False,False,False,0,0,1.0,0.0,
55,0,3,1,,44,2,2,2,2384.557,0,0.7890198,,,0.50635797,0.0,False,False,False,False,True,True,False,True,False,True,False,1,1,0.0001,0.9999,
48,0,4,0,,38,3,2,2,2848.5483,2516,0.3717293,,,0.37163448,0.8833931,False,True,False,False,False,True,False,False,False,True,False,1,1,0.0078,0.9922,
57,0,0,1,,46,5,2,1,4661.0,1734,0.789,,,1.382,0.372,True,False,False,False,False,False,False,False,False,False,True,0,0,0.9993,0.0007,
47,0,2,1,,40,2,2,1,3677.369,2517,0.63503575,,,0.5258835,0.68466157,False,False,False,False,True,False,True,False,False,True,False,1,1,0.0002,0.9998,
51,1,1,1,,39,1,2,3,3105.3308,0,0.47001153,,,0.3470163,0.0,False,True,True,False,False,False,True,False,False,False,False,1,1,0.0,1.0,
57,1,0,1,,51,2,5,5,24546.48,485,0.86595166,,,0.73024046,0.019698612,False,False,True,True,False,False,True,True,False,False,False,1,1,0.0017,0.9983,
49,0,3,1,,37,3,3,2,1952.674,0,0.7620827,,,0.5818736,0.0,False,False,False,True,False,False,False,True,False,True,False,1,1,0.0001,0.9999,
58,0,3,1,,47,1,2,1,6765.0,0,0.739,,,0.771,0.0,False,True,False,False,False,False,False,False,False,True,False,0,0,0.9987,0.0013,
51,0,3,1,,36,2,3,3,4762.0,0,0.526,,,0.3,0.0,False,False,False,False,False,False,True,False,False,False,False,1,1,0.0007,0.9993,
49,1,3,2,,34,1,2,3,7880.658,2289,0.31861386,,,0.31067386,0.29035354,False,False,True,False,True,False,False,False,True,False,False,1,1,0.0001,0.9999,
42,0,3,0,,23,4,2,2,1674.0234,609,0.83587164,,,0.5466492,0.36446655,False,True,True,False,False,False,False,False,False,True,False,1,1,0.0006,0.9994,
53,1,2,2,,39,3,2,3,34516.0,79,0.6817477,,,0.483012,0.0022750343,False,False,False,False,False,True,False,False,False,False,False,1,1,0.0081,0.9919,
36,0,1,1,,27,5,3,3,2058.9185,1718,0.61411595,,,0.71139467,0.8347891,False,True,False,False,False,True,True,False,True,False,False,1,1,0.012,0.988,
45,0,4,1,,37,3,3,1,3196.0,1817,0.731,,,0.677,0.569,False,False,False,False,True,False,False,False,False,True,False,0,0,0.9999,0.0001,
42,0,1,1,,30,1,2,3,3031.8079,0,0.42930743,,,0.51789665,0.0,False,False,False,False,True,False,True,False,False,False,True,1,1,0.0,1.0,
41,1,3,1,,37,1,2,3,6976.451,1755,0.5406229,,,0.518673,0.25205016,False,True,True,False,False,False,True,False,False,True,False,1,1,0.0001,0.9999,
44,0,2,1,,37,2,4,3,4146.256,608,0.9133457,,,0.5982362,0.1470641,False,True,False,False,False,True,True,True,False,False,False,1,1,0.0,1.0,
47,0,4,0,,34,6,1,2,3502.0,1851,2.023,,,0.722,0.529,False,False,False,False,False,True,True,False,False,False,False,0,0,0.9991,0.0009,
31,0,1,2,,22,5,1,5,6662.0,0,0.934,,,0.766,0.0,False,False,True,False,False,False,False,False,False,True,False,0,0,0.9979,0.0021,
56,0,0,1,,44,4,3,3,1664.0002,0,0.7530884,,,0.35195902,0.0,False,True,False,False,False,False,False,True,False,True,False,1,1,0.0006,0.9994,
42,0,3,1,,27,2,2,2,3099.8455,2517,0.62454253,,,0.30273634,0.8152953,False,True,False,False,False,True,False,False,False,True,False,1,1,0.0002,0.9998,
46,0,1,1,,37,3,1,3,8844.89,92,0.45619705,,,0.35061994,0.01072521,False,True,False,False,False,False,False,True,False,False,True,1,1,0.0033,0.9967,
49,0,0,2,,36,2,1,3,3898.8794,2517,0.99006915,,,0.6292856,0.6563534,False,False,False,False,False,True,True,False,False,False,True,1,1,0.006,0.994,
40,1,5,3,,22,6,1,4,4042.0,1744,0.582,,,0.542,0.431,False,False,False,False,False,True,False,False,True,False,False,0,0,0.9991,0.0009,
50,0,3,0,,39,3,2,2,3028.0,1339,0.843,,,0.684,0.442,False,False,False,True,False,False,True,False,False,False,False,0,0,0.9997,0.0003,
32,0,1,1,,17,1,1,3,3801.4187,933,0.67978686,,,0.8536463,0.25024354,True,True,False,False,False,False,False,False,False,True,False,1,1,0.0076,0.9924,
43,0,2,2,,37,4,3,0,6611.0,1041,0.744,,,0.682,0.157,False,False,True,False,False,False,False,False,False,True,False,0,0,1.0,0.0,
47,0,2,1,,38,5,2,4,2927.687,1612,0.57510424,,,0.46090227,0.550027,False,True,True,False,False,False,True,False,False,True,False,1,1,0.0001,0.9999,
48,0,2,1,,33,5,2,4,2167.7432,0,0.6568728,,,0.6348691,0.0,False,True,False,False,False,True,False,False,False,True,False,1,1,0.0001,0.9999,
56,1,1,2,,45,4,1,3,5070.0,0,1.01,,,0.652,0.0,False,False,True,False,False,False,False,False,True,False,False,0,0,0.9971,0.0029,
43,0,3,2,,25,2,1,3,34516.0,0,0.5758382,,,0.27657163,0.0,False,True,False,False,False,False,False,False,True,False,True,1,1,0.0112,0.9888,
57,1,1,2,,36,2,3,2,10244.0,861,0.78,,,0.381,0.084,False,True,False,False,False,False,False,False,True,False,False,1,1,0.2791,0.7209,
45,0,2,2,,36,4,1,1,1785.0,0,0.649,,,0.907,0.0,False,True,False,False,False,False,False,False,False,False,True,0,0,0.9999,0.0001,
35,0,4,1,,33,5,2,4,1438.3,0,0.9095867,,,0.6003322,0.0,False,True,False,False,True,False,False,False,True,True,False,1,1,0.001,0.999,
36,1,1,2,,30,4,2,5,13005.0,2152,1.424,,,0.767,0.165,False,False,False,False,True,False,False,False,True,False,False,0,0,0.9985,0.0015,
37,0,2,1,,36,6,2,3,2310.0,1513,0.682,,,0.833,0.655,False,False,False,True,False,False,False,False,False,True,False,0,0,0.9999,0.0001,
64,0,0,2,,56,3,2,4,4100.0,863,0.992,,,0.821,0.21,False,True,False,False,False,False,False,False,False,False,True,0,0,0.9741,0.0259,
62,0,1,0,,51,1,3,3,4049.0,1685,0.597,,,0.702,0.416,False,False,False,False,False,False,False,False,False,True,False,0,0,1.0,0.0,
53,1,2,1,,36,2,3,4,5735.0,0,1.009,,,0.684,0.0,False,True,False,False,False,False,True,False,False,False,False,1,1,0.0002,0.9998,
32,0,0,2,,24,3,3,4,2917.0,2517,0.833,,,0.875,0.863,False,False,False,False,False,False,False,False,False,True,False,0,0,0.9823,0.0177,
48,0,2,1,,36,4,3,4,2514.0,2090,0.842,,,0.606,0.831,True,False,False,False,False,False,False,False,False,True,False,1,1,0.0936,0.9064,
51,0,3,1,,36,3,3,2,5130.1226,0,0.4059502,,,0.2974536,0.0,False,False,False,False,False,True,False,False,True,True,False,1,1,0.008,0.992,
53,0,2,2,,41,5,1,3,2329.0,2290,0.533,,,0.767,0.983,False,False,False,False,False,True,False,False,False,True,False,0,0,0.9999,0.0001,
51,1,2,1,,40,2,1,1,3559.0,0,0.585,,,0.649,0.0,False,False,False,False,True,False,False,True,False,False,False,0,0,1.0,0.0,
44,0,3,0,,33,3,2,1,6748.944,2396,0.7025424,,,0.44205627,0.35522902,False,False,True,False,False,False,False,True,False,True,False,1,1,0.0002,0.9998,
46,0,2,1,,40,4,5,3,3131.0,0,0.811,,,0.632,0.0,False,True,False,False,False,False,False,False,False,False,True,0,0,0.9999,0.0001,
35,1,1,1,,25,5,4,4,5801.0,1176,1.12,,,0.857,0.203,False,True,False,False,False,False,True,False,False,False,False,0,0,0.9978,0.0022,
53,0,0,2,,40,4,1,4,1438.3,0,0.503,,,0.472,0.0,False,True,False,False,False,False,False,False,False,True,False,1,1,0.1103,0.8897,
45,1,2,2,,33,4,2,2,34516.0,1529,0.609,,,0.81,0.044,False,True,False,False,False,False,False,True,False,False,False,0,0,0.9996,0.0004,
58,0,3,1,,48,6,2,3,2800.0,1834,0.615,,,0.636,0.655,False,True,False,False,False,False,False,False,False,True,False,0,0,0.9998,0.0002,
42,0,4,1,,36,6,2,2,4008.0,1636,0.637,,,0.955,0.408,False,True,False,False,False,False,True,False,False,False,False,0,0,0.9994,0.0006,
55,0,0,0,,33,2,2,2,2098.0432,0,0.6932342,,,0.66641384,0.0,False,True,True,False,False,False,False,False,False,True,False,1,1,0.0,1.0,
42,0,3,1,,36,6,2,1,8260.0,2517,1.049,,,0.73,0.305,False,False,False,False,False,False,False,False,False,True,False,0,0,0.9982,0.0018,
43,1,3,2,,34,2,2,2,5390.0,1324,0.611,,,0.472,0.246,False,False,False,False,False,False,False,False,True,False,False,0,0,0.9996,0.0004,
43,0,3,0,,28,2,2,3,1986.801,0,0.64892405,,,0.74045134,0.0,False,True,False,False,False,True,True,False,True,False,False,1,1,0.0,1.0,
48,1,3,2,,43,6,1,3,5279.0,1115,0.549,,,0.519,0.211,False,False,False,False,False,True,True,False,False,False,False,0,0,0.9939,0.0061,
42,1,3,1,,36,1,3,0,29738.0,2370,0.806,,,0.902,0.08,False,True,False,False,False,False,False,False,True,False,False,0,0,0.9987,0.0013,
45,1,3,1,,39,1,1,3,34516.0,611,0.5630177,,,0.063804,0.017919429,False,True,True,False,False,False,False,False,True,False,False,1,1,0.0001,0.9999,
43,0,1,2,,37,5,3,2,3399.17,0,0.5803129,,,0.4526597,0.0,False,True,False,False,True,False,False,False,False,True,False,1,1,0.0002,0.9998,
40,1,4,2,,36,1,3,3,24648.848,552,0.41136974,,,0.41387036,0.022688273,False,True,True,False,False,False,False,True,False,False,False,1,1,0.0001,0.9999,
57,0,1,2,,36,4,2,3,1771.0,1289,0.911,,,0.867,0.728,False,True,False,False,False,False,False,False,False,True,False,0,0,1.0,0.0,
55,0,1,1,,36,5,3,2,2258.0,2000,0.611,,,0.68,0.886,False,False,False,False,True,False,False,False,False,True,False,1,1,0.0422,0.9578,
38,0,2,1,,28,3,2,2,7225.0,0,0.419,,,0.231,0.0,False,False,True,False,False,False,True,False,False,False,False,1,1,0.0007,0.9993,
46,1,3,2,,37,3,3,3,24862.27,0,0.8053857,,,0.56301016,0.0,False,False,True,False,False,False,False,True,False,False,False,1,1,0.0047,0.9953,
62,0,1,2,,55,6,1,1,5284.0,2517,0.674,,,0.537,0.476,False,False,False,False,False,True,False,False,False,True,False,0,0,0.9849,0.0151,
52,1,3,1,,41,3,3,1,4416.0312,0,0.9854764,,,0.8526726,0.0,False,True,False,False,False,True,True,False,False,True,False,1,1,0.0,1.0,
36,0,2,1,,36,4,3,2,1843.0098,0,0.8910292,,,0.44069067,0.0,False,True,True,False,False,False,True,False,False,True,False,1,1,0.0,1.0,
46,0,4,1,,32,4,3,4,2887.4172,0,1.0376842,,,0.61789113,0.0,False,False,True,False,False,True,False,False,False,True,False,1,1,0.0059,0.9941,
49,1,4,1,,33,5,1,3,3653.0,881,0.846,,,0.692,0.241,False,False,False,False,True,False,True,False,False,False,False,0,0,0.9999,0.0001,
41,0,4,2,,25,2,2,3,29295.0,0,1.411,,,0.711,0.0,False,False,False,False,False,True,False,False,False,False,True,1,1,0.0045,0.9955,
54,1,2,1,,44,3,2,3,11538.546,2517,0.6371531,,,0.70383286,0.21829142,False,True,True,False,False,False,False,False,True,False,False,1,1,0.2087,0.7913,
59,0,0,2,,36,3,1,2,1438.3,0,0.691,,,0.382,0.0,True,False,False,False,False,False,False,False,False,True,False,0,1,0.45,0.55,
53,0,2,1,,36,1,2,2,1438.3,0,0.66729003,,,0.5493081,0.0,False,True,False,False,True,False,True,False,True,False,False,1,1,0.0001,0.9999,
48,0,2,2,,37,4,2,3,11750.0,487,0.772,,,0.548,0.041,False,True,False,False,False,False,False,False,False,False,True,1,1,0.0027,0.9973,
61,1,0,2,,51,4,2,2,5504.0,1412,0.722,,,0.462,0.257,False,False,True,False,False,False,False,True,False,False,False,0,0,0.9991,0.0009,
43,1,4,1,,37,3,1,3,20695.0,1250,0.605,,,0.783,0.06,False,False,False,False,False,True,False,False,False,False,False,0,0,1.0,0.0,
47,0,2,2,,32,2,2,2,2992.215,0,0.79722863,,,0.35127378,0.0,False,False,False,False,True,True,True,False,False,True,False,1,1,0.0,1.0,
42,1,3,1,,28,2,3,1,19192.0,1507,0.594,,,0.736,0.079,False,False,False,False,True,False,False,False,False,False,False,0,0,0.9999,0.0001,
51,1,3,2,,45,3,2,4,30899.0,0,0.502,,,0.333,0.0,False,False,False,False,False,True,False,True,False,False,False,0,0,0.5302,0.4698,
45,0,5,3,,36,1,2,3,2699.0,1583,0.648,,,0.829,0.587,False,False,False,False,True,False,False,False,False,True,False,0,0,1.0,0.0,
54,1,4,1,,36,4,3,3,6905.0,2303,0.712,,,0.786,0.334,False,True,False,False,False,False,False,True,False,False,False,0,0,0.9975,0.0025,
49,0,4,0,,37,2,6,1,1838.0,1155,0.742,,,0.409,0.628,False,True,False,False,False,False,False,False,False,True,False,0,0,0.9999,0.0001,
40,0,3,1,,36,3,2,2,5435.018,2024,0.45269644,,,0.5392857,0.37114286,False,False,True,False,True,False,False,False,False,False,True,1,1,0.0006,0.9994,
52,0,5,2,,41,4,2,3,3035.0,1960,0.566,,,0.927,0.646,False,True,False,False,False,False,True,False,False,False,False,0,0,1.0,0.0,
41,1,3,2,,37,3,3,3,19402.0,0,0.58,,,0.594,0.0,False,True,False,False,False,False,False,False,True,False,False,1,1,0.0285,0.9715,
50,1,2,1,,44,3,3,0,4589.0,0,0.845,,,0.37,0.0,False,True,False,False,False,False,False,False,True,False,False,0,0,0.6852,0.3148,
47,1,3,2,,37,3,2,5,34516.0,1122,0.57821757,,,0.40383944,0.032891847,False,True,False,False,True,False,False,False,False,False,False,1,1,0.002,0.998,
56,1,2,2,,40,2,6,4,2381.0,651,0.592,,,0.586,0.273,False,False,True,False,False,False,True,False,False,False,False,1,1,0.005,0.995,
43,0,3,1,,36,4,2,1,6971.0,1506,0.57,,,0.675,0.216,False,False,False,False,False,True,False,False,False,False,True,0,0,0.9999,0.0001,
45,0,4,1,,26,4,3,1,16317.0,0,0.742,,,0.972,0.0,False,False,False,False,True,False,False,False,False,False,True,0,0,0.9963,0.0037,
41,1,2,1,,33,5,3,3,8004.0,1452,0.929,,,0.524,0.181,False,False,False,False,True,False,False,False,True,False,False,1,1,0.4818,0.5182,
40,1,1,2,,25,3,1,2,18104.912,1221,0.8688576,,,0.6837119,0.067207314,False,False,True,True,False,False,False,True,True,False,False,1,1,0.0182,0.9818,
44,0,2,1,,28,2,2,0,2275.0,1265,0.755,,,1.081,0.556,False,False,False,False,True,False,False,False,False,True,False,0,0,0.9987,0.0013,
48,1,2,0,,43,5,3,2,6383.0,1436,0.845,,,0.66,0.225,False,True,False,False,False,False,False,False,True,False,False,0,0,1.0,0.0,
50,1,1,2,,36,4,3,2,2317.0,0,0.734,,,0.519,0.0,False,False,False,True,False,False,False,True,False,False,False,1,1,0.0041,0.9959,
29,0,1,2,,23,3,1,2,3318.0,927,0.934,,,0.804,0.279,False,False,True,False,False,False,False,False,False,True,False,0,0,0.9999,0.0001,
44,0,4,1,,25,5,3,2,1602.0,1044,0.781,,,0.635,0.652,False,True,False,False,False,False,False,False,False,True,False,0,0,0.9997,0.0003,
43,0,3,1,,34,4,2,1,3180.0603,0,1.0292004,,,0.62351006,0.0,False,True,True,False,False,False,True,False,False,True,False,1,1,0.004,0.996,
43,0,3,1,,31,2,2,4,11121.144,0,0.41968247,,,0.22313124,0.0,False,True,False,False,False,False,False,False,False,False,True,1,1,0.0,1.0,
48,0,1,1,,36,2,2,3,7063.8325,0,0.84336454,,,0.4955912,0.0,False,False,False,False,False,True,False,False,True,False,True,1,1,0.0,1.0,
52,1,3,2,,40,3,1,1,1438.3,512,0.776,,,0.708,0.356,False,False,False,False,True,False,False,True,False,False,False,0,0,0.9999,0.0001,
45,1,4,2,,39,4,3,2,6242.685,1936,0.66166013,,,0.8444001,0.3109007,False,False,False,False,True,True,True,True,False,False,False,1,1,0.0195,0.9805,
38,0,3,2,,24,6,3,3,13951.0,1607,0.932,,,0.591,0.115,False,False,True,False,False,False,False,False,False,False,True,0,0,0.9996,0.0004,
55,1,0,1,,36,3,1,3,8276.0,1671,0.359,,,0.25,0.202,True,False,False,False,False,False,False,False,True,False,False,0,0,0.9189,0.0811,
35,1,1,1,,36,1,3,3,8847.01,203,0.5041534,,,0.39655358,0.023167431,False,False,True,False,False,True,False,True,False,False,False,1,1,0.0005,0.9995,
49,0,3,2,,38,1,2,3,2655.0,2283,0.751,,,0.485,0.86,False,False,False,False,True,False,True,False,False,False,False,1,1,0.0087,0.9913,
39,1,1,1,,26,6,2,3,16040.0,1220,0.862,,,0.4,0.076,False,False,False,False,True,False,False,False,True,False,False,0,0,0.9975,0.0025,
38,1,2,2,,31,1,3,2,34516.0,0,0.768,,,0.768,0.0,False,False,True,False,False,False,False,False,True,False,False,0,0,0.9983,0.0017,
54,0,0,0,,36,4,3,1,12547.0,1378,1.12,,,0.75,0.11,False,True,False,False,False,False,False,False,False,True,False,0,0,0.9996,0.0004,
47,0,4,2,,39,3,3,6,1438.3,0,0.854,,,0.545,0.0,False,True,False,False,False,False,False,False,False,True,False,1,1,0.001,0.999,
46,1,4,1,,35,1,3,4,34516.0,2473,0.5963898,,,0.5143666,0.07180916,False,False,False,False,True,True,False,True,True,False,False,1,1,0.0143,0.9857,
46,0,4,1,,33,5,3,1,4134.6387,1458,0.8104664,,,0.30689353,0.352721,False,True,False,False,False,False,True,False,False,True,False,1,1,0.0085,0.9915,
59,0,1,2,,50,1,0,3,4085.0,0,0.787,,,0.69,0.0,False,False,True,False,False,False,False,False,False,True,False,1,1,0.0274,0.9726,
46,0,2,2,,37,1,3,3,4848.0,2517,0.651,,,0.828,0.519,False,False,False,True,False,False,False,False,False,False,True,1,1,0.0124,0.9876,
47,0,4,0,,40,2,2,3,2725.0,1851,0.687,,,0.7,0.679,False,False,False,True,False,False,True,False,False,False,False,0,0,1.0,0.0,
46,0,4,1,,35,2,2,2,3367.3508,2438,0.33324507,,,0.5299553,0.72262436,False,False,False,False,True,False,False,False,True,True,False,1,1,0.0003,0.9997,
47,0,2,3,,36,4,2,2,1738.0,0,1.124,,,0.938,0.0,False,False,False,False,False,True,False,False,False,True,False,0,0,0.8817,0.1183,
44,0,3,1,,36,5,3,3,1906.5266,0,0.83422095,,,0.593587,0.0,False,True,False,False,False,False,False,False,False,True,False,1,1,0.0054,0.9946,
50,0,4,1,,36,5,3,5,2690.0,1614,0.513,,,0.541,0.6,False,False,True,False,False,False,False,False,False,True,False,1,1,0.3909,0.6091,
47,0,4,1,,32,4,2,2,1585.5488,0,0.43917626,,,0.49627072,0.0,False,True,False,False,True,False,False,False,False,True,False,1,1,0.0,1.0,
38,0,1,1,,28,4,3,3,2107.065,1811,0.622974,,,0.5728554,0.85831535,False,True,False,False,False,True,True,False,False,True,False,1,1,0.0016,0.9984,
32,0,1,1,,22,4,1,3,6120.254,2517,0.9215783,,,0.6337405,0.4151072,False,True,False,False,False,False,False,True,False,True,False,1,1,0.0114,0.9886,
59,0,1,2,,49,1,4,2,7805.0503,1876,1.0179443,,,0.38137743,0.24091955,False,False,True,False,False,False,False,False,False,True,False,1,1,0.0013,0.9987,
49,1,2,1,,45,4,3,4,21153.998,0,0.053436637,,,0.031959713,0.0,False,False,True,False,True,False,False,False,False,False,False,1,1,0.0425,0.9575,
46,0,4,1,,41,3,4,3,4306.763,2149,0.81742716,,,0.40624622,0.49901736,True,True,False,False,False,False,False,False,False,True,True,1,1,0.0007,0.9993,
45,1,5,1,,25,1,3,3,25601.0,1384,0.745,,,0.852,0.054,False,False,True,False,False,False,False,False,True,False,False,0,0,0.9997,0.0003,
49,1,4,2,,38,4,3,0,31302.0,1953,0.875,,,2.182,0.062,False,False,True,False,False,False,False,False,True,False,False,0,0,0.9999,0.0001,
43,0,2,1,,36,4,2,2,1438.3,0,0.5783333,,,0.45838892,0.0,False,False,False,False,True,True,True,False,False,False,True,1,1,0.0003,0.9997,
41,0,1,2,,27,3,2,3,5470.768,2452,0.65013933,,,0.48714533,0.44797027,True,False,False,False,True,False,True,False,False,False,False,1,1,0.0054,0.9946,
46,1,2,2,,36,2,2,3,34516.0,0,0.54063934,,,0.32682365,0.0,False,False,True,False,True,False,False,False,True,False,False,1,1,0.0,1.0,
62,0,0,1,,51,3,3,2,3377.0,948,0.461,,,0.467,0.281,True,False,False,False,False,False,True,False,False,False,False,0,0,0.9887,0.0113,
51,1,1,2,,44,3,3,3,22722.0,1790,0.813,,,0.754,0.079,False,True,False,False,False,False,True,False,False,False,False,0,0,0.9992,0.0008,
33,0,4,1,,26,1,2,3,2874.0,2517,0.73,,,0.6,0.876,False,False,False,False,False,False,True,False,False,False,False,0,0,0.9999,0.0001,
52,0,1,1,,32,5,2,3,1672.845,0,0.9662495,,,0.44463915,0.0,False,False,True,True,False,False,True,False,False,True,False,1,1,0.0001,0.9999,
49,0,2,1,,36,6,2,3,15704.0,0,0.924,,,0.685,0.0,False,False,True,False,False,False,False,False,False,False,True,0,0,0.9997,0.0003,
31,1,1,0,,26,1,1,3,15504.0,1277,0.612,,,0.615,0.082,False,False,True,False,False,False,True,False,False,False,False,0,0,0.9996,0.0004,
48,1,4,1,,37,2,1,1,13197.0,0,0.681,,,0.787,0.0,False,True,False,False,False,False,False,True,False,False,False,0,0,0.976,0.024,
43,0,5,2,,38,5,3,2,1531.3229,0,0.7317669,,,0.49433175,0.0,False,True,False,True,False,False,False,False,False,True,False,1,1,0.0001,0.9999,
47,1,2,1,,42,2,3,3,2430.0,1657,0.659,,,0.449,0.682,False,True,False,False,False,False,True,False,False,False,False,0,0,0.9999,0.0001,
53,1,4,2,,43,1,3,2,13720.0,0,0.671,,,0.241,0.0,False,False,False,False,True,False,False,True,False,False,False,1,1,0.0042,0.9958,
49,1,3,2,,43,1,2,1,21680.0,1587,0.605,,,0.72,0.073,False,False,True,False,False,False,False,False,False,False,False,0,0,1.0,0.0,
43,1,2,0,,34,5,3,2,1452.0,0,0.97,,,0.846,0.0,False,False,False,False,True,False,False,False,True,False,False,0,0,0.9955,0.0045,
47,0,2,1,,36,2,3,3,1650.2322,1038,0.44594,,,0.5248276,0.6283977,True,False,False,False,True,False,False,False,False,True,False,1,1,0.0002,0.9998,
47,1,4,2,,36,3,3,3,5762.0,1890,0.938,,,0.66,0.328,False,False,False,False,False,True,True,False,False,False,False,0,0,0.9987,0.0013,
48,0,5,2,,38,1,2,3,2446.0,1461,0.86,,,0.773,0.597,False,False,False,False,True,False,True,False,False,False,False,0,0,0.9999,0.0001,
37,1,3,2,,35,3,2,2,7385.1123,0,0.5960805,,,0.5635567,0.0,False,False,True,True,False,False,False,False,True,False,False,1,1,0.0004,0.9996,
52,1,2,1,,36,2,3,1,18046.0,0,0.819,,,0.677,0.0,False,False,True,False,False,False,False,False,True,False,False,0,0,0.9991,0.0009,
56,1,1,2,,36,3,6,0,11751.0,0,3.397,,,3.25,0.0,False,False,False,False,False,False,False,False,True,False,False,0,0,0.9993,0.0007,
34,1,2,1,,28,4,3,3,13384.0,1853,0.807,,,0.833,0.138,False,True,False,False,False,False,False,False,False,False,False,0,0,0.9994,0.0006,
62,0,0,2,,50,6,2,2,18819.0,0,0.894,,,0.977,0.0,False,False,True,False,False,False,False,False,False,False,True,0,0,0.9949,0.0051,
36,0,2,1,,36,2,3,5,15845.747,155,0.7949933,,,0.84754515,0.010222068,True,False,False,False,False,True,False,False,False,True,False,1,1,0.0019,0.9981,
50,1,0,0,,29,5,3,2,5530.0,2034,0.647,,,0.744,0.368,False,False,True,False,False,False,True,False,False,False,False,0,0,0.9987,0.0013,
52,0,1,1,,43,5,3,2,1438.3,0,0.60634774,,,0.5282734,0.0,False,False,False,False,True,False,False,False,False,True,True,1,1,0.003,0.997,
47,1,2,1,,37,5,3,4,34516.0,2418,0.92104363,,,0.929935,0.06994132,False,False,True,False,False,False,False,True,True,False,False,1,1,0.0088,0.9912,
54,0,2,0,,36,1,2,1,8758.0,1511,0.674,,,0.508,0.173,False,False,False,False,False,True,False,False,False,True,False,0,0,0.9987,0.0013,
38,0,2,1,,27,4,1,2,1830.0,0,0.736,,,0.654,0.0,False,False,True,False,False,False,False,False,False,True,False,0,0,0.9462,0.0538,
26,0,0,1,,20,2,2,2,2516.0,2378,1.033,,,0.875,0.945,False,False,False,False,False,True,False,False,False,True,False,0,0,0.9992,0.0008,
52,1,2,2,,41,1,2,2,9298.0,1898,0.655,,,0.776,0.204,False,True,False,False,False,False,True,False,False,False,False,0,0,0.9846,0.0154,
43,0,3,1,,34,4,3,2,3402.8953,2517,0.65624857,,,0.47334918,0.739951,False,True,False,False,True,False,False,False,False,True,False,1,1,0.0001,0.9999,
47,0,4,0,,38,2,3,1,11269.775,274,0.9089278,,,0.77494854,0.026226742,False,False,True,False,True,False,False,False,True,False,True,1,1,0.001,0.999,
47,0,3,1,,40,3,3,2,1668.7238,0,0.77495694,,,0.38449028,0.0,False,True,True,False,False,False,False,False,False,True,False,1,1,0.0,1.0,
43,0,3,1,,25,2,2,3,8110.3,2517,0.5721501,,,0.507568,0.31094024,False,True,False,False,False,True,False,True,False,True,False,1,1,0.0001,0.9999,
54,0,2,1,,35,1,4,2,1685.0,0,0.457,,,0.667,0.0,True,False,False,False,False,False,False,False,False,True,False,0,0,0.9988,0.0012,
54,0,2,2,,48,6,1,4,6610.0,928,0.894,,,0.683,0.14,False,True,False,False,False,False,False,False,False,True,False,0,0,1.0,0.0,
54,1,0,2,,45,1,3,2,20882.0,1525,0.828,,,0.767,0.073,False,False,True,False,False,False,False,False,True,False,False,0,0,0.9994,0.0006,
47,0,3,2,,35,3,3,2,4417.021,2465,0.49347332,,,0.35815862,0.55792195,False,False,False,False,False,True,False,False,False,False,True,1,1,0.0003,0.9997,
44,1,5,2,,36,3,2,1,34401.395,0,0.77619654,,,0.58604366,0.0,True,False,False,False,True,False,False,True,False,False,False,1,1,0.1161,0.8839,
53,0,3,0,,34,2,2,2,1492.6305,0,0.44653353,,,0.2568296,0.0,False,False,True,False,False,True,True,False,False,True,False,1,1,0.0,1.0,
50,0,2,1,,38,1,2,2,13032.257,1968,0.4756988,,,0.32151,0.15083532,True,False,False,False,False,False,False,True,False,False,True,1,1,0.0002,0.9998,
57,0,3,2,,46,1,2,2,2298.0,1540,0.708,,,0.976,0.67,False,False,True,False,False,False,False,False,False,True,False,0,0,0.9999,0.0001,
46,0,1,2,,35,3,2,1,1641.6915,0,0.78166384,,,0.38336384,0.0,False,True,True,False,False,False,False,True,False,True,False,1,1,0.0,1.0,
45,1,4,1,,30,6,3,3,1892.0,1049,1.122,,,1.609,0.554,False,False,False,False,False,True,True,False,False,False,False,0,0,0.9987,0.0013,
53,1,0,2,,48,4,4,4,13332.272,2293,0.9001774,,,0.4584898,0.17172156,False,True,False,False,False,True,False,True,False,False,False,1,1,0.044,0.956,
47,0,2,1,,36,5,2,2,1688.2542,1090,0.5307432,,,0.7341603,0.64671415,False,True,False,False,True,False,False,False,False,True,False,1,1,0.0005,0.9995,
58,0,0,1,,39,1,3,1,1438.3,0,0.98403233,,,0.3325041,0.0,False,True,False,True,False,False,True,False,False,True,False,1,1,0.0,1.0,
49,0,3,1,,39,2,3,4,3891.5732,699,0.8373541,,,0.53992856,0.1802128,False,True,True,False,False,False,False,False,False,True,True,1,1,0.0,1.0,
48,0,1,1,,41,4,3,3,3157.663,0,0.7158214,,,0.31830677,0.0,False,False,False,False,True,True,False,True,False,True,False,1,1,0.0002,0.9998,
55,0,1,1,,43,5,4,2,3161.0,1389,0.307,,,0.429,0.439,False,True,False,False,False,False,False,False,False,False,True,0,0,0.976,0.024,
42,0,3,1,,36,2,3,3,5505.0,2517,0.729,,,0.448,0.457,False,True,False,False,False,False,False,False,False,True,False,1,1,0.0001,0.9999,
61,1,1,2,,54,3,3,1,7169.0,629,0.807,,,0.509,0.088,False,True,False,False,False,False,False,False,False,True,False,0,1,0.4788,0.5212,
62,0,0,2,,56,6,3,3,2582.0,1528,0.771,,,0.457,0.592,False,False,False,False,False,True,False,False,False,True,False,0,0,0.9998,0.0002,
39,1,1,2,,29,3,1,2,9680.0,2101,0.626,,,0.695,0.217,False,False,True,False,False,False,False,False,True,False,False,0,0,0.9999,0.0001,
48,0,2,2,,33,3,2,2,1438.3,180,0.44840544,,,0.47473976,0.12549457,False,True,False,False,False,False,False,False,True,True,False,1,1,0.0,1.0,
47,0,3,3,,38,2,2,3,3165.0,2517,0.748,,,1.042,0.795,False,True,False,False,False,False,False,False,False,True,False,1,1,0.004,0.996,
34,0,4,1,,34,5,2,4,1438.3,0,0.9421216,,,0.6556254,0.0,False,True,False,False,True,False,False,False,True,True,False,1,1,0.001,0.999,
47,1,2,2,,41,2,3,3,20811.0,1302,0.793,,,0.708,0.063,False,False,False,False,False,False,False,True,False,False,False,0,0,0.9974,0.0026,
31,1,0,2,,36,2,3,3,4661.0,1835,0.999,,,0.964,0.394,False,True,False,False,False,False,True,False,False,False,False,0,0,0.9922,0.0078,
51,1,2,1,,44,4,3,3,34516.0,1666,0.613,,,0.8,0.048,False,True,False,False,False,False,False,False,False,False,False,0,0,0.9918,0.0082,
46,0,3,1,,31,5,2,2,2678.4707,0,0.9891765,,,0.44411767,0.0,False,False,False,False,True,True,False,False,False,True,True,1,1,0.0002,0.9998,
43,1,3,1,,26,2,3,4,20606.438,252,0.49759692,,,0.64447343,0.012070074,False,False,False,True,False,True,False,False,True,False,False,1,1,0.0003,0.9997,
40,0,4,2,,20,4,3,2,2801.0,1731,0.644,,,0.93,0.618,False,False,False,False,False,False,False,False,False,True,False,0,0,1.0,0.0,
44,0,2,1,,38,5,2,2,5793.0854,2517,0.6414877,,,0.40921107,0.43430704,False,True,False,False,False,True,False,False,False,True,False,1,1,0.0007,0.9993,
49,1,2,1,,38,4,2,3,14943.91,0,0.3372344,,,0.5969618,0.0,False,True,True,False,False,False,False,True,True,False,False,1,1,0.0001,0.9999,
48,1,4,2,,36,4,3,2,2852.0,736,0.386,,,0.29,0.258,False,False,False,False,False,False,False,False,True,False,False,0,1,0.4039,0.5961,
42,1,3,2,,36,4,3,1,21134.0,1508,0.505,,,0.842,0.071,False,False,True,False,False,False,False,False,True,False,False,0,0,0.9974,0.0026,
46,0,2,1,,34,3,1,3,16095.132,129,0.47792518,,,0.5693052,0.008067922,True,False,False,False,False,False,False,True,False,True,False,1,1,0.001,0.999,
50,0,1,2,,37,6,1,1,1837.0,665,0.844,,,0.66,0.362,False,False,False,False,True,False,False,False,False,True,False,0,0,0.9999,0.0001,
41,1,3,2,,33,6,3,1,7015.0,918,0.957,,,0.591,0.131,False,False,True,False,False,False,False,False,False,True,False,0,0,0.9998,0.0002,
39,1,3,2,,36,5,3,2,34516.0,1900,1.002,,,0.714,0.055,False,False,False,False,False,True,False,False,True,False,False,0,0,0.9998,0.0002,
44,0,3,0,,36,6,3,3,1467.0,896,0.692,,,0.5,0.611,False,True,False,False,False,False,False,False,False,True,False,0,0,0.9436,0.0564,
41,0,4,2,,36,6,3,3,4720.0,0,0.978,,,0.675,0.0,False,False,True,False,False,False,False,False,False,True,False,1,1,0.0007,0.9993,
59,1,1,1,,36,4,1,2,7871.0,1687,1.242,,,1.444,0.214,False,False,False,False,False,False,False,True,False,False,False,0,0,1.0,0.0,
56,1,1,0,,36,3,3,3,34516.0,1477,1.234,,,0.724,0.043,False,False,False,False,False,False,False,False,True,False,False,0,0,0.9948,0.0052,
45,0,4,1,,36,2,1,1,2737.0,0,0.71,,,0.569,0.0,False,False,False,False,False,False,False,False,False,True,False,0,0,0.9957,0.0043,
26,1,0,0,,36,5,2,3,4150.0,456,1.126,,,0.542,0.11,False,False,False,False,False,False,False,False,False,True,False,0,0,0.9992,0.0008,
34,0,1,1,,23,5,2,2,3109.165,0,0.7012547,,,0.6704175,0.0,False,True,False,False,True,False,False,False,False,True,False,1,1,0.0032,0.9968,
41,0,2,1,,33,1,3,2,1604.1165,0,0.6509279,,,0.5214142,0.0,True,True,False,False,False,False,True,False,False,False,False,1,1,0.0001,0.9999,
54,0,3,1,,36,1,1,1,3173.0,1822,0.801,,,0.614,0.574,False,False,True,False,False,False,False,False,False,True,False,0,0,0.9998,0.0002,
36,1,2,2,,35,3,3,3,4196.241,2517,0.652519,,,0.42397586,0.60026646,False,True,False,False,True,False,False,False,False,True,False,1,1,0.0025,0.9975,
53,0,3,1,,47,1,5,1,5772.5244,0,0.88508385,,,0.6891772,0.0,False,False,False,False,False,True,True,True,False,False,False,1,1,0.0028,0.9972,
57,1,2,1,,39,4,2,3,34516.0,1444,0.568,,,0.657,0.042,False,True,False,False,False,False,False,False,False,False,False,0,0,0.9998,0.0002,
43,0,3,3,,25,1,2,1,17328.0,0,0.82,,,0.641,0.0,False,False,True,False,False,False,True,False,False,False,False,0,0,0.9972,0.0028,
40,1,3,2,,35,6,3,2,25219.0,1503,0.944,,,0.642,0.06,False,False,False,False,False,True,False,True,False,False,False,0,0,0.9998,0.0002,
47,0,3,2,,35,1,4,3,2446.0,1899,0.714,,,0.74,0.776,False,False,False,False,True,False,False,False,False,False,True,0,0,0.9999,0.0001,
34,0,3,2,,20,1,2,3,8698.0,874,0.708,,,0.709,0.1,False,False,False,False,True,False,True,False,False,False,False,0,0,0.9986,0.0014,
48,0,2,1,,37,2,2,1,2229.7068,0,0.8760335,,,0.7157657,0.0,False,True,False,False,False,False,False,False,False,True,False,1,1,0.0003,0.9997,
47,1,3,1,,36,6,2,3,10569.0,0,0.838,,,1.0,0.0,False,False,True,False,False,False,False,True,False,False,False,0,0,0.9954,0.0046,
46,1,3,1,,29,1,2,3,2995.9746,0,0.62062174,,,0.44655,0.0,False,True,True,False,False,False,True,False,False,False,False,1,1,0.0002,0.9998,
35,0,3,2,,22,3,1,3,2441.0,1670,0.697,,,0.553,0.684,False,True,False,False,False,False,True,False,False,False,False,0,0,0.9999,0.0001,
49,0,1,0,,44,6,5,2,2597.0,1871,0.899,,,0.725,0.72,False,False,False,True,False,False,True,False,False,False,False,0,0,0.9999,0.0001,
57,1,4,1,,39,4,3,0,8466.0,1886,0.56,,,0.391,0.223,False,True,False,False,False,False,False,True,False,False,False,0,0,0.9995,0.0005,
44,1,1,1,,34,4,3,2,1829.6812,814,0.6438371,,,0.55316174,0.44469136,False,True,False,False,False,True,False,True,True,False,False,1,1,0.001,0.999,
45,0,1,1,,36,4,3,2,2218.2678,2072,0.63679105,,,0.6123857,0.93479383,False,False,True,False,True,False,False,False,False,True,False,1,1,0.0006,0.9994,
43,1,2,1,,33,1,3,2,34516.0,1085,1.047,,,0.588,0.031,False,False,False,False,False,True,False,True,False,False,False,1,1,0.0067,0.9933,
46,1,3,2,,36,5,1,2,5489.0,1189,0.95,,,0.882,0.217,False,False,False,False,True,False,False,True,False,False,False,0,0,1.0,0.0,
39,1,2,0,,23,5,2,3,17894.0,304,0.965,,,0.465,0.017,False,True,False,False,False,False,True,False,False,False,False,1,1,0.1475,0.8525,
35,0,2,1,,27,5,2,3,1613.0,1085,0.659,,,0.848,0.673,False,True,False,False,False,False,True,False,False,False,False,0,0,0.9998,0.0002,
47,0,1,2,,35,5,2,4,2059.5906,0,0.80561054,,,0.8236676,0.0,False,False,False,True,True,False,False,True,False,False,True,1,1,0.005,0.995,
62,0,0,0,,56,3,1,1,2230.0,1716,0.811,,,0.5,0.77,False,True,False,False,False,False,False,False,False,True,False,0,0,1.0,0.0,
56,0,3,2,,36,3,3,3,10016.0,1872,0.735,,,0.542,0.187,False,True,False,False,False,False,False,False,False,False,True,1,1,0.0233,0.9767,
40,0,2,2,,31,5,3,5,4538.5728,0,0.94822377,,,0.69715905,0.0,False,True,True,False,False,False,False,False,False,True,False,1,1,0.0,1.0,
41,1,3,1,,34,4,4,1,13535.0,1291,0.653,,,1.625,0.095,False,False,False,False,False,True,False,False,True,False,False,0,0,0.9897,0.0103,
47,1,2,0,,29,5,2,3,4786.0,1553,0.61,,,0.81,0.324,False,True,False,False,False,False,False,True,False,False,False,0,0,0.9998,0.0002,
38,0,0,1,,26,5,1,4,2230.0,0,0.896,,,0.909,0.0,False,False,False,False,True,False,False,False,False,True,False,0,0,0.9954,0.0046,
53,0,3,1,,43,1,3,3,5382.251,1921,0.49511525,,,0.48536602,0.35691524,False,False,True,False,False,False,False,False,False,True,True,1,1,0.0001,0.9999,
42,1,1,1,,34,3,3,2,15315.0,1613,0.859,,,0.754,0.105,False,True,False,False,False,False,True,False,False,False,False,0,0,0.9994,0.0006,
48,0,1,1,,37,2,2,3,7190.8955,0,0.5260976,,,0.6014271,0.0,True,True,False,False,False,False,False,False,False,True,False,1,1,0.0053,0.9947,
43,0,1,1,,28,3,2,3,3791.1099,0,0.773858,,,0.7626431,0.0,False,False,False,False,True,False,False,True,False,True,False,1,1,0.0017,0.9983,
46,0,4,1,,38,6,3,2,13816.0,955,0.699,,,0.659,0.069,False,False,False,True,False,False,False,False,False,False,True,0,0,0.9998,0.0002,
47,1,2,0,,40,6,1,3,16741.0,1225,0.641,,,0.514,0.073,False,True,False,False,False,False,False,False,True,False,False,0,0,0.9994,0.0006,
41,1,3,1,,31,3,3,2,11789.0,1420,0.659,,,0.684,0.12,False,True,False,False,False,False,False,False,False,False,False,0,0,0.9987,0.0013,
40,0,4,2,,29,5,2,3,1554.0,412,0.568,,,0.483,0.265,False,False,True,False,False,False,True,False,False,False,False,1,1,0.0006,0.9994,
40,0,3,1,,36,2,2,4,1585.7823,0,0.8059775,,,0.57064235,0.0,False,False,False,False,False,True,True,False,False,True,False,1,1,0.0,1.0,
48,0,1,1,,37,2,2,3,7192.4985,0,0.5342854,,,0.5962008,0.0,True,True,False,False,False,False,False,False,False,True,False,1,1,0.0063,0.9937,
61,1,0,1,,56,6,2,3,9918.0,850,0.688,,,0.29,0.086,False,True,False,False,False,False,False,True,False,False,False,1,1,0.3037,0.6963,
43,1,3,3,,32,4,1,3,2476.0,1944,0.881,,,0.585,0.785,False,False,False,False,False,True,False,True,False,False,False,0,0,0.9999,0.0001,
42,1,3,1,,23,3,4,3,34516.0,2070,0.88,,,0.545,0.06,False,False,False,False,True,False,False,False,False,False,False,0,0,0.9945,0.0055,
41,0,3,3,,36,5,1,2,5869.0,0,0.713,,,0.857,0.0,False,False,True,False,False,False,False,False,False,False,True,0,0,1.0,0.0,
53,0,1,1,,37,6,2,3,9063.84,2517,0.661,,,0.66064894,0.27781752,True,False,False,False,False,False,False,False,False,False,True,1,1,0.0155,0.9845,
41,1,3,2,,29,5,3,3,2775.0,1664,0.809,,,0.926,0.6,False,True,False,False,False,False,False,True,False,False,False,0,0,0.9872,0.0128,
31,0,0,1,,24,2,3,1,34516.0,2032,0.82,,,0.705,0.059,False,False,False,False,False,False,False,False,False,False,True,0,0,1.0,0.0,
42,1,2,1,,28,6,1,3,7340.0,0,0.65,,,0.412,0.0,False,False,False,False,False,False,False,True,False,False,False,1,1,0.0453,0.9547,
43,1,3,2,,34,3,2,3,5049.27,2287,0.6749002,,,0.43924972,0.4528014,False,True,False,False,False,False,False,True,True,False,False,1,1,0.0428,0.9572,
31,0,0,1,,22,4,2,1,3273.0,2517,1.465,,,0.727,0.769,False,False,True,False,False,False,False,False,False,True,False,0,0,0.9916,0.0084,
44,1,3,2,,37,5,2,3,1682.0,930,0.903,,,1.03,0.553,False,True,False,False,False,False,False,True,False,False,False,0,0,0.9999,0.0001,
47,0,5,2,,42,4,2,4,2224.0,1106,0.501,,,0.367,0.497,False,True,False,False,False,False,False,False,False,True,False,0,0,0.527,0.473,
51,0,3,1,,45,2,2,2,7992.1426,138,0.7131534,,,0.32795066,0.017641094,False,False,True,False,False,False,True,False,False,False,False,1,1,0.0,1.0,
44,0,2,2,,33,2,3,4,4530.779,0,0.94874144,,,0.697839,0.0,False,True,True,False,False,False,True,False,False,True,False,1,1,0.0,1.0,
44,0,3,1,,40,1,1,3,6441.0,2151,0.64,,,0.492,0.334,False,True,False,False,False,False,False,False,False,True,False,0,0,0.9998,0.0002,
59,0,0,1,,40,1,3,1,1438.3,0,1.0098692,,,0.34566677,0.0,False,False,False,True,False,True,True,False,False,False,True,1,1,0.0004,0.9996,
40,1,4,2,,31,3,3,2,19871.826,1023,0.69821316,,,0.44613144,0.051485468,False,True,False,True,False,False,False,True,True,False,False,1,1,0.0352,0.9648,
46,1,4,2,,28,2,2,4,2979.0,0,0.644,,,0.462,0.0,False,True,False,False,False,False,True,False,False,False,False,1,1,0.0015,0.9985,
42,1,3,2,,36,4,4,3,3337.0,795,0.524,,,0.619,0.238,False,False,True,False,False,False,False,True,False,False,False,0,0,1.0,0.0,
50,0,2,1,,34,2,3,2,7534.047,0,0.8919971,,,0.3984708,0.0,False,True,False,False,False,True,False,False,True,False,True,1,1,0.0001,0.9999,
46,1,2,1,,37,4,3,5,34516.0,2462,0.95979816,,,0.9386373,0.07144621,False,True,True,False,False,False,False,True,True,False,False,1,1,0.0024,0.9976,
47,1,2,2,,38,4,1,4,18830.312,0,0.9871471,,,0.6426426,0.0,False,True,False,False,False,True,False,True,False,False,True,1,0,0.7696,0.2304,
47,0,3,3,,41,2,3,2,13519.094,0,0.15173061,,,0.4246125,0.0,False,False,False,False,True,False,False,False,False,False,True,1,1,0.0192,0.9808,
43,0,3,1,,33,4,2,2,6072.997,676,0.98284334,,,0.61828786,0.11093235,False,True,False,False,False,True,True,False,False,False,True,1,1,0.0032,0.9968,
57,0,2,2,,38,3,3,3,1922.4755,0,0.64192563,,,0.47223172,0.0,False,False,False,False,True,True,False,True,False,True,False,1,1,0.0002,0.9998,
28,1,0,0,,36,3,3,3,16766.0,1535,1.042,,,0.878,0.092,False,False,False,False,True,False,False,False,False,False,True,0,0,0.9998,0.0002,
42,0,2,2,,36,2,2,3,2888.484,2495,0.7296915,,,0.6555037,0.8636069,False,True,False,False,True,False,False,False,False,True,False,1,1,0.0008,0.9992,
40,1,3,1,,27,3,2,1,6813.0,2332,0.58,,,0.378,0.342,False,False,True,False,False,False,False,True,False,False,False,1,1,0.1302,0.8698,
45,1,2,0,,40,3,3,2,2259.0,954,0.695,,,0.842,0.422,False,True,False,False,False,False,True,False,False,False,False,0,0,0.9667,0.0333,
42,0,2,1,,36,3,3,3,4111.7134,438,0.60638577,,,0.5654234,0.1087236,False,False,False,False,True,False,False,False,False,True,True,1,1,0.0004,0.9996,
36,0,2,1,,27,3,3,4,4792.1606,0,0.5611725,,,0.51009583,0.0,False,True,False,False,True,False,True,False,False,True,False,1,1,0.0,1.0,
51,1,3,1,,37,1,2,1,34516.0,0,0.814,,,0.702,0.0,False,False,False,False,True,False,False,False,True,False,False,0,0,0.9903,0.0097,
36,0,4,3,,16,1,2,2,4370.0,1222,0.648,,,0.552,0.28,False,False,False,False,True,False,True,False,False,False,False,0,0,0.9974,0.0026,
44,0,4,2,,38,6,3,3,7881.0,2517,0.738,,,0.711,0.319,False,False,True,False,False,False,True,False,False,False,False,0,0,0.9969,0.0031,
52,0,2,2,,33,3,1,2,5142.895,908,0.69227076,,,0.54941005,0.17663114,False,True,False,False,False,False,False,True,False,True,False,1,1,0.0315,0.9685,
48,0,3,1,,29,3,4,2,7062.607,0,0.47746986,,,0.33228675,0.0,True,True,False,False,False,False,False,False,False,True,False,1,1,0.0003,0.9997,
43,1,3,2,,33,5,2,4,10533.0,1689,0.359,,,0.605,0.16,False,False,False,False,False,False,True,False,False,False,False,0,0,0.9989,0.0011,
46,1,3,3,,35,5,3,2,2570.0,1764,0.786,,,0.771,0.686,False,False,True,False,False,False,False,False,True,False,False,0,0,1.0,0.0,
47,0,2,1,,35,3,2,3,5519.265,1220,0.48487297,,,0.521326,0.22134255,False,False,True,True,False,False,True,False,False,True,False,1,1,0.0001,0.9999,
54,0,2,1,,46,3,4,4,1454.2837,0,0.6507954,,,0.5892879,0.0,True,True,False,False,False,False,True,False,False,True,False,1,1,0.0,1.0,
48,1,1,1,,36,4,2,3,26870.98,0,0.8030258,,,0.6638691,0.0,False,True,True,False,False,False,False,False,False,False,False,1,1,0.1139,0.8861,
44,1,2,1,,37,6,1,3,2617.0,2517,0.78,,,0.75,0.962,False,False,False,False,False,True,False,False,True,False,False,0,0,0.9996,0.0004,
46,0,4,2,,38,5,3,3,6076.0254,1836,0.7174776,,,0.74879795,0.30177563,False,True,False,False,True,False,True,False,False,False,False,1,1,0.0023,0.9977,
51,0,1,1,,47,3,2,5,2444.814,0,0.71909046,,,0.46028668,0.0,False,True,False,False,False,True,True,False,False,True,False,1,1,0.0,1.0,
45,0,3,1,,39,1,3,3,7952.1597,0,0.50158304,,,0.853,0.0,False,True,True,False,False,False,True,False,False,True,False,1,1,0.0051,0.9949,
41,0,4,2,,35,3,1,4,2138.0,1283,0.645,,,0.518,0.6,False,True,False,False,False,False,False,False,False,True,False,0,0,1.0,0.0,
58,1,1,1,,46,3,2,4,4188.0,1147,1.042,,,1.083,0.274,False,False,True,False,False,False,False,True,False,False,False,0,0,0.9999,0.0001,
43,0,2,1,,34,3,3,2,1738.9197,0,0.49456683,,,0.3994865,0.0,False,False,False,False,False,False,True,False,False,True,False,1,1,0.0,1.0,
42,0,1,1,,41,2,4,2,2402.085,419,0.72620136,,,0.42275965,0.17481315,False,False,False,False,True,True,False,False,False,True,True,1,1,0.0,1.0,
49,1,3,1,,40,4,1,3,3660.0,766,0.535,,,0.848,0.209,False,True,False,False,False,False,False,False,True,False,False,0,0,0.9993,0.0007,
37,1,3,2,,28,5,2,3,3490.0,1421,1.125,,,0.86,0.407,False,False,False,False,False,False,True,False,False,False,False,0,0,0.9999,0.0001,
53,0,3,1,,38,4,2,2,3768.157,2517,0.71121234,,,0.49685642,0.6685037,True,False,False,False,False,False,False,False,False,True,False,1,1,0.0001,0.9999,
50,0,2,1,,34,1,3,2,1701.3943,0,0.4480813,,,0.3351503,0.0,False,True,False,False,False,False,True,False,False,True,False,1,1,0.0,1.0,
37,1,3,3,,19,1,2,2,2273.0,0,0.828,,,0.646,0.0,False,False,True,False,False,False,False,False,True,False,False,0,0,0.6839,0.3161,
38,0,3,2,,33,5,3,2,2206.0,2018,0.648,,,0.667,0.915,False,False,False,False,True,False,False,False,False,True,False,0,0,0.9972,0.0028,
32,1,0,2,,16,2,3,2,21551.0,0,0.536,,,0.843,0.0,False,False,False,False,False,False,False,True,False,False,False,0,0,0.9971,0.0029,
47,1,3,1,,38,1,3,2,31987.0,0,0.814,,,0.537,0.0,False,False,False,False,True,False,False,False,True,False,False,0,1,0.3464,0.6536,
54,0,2,1,,35,2,3,3,34516.0,0,0.40936804,,,0.2202033,0.0,False,True,False,False,False,False,False,True,False,False,True,1,1,0.0235,0.9765,
51,1,3,2,,36,5,1,4,20741.0,2504,0.8,,,1.04,0.121,False,False,True,False,False,False,False,False,False,False,False,0,0,0.9998,0.0002,
37,0,3,1,,27,4,2,0,1438.3,687,0.778,,,1.147,0.478,False,False,False,False,False,False,False,False,False,True,False,0,0,1.0,0.0,
40,0,2,1,,34,4,1,2,2698.7126,0,0.85897076,,,0.3175542,0.0,False,False,False,False,True,True,True,False,False,True,False,1,1,0.0003,0.9997,
36,0,2,0,,25,5,2,4,8917.0,1091,1.152,,,0.86,0.122,False,False,False,True,False,False,False,False,False,True,False,0,0,0.9997,0.0003,
40,0,2,0,,31,1,2,2,3415.7864,1174,0.576256,,,0.6039685,0.34103426,False,False,False,False,True,True,True,False,True,False,False,1,1,0.0535,0.9465,
36,0,2,1,,29,4,3,3,1438.3,0,0.6865289,,,0.48962843,0.0,False,False,True,False,False,True,False,False,False,True,False,1,1,0.0002,0.9998,
44,0,3,1,,36,3,3,2,2225.7424,1628,0.68281853,,,0.45175242,0.7356159,False,True,False,False,False,False,False,False,False,True,False,1,1,0.0005,0.9995,
38,0,3,1,,28,2,2,4,1554.3457,858,0.7783798,,,0.66528445,0.55249363,False,False,True,False,False,True,False,False,False,True,False,1,1,0.0003,0.9997,
54,0,2,1,,45,6,1,1,2513.0,1126,0.324,,,0.25,0.448,False,False,True,False,False,False,False,False,False,True,False,0,0,0.9661,0.0339,
60,1,1,1,,50,6,2,2,23412.0,1078,0.79,,,0.786,0.046,False,True,False,False,False,False,False,False,True,False,False,0,0,0.9995,0.0005,
48,1,3,1,,41,5,2,2,5848.0,950,0.726,,,0.545,0.162,False,False,False,False,False,True,False,False,True,False,False,0,0,0.9547,0.0453,
51,0,3,2,,41,1,3,2,6060.9243,104,0.9940756,,,0.48745877,0.017147718,False,True,False,False,False,False,True,False,False,False,False,1,1,0.0008,0.9992,
52,1,1,0,,38,6,3,2,7290.6353,0,0.7339755,,,0.593,0.0,True,False,False,False,False,False,False,False,True,False,True,1,1,0.0115,0.9885,
39,0,2,1,,26,5,1,2,2575.0,1424,0.543,,,0.737,0.553,False,True,False,False,False,False,True,False,False,False,False,0,0,0.9989,0.0011,
56,1,2,2,,50,2,2,3,16867.0,0,0.885,,,0.4,0.0,False,False,False,False,False,False,False,False,False,False,False,1,1,0.0002,0.9998,
54,1,1,3,,43,4,2,3,2910.0,2030,0.769,,,0.4,0.698,False,True,False,False,False,False,False,True,False,False,False,0,0,0.9985,0.0015,
52,0,2,2,,36,3,3,3,2407.3389,1417,0.62720674,,,0.5676262,0.5890885,False,True,False,False,False,False,False,False,False,True,False,1,1,0.0261,0.9739,
43,0,1,2,,36,3,2,2,3342.0,2517,0.977,,,0.8,0.753,False,False,False,False,False,False,False,False,False,True,False,0,0,0.9849,0.0151,
50,1,3,2,,31,4,1,2,3234.0,1486,0.868,,,0.647,0.459,False,False,False,True,False,False,False,False,False,False,False,0,0,0.999,0.001,
32,0,1,1,,36,2,2,3,2884.9666,2505,0.73604876,,,0.39312142,0.8683069,False,True,False,False,False,True,False,False,False,True,False,1,1,0.0004,0.9996,
47,1,2,2,,40,5,2,4,3569.0,1030,1.09,,,0.923,0.289,False,False,False,False,True,False,False,True,False,False,False,0,0,0.9998,0.0002,
42,0,2,1,,25,4,1,4,16212.207,61,0.52440035,,,0.7591083,0.0038106549,True,False,False,False,False,False,False,True,False,True,False,1,1,0.0071,0.9929,
35,1,3,1,,27,1,2,3,14382.0,1950,0.578,,,0.819,0.136,False,False,True,False,False,False,True,False,False,False,False,0,0,0.9997,0.0003,
48,0,3,3,,36,2,1,1,1438.3,0,0.885,,,0.909,0.0,False,False,True,False,False,False,False,False,False,True,False,0,0,0.9997,0.0003,
51,0,3,1,,45,3,3,3,2238.0,1300,1.071,,,0.756,0.581,False,False,False,False,True,False,False,False,False,True,False,0,0,0.9999,0.0001,
31,0,1,1,,20,6,2,2,1438.3,0,0.706,,,0.531,0.0,False,False,False,False,True,False,False,False,False,True,False,1,0,0.6934,0.3066,
44,0,3,2,,28,6,2,2,1951.0,0,0.772,,,0.731,0.0,False,False,False,False,False,False,False,False,False,True,False,1,1,0.0052,0.9948,
51,0,3,2,,36,5,3,3,3747.0,2268,0.709,,,0.74,0.605,False,False,False,False,True,False,False,False,False,True,False,0,0,0.9999,0.0001,
50,1,1,1,,35,2,1,3,3968.0,2264,1.098,,,0.815,0.571,False,False,True,False,False,False,False,False,False,True,False,0,0,0.9997,0.0003,
41,0,4,0,,37,3,2,3,4650.0,204,0.685,,,0.8,0.044,False,False,True,False,False,False,True,False,False,False,False,1,1,0.1768,0.8232,
42,0,2,1,,26,2,2,3,2899.034,2517,0.7260033,,,0.44582772,0.8682415,False,False,False,False,True,False,False,False,True,True,False,1,1,0.0002,0.9998,
42,1,4,0,,35,3,2,2,18274.0,1623,0.681,,,0.8,0.089,False,True,False,False,False,False,False,False,True,False,False,0,0,1.0,0.0,
27,0,0,1,,17,4,2,2,2042.0,1567,0.744,,,0.733,0.767,False,True,False,False,False,False,False,False,False,True,False,0,0,1.0,0.0,
44,0,3,2,,36,4,2,3,10473.6455,0,0.4722907,,,0.4422946,0.0,False,True,False,False,False,False,True,False,False,False,True,1,1,0.0019,0.9981,
50,0,1,1,,33,1,3,3,7129.9316,0,0.46214533,,,0.50760645,0.0,True,True,False,False,False,False,False,False,False,True,False,1,1,0.0001,0.9999,
32,0,1,2,,36,3,3,6,2761.0,0,1.047,,,0.654,0.0,False,True,False,False,False,False,False,False,False,True,False,1,1,0.0037,0.9963,
50,0,4,1,,41,1,2,2,4268.0,1509,0.562,,,0.867,0.354,False,False,False,False,False,True,True,False,False,False,False,0,0,0.9998,0.0002,
49,1,3,1,,37,4,1,4,15610.0,2048,0.657,,,0.526,0.131,False,True,False,False,False,False,False,False,True,False,False,0,0,0.9985,0.0015,
46,1,3,0,,27,5,2,3,10931.0,2297,0.639,,,0.872,0.21,False,True,False,False,False,False,True,False,False,False,False,0,0,0.9978,0.0022,
49,0,3,1,,40,2,3,2,10058.77,625,0.95375246,,,0.82338667,0.063524105,False,False,True,False,False,False,False,False,True,True,False,1,1,0.0006,0.9994,
43,0,2,1,,36,2,2,3,4490.366,0,0.7790198,,,0.38187435,0.0,False,False,True,False,False,True,True,False,False,False,True,1,1,0.0,1.0,
42,1,2,1,,29,3,3,1,5420.719,0,0.7587342,,,0.4020665,0.0,False,True,False,False,False,True,False,False,True,False,False,1,1,0.0804,0.9196,
48,0,2,1,,37,4,2,3,7973.44,2437,0.4039586,,,0.35223043,0.30526462,False,True,False,False,True,False,True,False,True,False,False,1,1,0.0119,0.9881,
56,0,1,2,,48,3,4,2,13177.196,0,1.0015664,,,0.42961946,0.0,False,False,False,False,True,False,False,True,False,False,True,1,1,0.0006,0.9994,
50,1,2,1,,39,1,2,4,17285.932,0,0.71952236,,,0.48169148,0.0,True,False,False,False,False,False,False,False,True,False,False,1,1,0.0052,0.9948,
48,1,4,1,,34,1,1,1,34516.0,738,0.719,,,0.635,0.021,False,True,False,False,False,False,False,False,True,False,False,0,0,0.9999,0.0001,
45,0,2,0,,37,5,2,2,3513.4722,0,0.9802947,,,0.6292621,0.0,False,False,True,False,False,False,True,False,True,False,False,1,1,0.0869,0.9131,
47,0,3,1,,40,2,2,2,5035.969,0,0.6378863,,,0.3498269,0.0,False,False,True,False,False,True,False,True,False,True,False,1,1,0.0,1.0,
34,0,2,2,,22,2,1,3,5801.0,2517,0.768587,,,0.52841014,0.43432024,False,False,True,False,True,False,True,False,False,False,True,1,1,0.0096,0.9904,
47,0,3,1,,36,3,2,3,3834.7922,188,0.47801718,,,0.37200922,0.04918098,False,True,False,False,True,False,False,False,False,True,True,1,1,0.0006,0.9994,
53,0,0,1,,41,3,3,4,1438.3,0,0.387,,,0.448,0.0,False,False,True,False,False,False,False,False,False,True,False,1,1,0.0138,0.9862,
48,0,2,1,,38,2,2,3,29832.072,1975,0.93140304,,,0.93336713,0.06595636,False,False,False,False,False,True,False,False,True,False,True,1,1,0.0029,0.9971,
40,1,3,3,,28,6,2,2,4323.0,0,0.817,,,0.727,0.0,False,True,False,False,False,False,True,False,False,False,False,1,1,0.1479,0.8521,
49,0,4,1,,42,2,4,3,2575.0,2517,0.31,,,0.739,0.977,False,True,False,False,False,False,False,False,False,True,False,1,1,0.004,0.996,
42,1,2,2,,35,2,1,3,3214.0,1471,0.933,,,0.652,0.458,False,False,False,False,False,True,False,False,False,False,False,0,0,0.9998,0.0002,
58,0,1,1,,43,2,3,4,1438.3,0,0.5354829,,,0.39451513,0.0,False,True,False,False,True,False,False,False,True,True,False,1,1,0.0002,0.9998,
47,0,1,3,,41,6,3,2,3654.0,0,0.63,,,0.467,0.0,False,False,True,False,False,False,False,False,False,True,False,1,1,0.0401,0.9599,
53,1,4,1,,46,4,2,3,15242.0,1170,0.496,,,0.5,0.077,False,False,True,False,False,False,False,False,True,False,False,0,0,0.926,0.074,
40,0,3,1,,37,1,3,2,5278.732,1719,0.37745637,,,0.63702124,0.32537735,False,False,True,False,False,False,False,False,False,False,True,1,1,0.0052,0.9948,
44,1,4,0,,34,3,3,5,6544.222,76,0.56112397,,,0.564046,0.01152897,True,True,False,False,False,False,False,True,True,False,False,1,1,0.0002,0.9998,
51,0,4,1,,41,3,3,4,2791.0,940,0.813,,,0.441,0.337,False,False,True,False,False,False,False,False,False,True,False,1,1,0.0139,0.9861,
41,0,5,1,,33,3,1,2,6519.0,851,0.679,,,0.711,0.131,False,False,False,True,False,False,False,False,False,True,False,0,0,0.9995,0.0005,
51,1,1,1,,37,2,3,1,34516.0,2417,0.947,,,0.625,0.07,False,True,False,False,False,False,False,False,False,False,False,0,0,0.9976,0.0024,
48,0,3,1,,38,6,2,4,2914.924,1483,0.5810136,,,0.50476927,0.5094731,False,False,True,False,True,False,False,False,False,True,True,1,1,0.0052,0.9948,
34,0,4,2,,28,2,3,1,4022.0,1680,0.579,,,0.826,0.418,False,True,False,False,False,False,True,False,False,False,False,0,0,1.0,0.0,
41,1,3,1,,22,3,3,4,20543.0,0,0.547,,,0.615,0.0,False,False,False,False,False,True,False,False,True,False,False,1,1,0.0091,0.9909,
40,0,2,1,,29,3,2,2,6375.712,223,0.83146966,,,0.525295,0.03513201,False,False,True,False,True,False,False,True,False,False,True,1,1,0.0002,0.9998,
38,0,2,1,,32,5,3,3,4429.0,0,1.065,,,0.818,0.0,False,True,False,False,False,False,False,False,False,True,False,0,0,0.9934,0.0066,
39,0,3,2,,32,2,2,2,1798.3715,0,0.5467896,,,0.733369,0.0,True,False,True,False,False,False,False,False,False,True,False,1,1,0.0,1.0,
40,0,4,1,,36,4,1,3,2316.0,1510,0.554,,,0.75,0.652,False,False,False,True,False,False,False,False,False,True,False,0,0,0.9999,0.0001,
56,0,1,1,,49,5,1,0,5097.0,1152,0.94,,,0.607,0.226,False,True,False,False,False,False,False,False,False,True,False,0,0,0.9985,0.0015,
35,1,2,1,,26,3,3,4,2944.0,1596,0.737,,,0.467,0.542,False,False,False,False,True,False,False,False,False,False,False,0,0,0.9672,0.0328,
57,1,2,1,,52,5,3,3,6584.0,1817,0.62,,,0.667,0.276,False,False,False,False,False,False,False,True,False,False,False,0,0,0.9999,0.0001,
53,1,1,1,,47,3,3,1,2540.0,1859,0.768,,,0.702,0.732,False,True,False,False,False,False,False,False,True,False,False,0,0,1.0,0.0,
38,0,3,2,,22,4,3,3,1938.0,1175,0.85,,,0.875,0.606,False,True,False,False,False,False,False,False,False,True,False,0,0,0.9999,0.0001,
45,1,3,1,,35,6,2,3,32446.0,1974,0.621,,,0.696,0.061,False,False,True,False,False,False,False,False,False,False,False,0,0,0.9741,0.0259,
52,1,2,2,,40,6,1,3,8695.0,1407,0.634,,,0.706,0.162,False,False,False,True,False,False,False,False,True,False,False,0,0,0.9996,0.0004,
44,0,3,1,,35,3,3,3,3725.7114,1176,0.6299342,,,0.45101896,0.31510338,True,False,False,False,False,False,True,False,False,True,False,1,1,0.0009,0.9991,
43,1,1,1,,30,1,1,3,34516.0,2045,0.59,,,0.421,0.059,False,False,True,False,False,False,False,False,True,False,False,0,1,0.4674,0.5326,
46,1,3,1,,34,2,2,3,9334.439,0,0.7109689,,,0.4557398,0.0,False,False,True,False,False,True,False,True,True,False,False,1,1,0.0025,0.9975,
37,0,4,1,,27,3,2,6,3520.969,1717,0.93492293,,,0.4321894,0.4952792,False,False,False,False,True,True,True,True,False,False,False,1,1,0.0166,0.9834,
47,0,1,2,,30,3,2,4,2080.5037,0,0.71198493,,,0.6243083,0.0,False,False,False,False,True,True,False,False,False,True,True,1,1,0.0003,0.9997,
44,0,4,2,,36,1,3,3,3024.0,0,0.75,,,0.733,0.0,False,False,True,False,False,False,False,False,False,True,False,0,0,0.9993,0.0007,
49,0,3,2,,39,5,3,2,3791.3376,2517,0.57681674,,,0.73941797,0.66382635,False,True,False,False,False,False,False,False,False,True,False,1,1,0.0069,0.9931,
47,0,3,2,,39,4,3,2,4725.772,0,0.65906876,,,0.7563353,0.0,False,False,False,False,False,True,True,False,False,True,False,1,1,0.0001,0.9999,
52,0,2,1,,43,2,2,2,3608.4055,0,0.7884425,,,0.4507834,0.0,False,False,True,False,False,False,False,False,True,True,False,1,1,0.0,1.0,
43,0,3,1,,30,1,3,4,4579.0,1506,0.443,,,0.375,0.329,False,False,False,False,True,False,False,False,False,True,False,1,1,0.0083,0.9917,
38,1,2,0,,33,6,3,2,11777.0,1781,0.565,,,0.879,0.151,False,False,False,False,False,True,False,False,True,False,False,0,0,0.9966,0.0034,
44,1,2,1,,33,3,2,3,4808.2515,394,0.44235286,,,0.42037326,0.08163786,False,True,True,False,False,False,False,True,False,False,False,1,1,0.0013,0.9987,
51,0,2,2,,45,3,6,1,3250.0,0,0.601,,,0.75,0.0,False,False,False,False,False,True,False,False,False,True,False,0,0,0.9996,0.0004,
31,1,1,1,,20,6,2,5,2469.0,1695,0.842,,,0.333,0.687,False,True,False,False,False,False,True,False,False,False,False,0,0,0.9995,0.0005,
28,0,0,2,,36,4,3,4,14910.0,873,0.737,,,0.674,0.059,False,False,False,False,False,True,False,False,False,True,False,0,0,0.9999,0.0001,
52,0,1,2,,36,4,3,2,1649.8513,0,0.976673,,,0.35310638,0.0,False,True,True,False,False,False,True,False,False,True,False,1,1,0.0,1.0,
34,1,2,2,,21,1,2,3,3824.0215,1398,0.5367675,,,0.70521235,0.36619368,False,False,False,False,True,True,False,True,True,False,False,1,1,0.1014,0.8986,
44,1,4,2,,38,5,3,4,3936.0,2024,0.988,,,0.692,0.514,False,False,False,False,False,True,False,False,True,False,False,0,0,0.9651,0.0349,
50,1,1,1,,45,3,2,2,16813.0,1185,0.552,,,0.643,0.07,False,True,False,False,False,False,False,False,True,False,False,0,0,0.9744,0.0256,
40,1,3,0,,25,4,3,4,11721.0,1175,0.779,,,0.825,0.1,False,False,False,False,True,False,False,False,True,False,False,0,0,0.9999,0.0001,
44,1,1,0,,38,2,2,2,34516.0,2385,0.5047795,,,0.39608127,0.068791516,False,False,True,False,False,False,False,False,True,False,False,1,1,0.0002,0.9998,
46,0,3,1,,40,5,1,3,3595.0,1087,0.528,,,0.919,0.302,False,True,False,False,False,False,False,False,False,False,True,0,0,0.9999,0.0001,
50,1,2,2,,40,3,2,3,4003.0,1851,0.703,,,0.857,0.462,False,True,False,False,False,False,True,False,False,False,False,0,0,0.9999,0.0001,
53,0,3,1,,36,4,2,4,11098.0,821,0.896,,,0.586,0.074,False,False,True,False,False,False,False,False,False,False,True,0,1,0.2377,0.7623,
55,0,0,1,,45,3,2,3,13095.574,2387,0.9322915,,,0.8557658,0.18221267,False,True,False,False,False,False,True,False,True,False,False,1,1,0.006,0.994,
44,0,4,1,,31,3,1,3,3606.4136,0,0.7854313,,,0.42975786,0.0,False,False,True,False,True,False,False,False,False,False,True,1,1,0.0296,0.9704,
42,0,5,1,,18,6,1,1,1694.0,1074,0.78,,,0.75,0.634,False,True,False,False,False,False,False,False,False,True,False,0,0,0.9999,0.0001,
52,1,1,2,,41,4,1,4,4103.0,1972,0.665,,,0.788,0.481,False,False,True,False,False,False,False,False,True,False,False,0,0,0.9998,0.0002,
45,0,3,1,,35,5,2,1,1463.5195,1242,0.76976275,,,0.43282568,0.84864163,False,False,True,False,False,False,True,False,False,True,False,1,1,0.0001,0.9999,
57,0,0,2,,45,4,3,2,1973.5001,0,0.8678182,,,0.3737271,0.0,False,False,True,False,False,True,False,False,False,True,True,1,1,0.0,1.0,
47,1,3,2,,36,1,1,2,30498.0,1990,0.839,,,0.791,0.065,False,True,False,False,False,False,False,True,False,False,False,0,0,1.0,0.0,
47,0,3,2,,39,6,2,1,2915.0,2422,0.576,,,0.766,0.831,False,False,False,False,False,True,False,False,False,True,False,0,0,0.9999,0.0001,
47,0,3,1,,34,2,1,2,6028.0,799,0.819,,,0.571,0.133,False,False,True,False,False,False,False,False,False,True,False,0,1,0.0047,0.9953,
46,0,0,1,,38,3,2,4,15841.229,95,0.5028242,,,0.49826705,0.0059261904,True,False,True,False,False,False,False,True,False,True,False,1,1,0.0,1.0,
38,0,2,1,,30,2,3,3,4989.627,2517,0.93812716,,,0.6061272,0.50748897,False,True,False,False,False,False,False,False,False,True,True,1,1,0.0006,0.9994,
49,0,5,1,,43,4,2,3,8154.0,0,0.964,,,0.946,0.0,False,True,False,False,False,False,False,False,False,True,False,0,0,0.9929,0.0071,
44,1,3,3,,39,5,4,3,2991.0,642,0.76,,,0.55,0.215,False,True,False,False,False,False,False,True,False,False,False,0,0,0.9913,0.0087,
51,0,2,1,,36,1,1,2,6076.469,212,0.8670771,,,0.48078534,0.034394532,False,True,False,False,False,True,False,True,False,False,True,1,1,0.0127,0.9873,
56,1,3,1,,39,3,1,2,3955.0,2517,0.484,,,1.083,0.636,False,False,False,True,False,False,False,True,False,False,False,0,0,0.9944,0.0056,
61,1,0,2,,42,4,3,2,15939.0,0,0.791,,,0.943,0.0,False,False,False,True,False,False,True,False,False,False,False,0,0,0.9946,0.0054,
56,0,1,1,,44,5,1,4,4088.0,1557,1.248,,,0.857,0.381,False,False,False,False,False,False,True,False,False,False,False,0,0,0.9979,0.0021,
57,1,3,3,,50,6,3,4,16791.0,1181,0.55,,,0.682,0.07,False,False,False,False,False,False,False,True,False,False,False,0,0,1.0,0.0,
45,0,2,0,,36,6,4,3,17156.0,2517,0.717,,,0.32,0.147,False,False,True,False,False,False,False,False,False,False,True,1,1,0.1972,0.8028,
62,0,0,1,,52,6,3,2,9050.0,1538,0.77,,,0.654,0.17,False,True,False,False,False,False,False,False,False,False,True,0,0,0.9993,0.0007,
50,0,1,3,,36,4,2,2,11888.0,2090,0.7,,,0.765,0.176,False,False,False,False,True,False,False,False,False,True,False,0,0,0.9873,0.0127,
47,0,2,1,,33,2,3,3,34516.0,297,1.0077313,,,0.7831896,0.008397295,False,True,False,False,False,True,False,False,False,False,True,1,1,0.0004,0.9996,
34,0,2,2,,21,6,1,3,5015.0,1671,0.689,,,0.878,0.333,False,False,True,False,False,False,False,False,False,True,False,0,0,0.9999,0.0001,
46,0,2,2,,41,2,3,3,2665.0,2157,0.637,,,1.235,0.809,False,False,False,False,False,True,False,False,False,True,False,0,0,0.9998,0.0002,
56,0,0,1,,38,1,1,2,2143.0,1194,0.49,,,0.907,0.557,False,False,False,False,False,False,False,False,False,True,False,0,0,1.0,0.0,
43,0,3,1,,31,3,3,4,2148.838,0,0.40209442,,,0.31016284,0.0,False,True,False,False,True,False,False,True,False,True,False,1,1,0.0002,0.9998,
37,1,1,1,,32,6,2,2,17393.0,1409,0.608,,,0.652,0.081,False,False,True,False,False,False,False,False,False,False,False,0,0,0.9978,0.0022,
35,0,1,2,,30,4,2,2,1802.8971,766,0.7283292,,,0.4202449,0.42563176,False,True,True,False,False,False,True,True,False,False,False,1,1,0.0011,0.9989,
36,1,3,1,,27,2,1,2,13866.187,0,0.24119908,,,0.28234345,0.0,False,False,False,True,False,False,False,True,False,False,False,1,1,0.0008,0.9992,
37,1,2,2,,36,3,2,2,12944.0,1399,0.507,,,0.68,0.108,False,False,False,False,False,False,False,False,True,False,False,0,0,0.9999,0.0001,
48,1,2,1,,36,6,3,2,4207.0,1921,0.766,,,0.562,0.457,False,False,True,False,False,False,True,False,False,False,False,0,0,0.9999,0.0001,
32,1,1,2,,16,3,3,1,17894.0,2517,0.731,,,0.586,0.141,False,False,False,False,False,True,True,False,False,False,False,0,0,0.9983,0.0017,
56,1,2,1,,50,4,2,3,4458.0,1880,1.107,,,1.417,0.422,False,False,False,False,True,False,True,False,False,False,False,0,0,0.9999,0.0001,
51,0,2,1,,42,3,2,3,15987.0,193,0.435,,,0.394,0.012,True,False,False,False,False,False,False,False,False,True,False,1,1,0.0001,0.9999,
41,0,3,1,,32,2,3,4,11371.446,0,0.51258904,,,0.38579717,0.0,False,False,False,False,True,True,True,False,False,False,True,1,1,0.0009,0.9991,
52,0,0,2,,42,4,2,3,3043.7437,2517,0.6624221,,,0.59339195,0.8273819,False,True,False,False,False,False,False,False,False,True,False,1,1,0.0012,0.9988,
42,0,2,1,,39,2,3,1,1641.4124,0,0.79371595,,,0.36149922,0.0,False,True,True,False,False,False,False,False,False,True,False,1,1,0.0,1.0,
45,1,3,1,,36,2,3,4,8818.121,1892,0.5168228,,,0.40111324,0.21385959,False,True,False,False,True,False,True,False,False,True,False,1,1,0.0001,0.9999,
39,0,3,1,,36,3,2,3,1575.0,592,0.236,,,0.154,0.376,False,True,False,False,False,False,False,False,False,False,True,1,1,0.0002,0.9998,
57,0,1,1,,36,6,2,2,3101.0,1257,0.416,,,0.524,0.405,False,False,True,False,False,False,False,False,False,True,False,0,0,0.986,0.014,
39,0,3,1,,35,3,2,3,12369.72,0,0.9056435,,,0.4810868,0.0,False,False,True,False,False,True,False,False,True,False,True,1,1,0.0001,0.9999,
43,1,3,1,,31,2,3,3,23827.51,527,0.9927753,,,0.50911236,0.022223417,False,False,False,True,False,False,True,True,False,False,False,1,1,0.0021,0.9979,
51,0,1,1,,37,1,3,3,13081.933,1442,0.56111044,,,0.25087485,0.110355765,True,False,False,False,False,False,False,False,True,False,True,1,1,0.0001,0.9999,
50,0,2,2,,35,4,3,1,2784.0,2458,0.798,,,0.8,0.883,False,False,False,False,True,False,True,False,False,False,False,0,0,0.9999,0.0001,
42,0,4,1,,31,2,1,3,3657.4292,43,0.75527674,,,0.503827,0.010637824,False,False,True,False,False,False,False,False,True,False,True,1,1,0.0015,0.9985,
52,0,3,1,,43,4,3,2,4798.0,0,0.583,,,0.636,0.0,False,False,True,False,False,False,False,False,False,False,True,0,0,0.9999,0.0001,
42,0,1,2,,36,3,3,3,3253.9353,0,0.46337917,,,0.3238402,0.0,False,False,True,False,True,False,False,False,False,True,False,1,1,0.0,1.0,
44,0,2,1,,35,3,3,2,1853.742,0,0.98464525,,,0.92135507,0.0,False,False,True,False,False,True,True,False,False,True,False,1,1,0.001,0.999,
47,1,4,2,,36,3,2,2,18891.793,0,0.6250789,,,0.50461125,0.0,False,False,False,False,True,False,False,False,False,False,True,1,1,0.0091,0.9909,
39,0,2,0,,32,1,2,2,3554.0,747,0.621,,,0.765,0.21,True,False,False,False,False,False,False,False,False,True,False,0,0,0.9999,0.0001,
58,0,0,1,,45,1,3,3,4131.2915,0,0.77568376,,,0.7355084,0.0,False,False,True,False,False,False,True,False,False,True,False,1,1,0.0008,0.9992,
51,1,3,1,,46,1,3,4,34516.0,157,0.26799995,,,0.09250491,0.0044142017,False,False,True,False,False,False,False,False,True,False,False,1,1,0.0025,0.9975,
48,1,0,1,,41,2,3,4,7277.0,504,0.582,,,0.29,0.069,True,False,False,False,False,False,False,True,False,False,False,1,1,0.0002,0.9998,
32,0,1,2,,28,6,3,3,2428.0,1027,0.824,,,0.867,0.423,False,True,False,False,False,False,False,False,False,True,False,0,0,0.9999,0.0001,
53,0,2,2,,40,4,3,2,2422.4392,253,0.80661714,,,0.6004909,0.10501801,False,False,True,False,False,False,False,False,False,True,False,1,1,0.0109,0.9891,
39,1,1,1,,31,4,1,1,2536.0,913,1.059,,,1.333,0.36,False,True,False,False,False,False,False,True,False,False,False,0,0,0.9999,0.0001,
65,1,0,2,,56,3,2,2,28410.0,1608,0.913,,,1.139,0.057,True,False,False,False,False,False,False,False,False,False,True,0,0,0.9978,0.0022,
45,1,3,2,,33,2,2,4,7248.8755,2454,0.5848851,,,0.54556274,0.33919692,False,False,True,False,True,False,False,False,True,False,False,1,1,0.0002,0.9998,
43,0,4,0,,33,6,3,1,1706.0,0,0.601,,,0.5,0.0,False,False,False,False,True,False,False,False,False,True,False,1,1,0.0041,0.9959,
59,0,0,1,,48,5,2,3,7024.6035,0,0.87136906,,,0.39511463,0.0,True,False,False,False,False,True,False,False,False,False,True,1,1,0.001,0.999,
50,0,4,2,,44,2,3,2,3201.0,2517,0.445,,,0.355,0.786,False,True,False,False,False,False,False,False,False,True,False,1,1,0.0045,0.9955,
39,1,1,1,,36,3,3,3,4247.0,0,0.405,,,0.133,0.0,False,False,False,False,True,False,False,False,False,True,False,1,1,0.0004,0.9996,
45,0,3,2,,33,6,2,3,2016.0,972,0.685,,,0.745,0.482,False,True,False,False,False,False,False,False,False,True,False,0,0,1.0,0.0,
50,1,2,2,,35,2,3,2,34516.0,2199,0.5685703,,,0.7776964,0.06399255,False,True,False,True,False,False,False,True,True,False,False,1,1,0.0067,0.9933,
56,1,4,1,,46,3,3,3,2340.0,1930,0.987,,,0.364,0.825,False,False,True,False,False,False,False,True,False,False,False,1,1,0.1801,0.8199,
46,1,2,2,,35,1,1,0,8396.0,604,0.827,,,0.656,0.072,False,False,False,False,True,False,False,True,False,False,False,0,0,0.9993,0.0007,
45,0,3,1,,35,1,2,2,1438.3,834,0.635,,,0.842,0.58,False,True,False,False,False,False,False,False,False,True,False,0,0,0.9993,0.0007,
42,0,2,1,,32,5,5,3,4708.0,0,0.718,,,0.679,0.0,False,False,False,False,True,False,False,False,False,False,True,0,0,0.9998,0.0002,
34,1,1,1,,29,3,2,3,3890.0,2286,0.633,,,0.457,0.588,False,False,False,False,False,True,False,True,False,False,False,0,0,0.8233,0.1767,
36,0,3,1,,36,6,1,2,3880.0,1542,1.015,,,0.5,0.397,False,False,True,False,False,False,False,False,False,True,False,0,0,0.9987,0.0013,
41,1,3,2,,36,4,3,2,34516.0,571,1.0103047,,,0.98973095,0.016696982,False,False,False,False,True,False,False,False,True,False,False,1,1,0.0003,0.9997,
45,1,4,1,,36,5,2,3,34516.0,880,0.687,,,0.455,0.025,False,True,False,False,False,False,False,False,False,False,False,0,0,0.9912,0.0088,
51,0,2,1,,43,6,2,3,2124.0,1426,0.966,,,0.733,0.671,False,False,False,False,True,False,False,False,False,True,False,0,0,0.9888,0.0112,
46,1,2,0,,41,2,2,3,7064.0,1234,0.955,,,0.585,0.175,False,True,False,False,False,False,False,True,False,False,False,0,0,0.9991,0.0009,
46,0,1,1,,36,2,2,3,1491.069,828,0.56570697,,,0.41002944,0.5626497,True,True,False,False,False,False,False,False,False,True,True,1,1,0.0001,0.9999,
52,0,1,2,,45,5,2,2,1701.3414,0,0.9125608,,,0.7154878,0.0,False,True,False,False,True,False,False,True,False,True,False,1,1,0.0004,0.9996,
36,0,2,2,,35,4,2,4,3136.8486,2517,0.63492197,,,0.5311501,0.8026867,False,True,False,False,False,False,False,False,False,True,False,1,1,0.0019,0.9981,
37,1,4,1,,30,5,3,2,2578.0,2517,0.896,,,0.524,0.976,False,True,False,False,False,False,False,True,False,False,False,0,0,0.9987,0.0013,
38,1,3,1,,36,5,2,3,3421.0,2308,2.037,,,1.053,0.675,False,False,False,False,True,False,False,True,False,False,False,0,0,0.9979,0.0021,
35,0,1,1,,30,3,2,1,2593.0,1660,0.562,,,1.062,0.64,False,False,False,False,True,False,False,False,False,True,False,0,0,0.987,0.013,
50,1,2,1,,38,3,3,2,34381.95,2076,0.70673263,,,0.80324674,0.059941214,False,False,True,False,False,False,False,False,True,False,False,1,1,0.1349,0.8651,
55,0,1,1,,36,3,1,0,2677.0,1555,0.639,,,0.688,0.581,False,False,False,False,False,True,False,False,False,True,False,0,0,1.0,0.0,
47,1,5,1,,38,4,1,2,7357.0,1069,0.77,,,0.641,0.145,False,False,True,False,False,False,False,True,False,False,False,0,0,1.0,0.0,
43,0,5,1,,35,3,6,4,5438.0,2214,0.668,,,0.562,0.407,False,True,False,False,False,False,False,False,False,True,False,0,0,0.9994,0.0006,
51,1,3,1,,36,6,1,4,7925.0,1445,0.75,,,0.806,0.182,False,False,False,True,False,False,True,False,False,False,False,0,0,0.9998,0.0002,
43,0,4,2,,34,3,3,3,15947.62,0,0.8919742,,,0.7644313,0.0,False,False,True,False,True,False,False,False,False,True,True,1,1,0.0002,0.9998,
39,1,2,1,,19,2,1,2,34516.0,796,0.841,,,0.667,0.023,False,False,False,False,True,False,False,False,False,False,False,1,1,0.2787,0.7213,
43,1,2,0,,33,4,3,2,3083.0,1898,1.042,,,2.0,0.616,False,False,True,False,False,False,False,False,True,False,False,0,0,0.9994,0.0006,
42,0,3,2,,35,2,3,3,6330.0,1573,0.899,,,0.733,0.248,False,False,False,False,False,False,True,False,False,False,False,0,1,0.1105,0.8895,
39,1,2,1,,34,4,2,4,3702.0,1118,1.04,,,0.778,0.302,False,False,False,False,True,False,False,False,False,True,False,0,0,0.9988,0.0012,
63,0,1,2,,56,5,3,2,3071.0,2044,0.91,,,0.659,0.666,False,False,False,False,False,False,True,False,False,False,False,0,0,1.0,0.0,
43,1,4,2,,33,4,1,1,6548.0,1244,0.667,,,0.927,0.19,False,True,False,False,False,False,False,False,True,False,False,0,0,1.0,0.0,
43,1,2,1,,33,2,4,3,33035.17,1455,0.70433986,,,0.25205395,0.043725997,False,False,True,False,True,False,False,True,True,False,False,1,1,0.0006,0.9994,
49,0,2,1,,41,5,1,3,2189.0,1860,0.834,,,0.653,0.85,False,False,False,False,True,False,False,False,False,True,False,0,0,1.0,0.0,
45,0,5,3,,37,2,2,2,5465.0,1967,0.644,,,0.667,0.36,False,False,False,False,False,True,False,False,False,True,False,0,0,1.0,0.0,
34,0,0,1,,13,4,1,4,7942.0,2087,0.754,,,0.61,0.263,False,True,False,False,False,False,False,False,False,False,True,0,0,0.9993,0.0007,
53,0,1,2,,41,3,3,2,15845.0,1675,0.514,,,0.447,0.106,False,False,False,False,True,False,True,False,False,False,False,0,0,0.9976,0.0024,
47,1,2,0,,41,3,2,3,4586.0,0,0.812,,,0.433,0.0,False,True,False,False,False,False,False,False,True,False,False,1,1,0.0003,0.9997,
39,0,0,2,,23,5,3,2,3279.0,0,0.765,,,0.923,0.0,False,False,True,False,False,False,False,False,False,True,False,0,0,0.9956,0.0044,
42,0,5,1,,38,5,1,2,2346.0,1373,0.73,,,0.756,0.585,False,True,False,False,False,False,False,False,False,True,False,0,0,1.0,0.0,
37,0,2,1,,35,2,2,2,1716.1642,0,0.35794792,,,0.50692254,0.0,False,False,False,False,False,False,False,False,False,True,False,1,1,0.0,1.0,
50,0,3,1,,41,2,3,2,4106.658,0,0.91988057,,,0.8904104,0.0,False,True,True,False,False,False,False,True,False,True,False,1,1,0.0,1.0,
52,0,4,2,,33,5,2,4,4602.889,2517,1.0448736,,,0.8580916,0.54733175,False,False,False,False,False,True,False,False,True,True,False,1,1,0.0013,0.9987,
49,0,4,0,,30,1,3,3,2485.0,1648,0.595,,,0.919,0.663,False,True,False,False,False,False,True,False,False,False,False,0,0,0.9999,0.0001,
59,1,0,2,,52,1,2,2,14458.0,2017,0.99,,,0.895,0.14,False,False,False,False,True,False,True,False,False,False,False,1,1,0.0032,0.9968,
45,0,1,1,,33,6,3,2,1438.3,1201,0.749,,,0.72,0.835,False,False,False,False,False,True,False,False,False,True,False,0,0,0.9999,0.0001,
53,1,2,0,,36,5,3,2,7753.0,2100,0.839,,,0.733,0.271,False,False,True,False,False,False,False,True,False,False,False,0,0,0.9367,0.0633,
58,0,3,1,,46,2,2,2,2534.2341,19,0.90782547,,,0.5147448,0.0079077715,False,True,False,False,False,True,False,False,False,True,False,1,1,0.0,1.0,
50,0,2,2,,40,2,3,4,1518.9803,819,0.71740407,,,0.81875366,0.53954184,False,False,False,False,True,True,False,False,False,True,True,1,1,0.0004,0.9996,
37,0,3,1,,28,4,2,1,1788.0,0,1.001,,,0.931,0.0,False,False,False,False,False,False,False,False,False,True,False,0,0,0.985,0.015,
56,0,2,2,,38,5,1,4,3609.0,1026,0.67,,,0.588,0.284,True,False,False,False,False,False,True,False,False,False,False,0,0,0.9999,0.0001,
31,0,0,2,,23,1,2,4,13559.177,0,0.85589015,,,0.5943809,0.0,False,False,True,False,True,False,False,False,False,True,True,1,1,0.0018,0.9982,
35,1,3,1,,24,5,2,3,12635.033,0,0.3310358,,,0.27233917,0.0,False,True,False,False,False,False,False,False,True,False,False,1,1,0.0031,0.9969,
37,1,1,2,,24,6,3,4,11309.0,0,0.474,,,0.479,0.0,False,True,False,False,False,False,False,False,True,False,False,0,0,0.9926,0.0074,
50,0,2,2,,41,5,1,3,3077.7795,0,1.040939,,,0.6075585,0.0,False,False,True,False,False,True,False,False,False,True,False,1,1,0.0196,0.9804,
45,0,2,2,,39,2,3,2,2344.376,0,0.4134741,,,0.41109085,0.0,False,True,False,True,False,False,True,False,False,True,False,1,1,0.0,1.0,
44,1,3,2,,31,4,3,4,12871.0,758,0.778,,,1.069,0.059,False,True,False,False,False,False,False,True,False,False,False,0,0,0.9989,0.0011,
33,0,1,2,,22,2,1,2,1715.9083,0,0.654565,,,0.46389076,0.0,False,False,False,False,False,True,False,False,False,True,False,1,1,0.0007,0.9993,
49,1,3,2,,37,5,2,3,4354.0,0,0.738,,,0.686,0.0,True,False,False,False,False,False,True,False,False,False,False,1,0,0.5519,0.4481,
48,0,3,0,,36,5,1,4,3968.0,935,0.649,,,0.674,0.236,False,False,False,False,False,True,False,False,False,True,False,0,0,1.0,0.0,
37,0,2,1,,34,4,1,3,2716.244,0,0.9300997,,,0.42420742,0.0,False,True,False,False,True,False,False,False,False,True,False,1,1,0.0025,0.9975,
49,0,2,1,,36,4,3,2,5099.0,1178,0.912,,,0.864,0.231,False,False,False,False,True,False,False,False,False,False,True,0,0,0.9999,0.0001,
39,0,3,1,,26,2,2,3,4373.5356,854,0.83920264,,,0.7322931,0.19493403,False,True,False,False,False,False,False,False,False,False,True,1,1,0.0109,0.9891,
52,0,3,1,,43,4,3,3,2147.0,1173,0.653,,,0.37,0.546,False,False,False,False,True,False,False,False,False,True,False,0,0,0.9976,0.0024,
43,0,3,3,,24,6,1,4,5544.0,1095,0.572,,,0.964,0.198,False,False,False,False,False,True,False,False,False,True,False,0,0,0.9997,0.0003,
39,0,3,2,,30,5,3,4,5202.0,815,1.108,,,0.778,0.157,False,True,False,False,False,False,False,False,False,True,False,0,0,0.9999,0.0001,
48,1,1,1,,29,4,2,2,12017.414,0,0.5526825,,,0.7142371,0.0,False,False,True,False,False,True,False,False,True,False,False,1,1,0.0028,0.9972,
53,0,0,1,,41,4,2,3,3631.7427,2517,0.837696,,,0.731,0.69331837,True,False,True,False,False,False,False,False,False,True,True,1,1,0.001,0.999,
45,1,3,2,,36,2,2,1,11121.0,1296,0.789,,,1.025,0.117,False,False,False,False,True,False,False,True,False,False,False,0,0,0.6605,0.3395,
51,0,3,1,,43,3,3,3,11569.148,184,0.8443807,,,0.4059733,0.01616959,False,False,True,False,True,False,False,False,True,False,True,1,1,0.0,1.0,
54,1,1,2,,34,5,2,0,13940.0,2109,0.66,,,0.754,0.151,False,False,True,False,False,False,False,True,False,False,False,0,0,0.9997,0.0003,
47,0,1,0,,38,3,2,3,1856.5812,0,0.6525606,,,0.51762784,0.0,False,True,True,False,False,False,True,False,False,True,False,1,1,0.0,1.0,
59,1,2,2,,48,1,3,3,17999.0,1861,0.791,,,0.95,0.103,False,True,False,False,False,False,False,False,False,False,False,0,0,0.9992,0.0008,
40,1,2,2,,28,1,2,3,10880.0,2025,0.753,,,0.765,0.186,False,False,False,False,False,False,False,True,False,False,False,0,0,1.0,0.0,
52,1,2,2,,47,6,1,3,15904.0,1024,0.369,,,0.5,0.064,False,False,False,False,False,True,False,False,True,False,False,0,0,0.9861,0.0139,
51,1,1,2,,45,3,3,4,2458.0,0,0.819,,,0.929,0.0,False,False,True,False,False,False,False,True,False,False,False,0,0,0.9622,0.0378,
43,0,4,2,,38,1,1,1,1820.0,0,0.708,,,0.596,0.0,False,False,True,False,False,False,False,False,False,True,False,0,0,0.9998,0.0002,
50,1,2,2,,36,3,1,1,8074.0,0,0.528,,,0.535,0.0,False,False,False,False,False,True,False,True,False,False,False,0,0,0.9992,0.0008,
53,1,5,1,,38,4,2,2,19138.0,0,0.482,,,0.303,0.0,False,False,False,False,True,False,False,False,False,False,False,1,1,0.0147,0.9853,
54,1,1,2,,45,4,1,3,18704.107,0,0.9515129,,,0.7251951,0.0,False,True,False,False,False,True,False,True,False,False,True,1,1,0.3211,0.6789,
56,1,2,2,,46,2,4,4,7327.0,0,0.598,,,0.864,0.0,False,False,True,False,False,False,False,False,False,False,False,1,1,0.0011,0.9989,
45,0,4,2,,35,3,4,2,8795.0,2517,0.625,,,0.588,0.286,False,False,True,False,False,False,False,False,False,False,True,0,0,0.9998,0.0002,
47,0,3,1,,34,4,2,3,14022.573,0,0.5234199,,,0.54587823,0.0,False,True,False,False,False,False,False,True,False,True,False,1,1,0.0,1.0,
40,1,2,1,,27,4,2,2,15199.53,0,0.49452785,,,0.43660232,0.0,False,True,True,False,False,False,False,True,False,False,False,1,1,0.0009,0.9991,
45,0,4,2,,40,5,3,3,6182.509,1964,0.6682017,,,0.87060183,0.31783527,False,True,False,False,True,False,True,False,False,True,False,1,1,0.0051,0.9949,
40,0,1,1,,28,4,3,5,3874.0752,0,0.88627666,,,0.5471988,0.0,False,False,True,False,True,False,True,False,False,True,False,1,1,0.0001,0.9999,
54,1,1,1,,40,4,1,2,12086.0,1264,0.986,,,0.717,0.105,False,False,False,False,True,False,False,False,False,False,False,0,0,0.9961,0.0039,
41,0,2,2,,33,1,3,2,1681.539,1474,0.5037658,,,0.48254064,0.8772306,False,False,True,False,False,False,True,False,False,False,False,1,1,0.0002,0.9998,
43,0,2,1,,30,1,3,2,2248.0,1853,0.666,,,0.906,0.824,False,False,False,False,False,True,False,False,False,True,False,0,0,0.9998,0.0002,
46,0,1,1,,35,2,1,3,5949.6626,0,0.83010286,,,0.77628976,0.0,False,False,False,False,True,True,False,True,False,True,False,1,1,0.0042,0.9958,
48,1,3,1,,39,4,2,3,34516.0,910,0.6540922,,,0.63972294,0.026441807,False,True,False,False,False,False,False,False,True,False,False,1,1,0.0258,0.9742,
46,0,4,1,,39,4,3,3,3257.0,0,0.757,,,0.848,0.0,False,True,False,False,False,False,False,False,False,False,True,0,0,0.9999,0.0001,
40,1,2,0,,26,3,2,3,1438.3,0,0.634,,,0.673,0.0,False,False,False,False,False,True,False,False,False,False,False,0,0,0.9995,0.0005,
39,1,3,1,,23,1,2,2,7826.688,2517,0.42208174,,,0.3626652,0.3217791,True,False,False,False,False,True,False,True,False,False,False,1,1,0.0021,0.9979,
45,0,1,2,,36,6,2,2,1438.3,0,0.597,,,0.545,0.0,True,False,False,False,False,False,False,False,False,True,False,0,1,0.4447,0.5553,
26,0,1,2,,14,4,2,4,5645.0,2324,0.655,,,0.727,0.412,False,False,False,False,False,True,True,False,False,False,False,0,0,0.9016,0.0984,
52,1,2,2,,32,4,3,1,4935.0,0,0.713,,,0.882,0.0,False,False,False,False,False,False,False,False,False,False,False,1,1,0.0685,0.9315,
38,0,3,1,,23,6,2,2,5645.0,0,1.05,,,0.455,0.0,False,False,False,False,True,False,False,False,False,True,False,0,0,0.8094,0.1906,
56,0,0,2,,40,3,2,3,1438.3,0,0.81973344,,,1.3794535,0.0,False,False,True,False,True,False,True,False,False,True,False,1,1,0.0259,0.9741,
55,0,1,2,,48,2,4,2,2122.029,556,0.6068248,,,0.7310462,0.2619487,False,False,False,False,False,True,False,True,False,True,False,1,1,0.0,1.0,
35,0,2,1,,24,5,2,3,2655.0,1527,0.715,,,0.444,0.575,True,False,False,False,False,False,True,False,False,False,False,0,0,0.9769,0.0231,
58,0,0,0,,50,4,4,2,2300.4456,0,0.48802403,,,0.6141508,0.0,True,False,False,False,False,True,True,False,False,True,False,1,1,0.0004,0.9996,
44,1,3,1,,34,5,3,3,14201.0,0,0.574,,,0.679,0.0,False,True,False,False,False,False,False,True,False,False,False,1,1,0.0061,0.9939,
44,0,2,2,,36,5,2,3,2368.0,1244,0.935,,,0.868,0.525,False,True,False,False,False,False,False,False,False,True,False,0,0,1.0,0.0,
37,1,2,2,,24,2,2,3,1649.0,0,0.864,,,0.7,0.0,False,False,False,False,True,False,False,False,False,False,True,1,1,0.0021,0.9979,
44,0,2,1,,39,5,1,0,6861.0,2101,0.464,,,0.909,0.306,False,True,False,False,False,False,False,False,False,True,False,0,0,0.9999,0.0001,
53,0,2,1,,36,6,2,4,2956.0,1391,0.698,,,0.575,0.471,False,True,False,False,False,False,True,False,False,False,False,0,0,0.9984,0.0016,
42,0,3,1,,27,3,2,2,3137.1484,0,0.9144392,,,0.35623315,0.0,False,True,False,False,False,True,True,False,False,True,False,1,1,0.0001,0.9999,
42,0,4,1,,31,3,3,3,1565.3644,986,0.87249064,,,0.94800013,0.6311062,True,True,False,False,False,False,False,False,False,True,False,1,1,0.0074,0.9926,
53,1,3,0,,39,2,3,3,34183.77,2431,0.766248,,,0.62155944,0.07129356,False,True,False,False,True,False,False,False,True,False,False,1,1,0.0006,0.9994,
39,0,2,2,,36,4,2,3,5245.0,802,0.504,,,0.574,0.153,False,False,True,False,False,False,False,False,False,True,False,0,0,1.0,0.0,
43,1,2,2,,36,4,4,1,8406.0,0,0.743,,,0.63,0.0,False,False,False,False,False,True,True,False,False,False,False,0,0,0.9998,0.0002,
34,1,1,3,,20,2,1,3,7452.0,1656,0.6,,,0.962,0.222,False,False,False,False,False,False,True,False,False,False,False,0,0,0.6252,0.3748,
55,1,2,2,,41,2,3,2,34516.0,1947,0.5836235,,,0.77246183,0.05684184,False,False,False,True,False,False,False,False,True,False,False,1,1,0.0198,0.9802,
54,1,2,0,,42,3,2,3,3528.5037,2517,0.7058813,,,0.75410444,0.7131968,False,True,True,False,False,False,False,False,False,True,False,1,1,0.0074,0.9926,
38,0,2,2,,19,1,2,3,3458.6226,317,0.5865065,,,0.2927223,0.0920187,False,False,False,False,False,True,True,False,False,False,True,1,1,0.0001,0.9999,
50,1,3,2,,39,4,1,4,9964.0,1559,1.873,,,0.786,0.156,False,False,True,False,False,False,False,False,True,False,False,0,0,0.9999,0.0001,
56,1,3,2,,44,5,2,0,19030.0,912,0.894,,,0.532,0.048,False,False,True,False,False,False,False,False,True,False,False,0,0,0.9992,0.0008,
49,1,4,2,,38,3,3,4,34516.0,2517,0.7,,,0.486,0.073,False,False,False,False,False,True,False,False,False,False,False,1,1,0.1246,0.8754,
40,0,4,1,,28,4,1,1,2712.0,0,0.835,,,0.927,0.0,False,False,False,False,False,True,False,False,False,True,False,0,0,0.9982,0.0018,
58,0,1,0,,52,4,1,3,1817.0,0,0.503,,,0.452,0.0,False,False,False,True,False,False,False,False,False,True,False,1,1,0.0095,0.9905,
53,1,1,2,,36,3,3,3,8979.0,1289,0.651,,,0.673,0.144,False,False,True,False,False,False,False,False,False,True,False,0,0,0.9988,0.0012,
51,0,3,1,,45,5,2,3,9117.0,1259,0.88,,,0.705,0.138,False,True,False,False,False,False,True,False,False,False,False,0,0,0.9999,0.0001,
48,1,2,0,,40,4,3,3,4479.0,0,0.89,,,0.37,0.0,False,False,False,False,False,False,False,False,True,False,False,1,1,0.3574,0.6426,
54,0,1,1,,40,3,2,4,4079.875,0,0.72318506,,,0.5940628,0.0,False,False,True,True,False,False,False,False,False,True,True,1,1,0.0002,0.9998,
61,1,0,1,,53,5,1,2,5561.0,1434,1.423,,,0.826,0.258,False,False,False,True,False,False,True,False,False,False,False,0,0,0.9999,0.0001,
42,0,4,3,,32,3,1,2,2314.0,1547,0.804,,,1.0,0.669,False,True,False,False,False,False,False,False,False,True,False,0,0,1.0,0.0,
40,0,2,1,,29,5,2,5,4453.401,0,0.9291521,,,0.70343643,0.0,False,True,False,False,False,False,True,False,False,True,False,1,1,0.0001,0.9999,
32,1,0,1,,23,1,2,2,3934.1372,0,0.7707255,,,1.0626915,0.0,False,False,True,True,False,False,False,False,True,True,False,1,1,0.004,0.996,
36,0,3,2,,18,4,3,3,2265.0,1345,0.808,,,0.49,0.594,False,True,False,False,False,False,True,False,False,False,False,0,0,0.9996,0.0004,
46,1,3,3,,36,4,2,2,24869.0,1729,0.408,,,0.5,0.07,False,False,False,False,False,False,False,False,True,False,False,0,0,0.9657,0.0343,
47,1,4,1,,43,4,3,1,6519.0,1525,0.874,,,1.025,0.234,False,False,False,False,True,False,False,True,False,False,False,0,0,0.9999,0.0001,
42,1,3,1,,29,3,3,4,2533.0,1126,0.788,,,0.574,0.445,False,False,False,True,False,False,True,False,False,False,False,0,0,0.9998,0.0002,
31,1,2,2,,19,1,2,3,5871.0,1829,0.81,,,0.746,0.312,False,True,False,False,False,False,False,False,False,True,False,0,0,0.9997,0.0003,
54,1,4,2,,36,4,2,3,30666.0,1046,0.801,,,0.886,0.034,False,True,False,False,False,False,False,False,True,False,False,0,0,0.9998,0.0002,
39,0,4,1,,28,4,2,3,1607.6578,0,0.70811987,,,0.66543525,0.0,False,False,False,False,True,True,True,False,False,False,True,1,1,0.0037,0.9963,
48,0,3,1,,37,3,2,3,2437.9668,1012,0.5666532,,,0.3876988,0.41580665,False,False,True,False,True,False,False,False,False,True,False,1,1,0.0007,0.9993,
50,1,2,1,,41,2,3,2,14966.051,0,0.75825953,,,0.7832374,0.0,False,False,False,False,False,True,False,False,False,False,False,1,1,0.285,0.715,
52,0,3,0,,43,3,3,3,1509.019,715,0.7315361,,,0.6093225,0.473766,False,True,False,False,False,True,False,False,False,True,False,1,1,0.0001,0.9999,
46,0,1,1,,38,2,1,3,2983.2312,0,0.50703,,,0.74458754,0.0,False,False,False,False,True,False,True,False,False,False,True,1,1,0.0009,0.9991,
44,0,1,1,,39,4,3,3,2398.9712,0,0.63105464,,,0.47980136,0.0,False,False,True,False,False,True,True,False,False,True,False,1,1,0.0,1.0,
44,1,1,1,,33,5,2,2,6130.0,808,0.747,,,0.592,0.132,False,False,True,False,False,False,False,False,False,True,False,0,0,1.0,0.0,
48,0,2,0,,31,4,2,3,1438.3,0,0.5052029,,,0.69169205,0.0,False,False,False,False,False,True,False,False,False,True,True,1,1,0.0203,0.9797,
43,0,3,2,,33,3,2,3,2593.534,0,0.6850932,,,0.5545596,0.0,False,True,False,False,False,False,True,False,False,False,True,1,1,0.0002,0.9998,
28,0,1,2,,36,4,2,5,1624.0,0,0.299,,,0.25,0.0,False,True,False,False,False,False,False,False,False,True,False,1,1,0.0041,0.9959,
44,1,4,1,,31,4,3,4,34516.0,1197,0.669,,,1.15,0.035,False,False,False,False,False,True,False,False,False,False,False,0,0,0.9996,0.0004,
47,0,3,0,,39,4,3,3,6318.501,0,0.63513994,,,0.5691059,0.0,False,True,False,False,False,True,True,False,False,True,False,1,1,0.0001,0.9999,
47,0,3,2,,31,1,2,1,9109.191,0,1.0338683,,,0.51832664,0.0,False,False,True,False,False,True,False,True,False,False,True,1,1,0.0,1.0,
39,0,2,2,,35,6,2,2,10600.0,598,0.843,,,0.929,0.056,False,False,False,False,False,False,False,False,False,False,True,0,0,0.9999,0.0001,
53,0,2,2,,41,4,1,2,2252.0,1811,0.68,,,1.125,0.804,False,False,True,False,False,False,False,False,False,True,False,0,0,1.0,0.0,
46,0,2,2,,34,1,3,4,4565.289,0,0.95525736,,,0.6934951,0.0,False,True,True,False,False,False,True,False,False,True,False,1,1,0.0001,0.9999,
56,0,3,1,,46,1,3,2,5384.0073,1794,0.4811837,,,0.41795534,0.3331182,False,False,True,False,False,False,False,False,False,False,True,1,1,0.0005,0.9995,
45,0,2,1,,36,2,3,4,4558.3613,1358,0.97977895,,,1.0183474,0.29949245,True,True,False,False,False,False,False,False,True,True,False,1,1,0.0036,0.9964,
47,1,2,1,,36,6,2,1,2514.0,1845,0.683,,,0.614,0.734,False,False,False,False,False,True,False,False,True,False,False,0,0,1.0,0.0,
49,0,3,2,,32,1,3,3,5400.0,1426,0.595,,,0.702,0.264,False,True,False,False,False,False,True,False,False,False,False,0,0,0.9997,0.0003,
55,0,2,1,,36,1,3,2,8320.153,2076,0.37728328,,,0.4074198,0.25037202,False,False,True,False,True,False,True,False,False,False,True,1,1,0.0586,0.9414,
40,0,2,1,,30,6,2,3,1876.848,0,0.7198504,,,0.5099684,0.0,False,True,False,False,True,False,False,False,False,True,False,1,1,0.0004,0.9996,
48,0,2,2,,43,6,3,3,1438.3,0,0.816,,,0.816,0.0,False,False,False,False,False,True,False,False,False,True,False,0,0,0.9998,0.0002,
39,0,1,2,,30,5,6,2,2669.0,2397,0.807,,,0.585,0.898,False,True,False,False,False,False,False,False,False,True,False,0,0,0.9985,0.0015,
50,1,3,1,,40,6,2,4,4514.0,2016,0.313,,,0.639,0.447,False,False,True,False,False,False,False,False,True,False,False,0,0,0.9953,0.0047,
45,0,4,1,,36,5,1,2,3240.0,1775,0.754,,,0.675,0.548,True,False,False,False,False,False,False,False,False,True,False,0,0,1.0,0.0,
42,0,1,0,,22,5,3,2,2403.0,1105,0.735,,,0.711,0.46,False,False,False,False,False,False,False,False,False,True,False,0,0,1.0,0.0,
50,0,2,1,,40,5,3,2,1693.8619,1012,0.49622834,,,0.6359949,0.5981777,False,True,False,False,False,False,False,False,False,True,False,1,1,0.0016,0.9984,
52,0,1,2,,43,6,2,2,2705.0,1581,0.851,,,0.841,0.584,False,False,True,False,False,False,False,False,False,True,False,0,0,0.9992,0.0008,
51,0,2,1,,41,2,3,2,3023.7358,386,0.87254936,,,0.67105705,0.12754938,False,True,False,False,True,False,False,False,False,True,True,1,1,0.0,1.0,
54,0,1,1,,40,5,2,4,2178.0,1144,1.585,,,1.043,0.525,False,False,False,False,True,False,False,False,False,True,False,0,0,1.0,0.0,
46,0,3,2,,38,5,1,3,1555.0,1366,0.704,,,0.755,0.878,False,True,False,False,False,False,False,False,False,True,False,0,0,0.9999,0.0001,
42,0,4,1,,32,6,3,3,3454.0,0,0.862,,,0.625,0.0,False,False,True,False,False,False,False,False,False,True,False,1,1,0.0073,0.9927,
55,1,2,0,,37,1,2,3,24446.426,1071,0.6239987,,,0.27410573,0.044069607,False,False,False,False,False,True,False,False,False,False,False,1,1,0.0033,0.9967,
37,0,2,0,,36,4,3,3,1734.0,987,0.879,,,0.914,0.569,False,True,False,False,False,False,False,False,False,True,False,0,0,0.9997,0.0003,
60,0,0,1,,44,1,3,1,1438.3,0,1.0421393,,,0.46660042,0.0,False,True,False,True,False,False,True,False,False,True,False,1,1,0.0,1.0,
48,1,2,1,,34,4,2,2,4776.0,0,0.626,,,0.622,0.0,False,False,False,True,False,False,True,False,False,False,False,0,1,0.2272,0.7728,
53,0,2,1,,40,2,2,2,3856.893,2517,0.7928275,,,0.42619634,0.65316665,True,False,False,False,False,False,False,False,False,True,False,1,1,0.0001,0.9999,
56,1,2,1,,43,2,3,2,5979.898,0,0.90483075,,,0.85678065,0.0,False,True,False,False,False,False,True,True,False,False,False,1,1,0.0004,0.9996,
43,0,3,1,,31,2,3,1,5617.8213,0,0.30676264,,,0.17421557,0.0,False,True,False,False,False,False,False,False,False,False,True,1,1,0.0017,0.9983,
44,1,4,2,,25,3,3,2,10534.0,0,0.985,,,0.636,0.0,False,True,False,False,False,False,False,True,False,False,False,0,0,0.9994,0.0006,
57,0,3,0,,47,1,3,2,4262.0,2517,0.682,,,0.744,0.591,False,True,False,False,False,False,True,False,False,False,False,0,0,0.9986,0.0014,
48,0,3,2,,36,2,2,3,4258.6934,756,0.6999824,,,0.7254078,0.17729239,False,True,False,False,True,False,False,True,False,False,True,1,1,0.0001,0.9999,
41,1,2,1,,32,1,2,1,34516.0,0,0.9649863,,,0.5410957,0.0,False,False,True,False,False,False,False,False,False,False,False,1,1,0.0058,0.9942,
50,0,2,1,,40,3,2,4,1438.3,0,0.3671899,,,0.42639184,0.0,False,True,False,False,False,False,False,False,False,True,False,1,1,0.0003,0.9997,
34,0,1,2,,20,1,1,5,5571.0337,2502,0.63296235,,,0.56384265,0.44876918,True,False,False,False,True,False,True,False,False,False,False,1,1,0.0209,0.9791,
49,0,3,1,,43,6,3,2,2041.194,0,0.9579099,,,0.9785731,0.0,False,False,False,True,False,False,False,True,False,True,False,1,1,0.0668,0.9332,
39,1,3,1,,36,2,2,3,6867.0,776,0.715,,,0.764,0.113,False,False,False,True,False,False,False,True,False,False,False,0,0,0.9999,0.0001,
49,0,3,1,,31,2,2,3,2906.6296,0,0.5336354,,,0.45385835,0.0,False,True,False,False,False,True,True,False,False,True,False,1,1,0.0,1.0,
39,0,3,0,,35,4,3,3,2806.9866,0,0.8567041,,,0.53744155,0.0,False,False,False,False,True,True,False,False,False,False,True,1,1,0.0005,0.9995,
37,0,3,1,,35,1,2,2,1704.67,0,0.34501782,,,0.48725498,0.0,False,False,False,False,False,False,True,False,False,True,False,1,1,0.0,1.0,
57,0,4,1,,47,5,2,4,6803.0,1332,0.809,,,0.579,0.196,False,False,True,False,False,False,True,False,False,False,False,0,0,0.9994,0.0006,
49,0,4,2,,35,5,2,2,5195.0,0,1.135,,,0.769,0.0,False,False,False,False,False,True,False,False,False,True,False,0,0,0.9978,0.0022,
43,1,3,1,,27,2,2,3,34516.0,0,0.6963836,,,0.39168063,0.0,False,True,False,False,False,False,False,True,True,False,False,1,1,0.0002,0.9998,
39,1,2,1,,26,1,2,2,3879.0,0,0.928,,,0.929,0.0,False,False,False,False,False,False,False,True,False,False,False,1,1,0.041,0.959,
43,0,3,1,,38,3,4,2,1947.0,0,0.838,,,1.0,0.0,True,False,False,False,False,False,False,False,False,False,True,0,1,0.1207,0.8793,
48,0,2,0,,35,2,1,3,2804.5544,2514,0.340806,,,0.40212128,0.89650685,False,True,False,False,False,True,False,False,False,True,False,1,1,0.0005,0.9995,
44,0,4,2,,37,1,1,4,1490.0056,0,0.5500943,,,0.4837736,0.0,False,True,False,False,False,False,False,False,False,True,False,1,1,0.0092,0.9908,
51,1,2,1,,40,1,3,1,10984.0,1429,0.751,,,0.635,0.13,False,False,False,False,True,False,False,False,False,False,False,0,0,0.9987,0.0013,
48,1,1,2,,40,6,2,2,2319.0,1630,0.846,,,0.659,0.703,False,False,True,False,False,False,False,True,False,False,False,0,0,1.0,0.0,
43,0,2,1,,35,3,3,2,2209.0,0,0.749,,,0.619,0.0,False,True,False,False,False,False,False,False,False,True,False,0,0,0.9996,0.0004,
55,0,0,0,,47,4,2,2,5664.722,0,0.6554133,,,0.62490696,0.0,False,False,True,False,False,True,False,False,True,False,True,1,1,0.0005,0.9995,
48,1,4,1,,43,5,3,3,8737.0,1629,0.618,,,0.774,0.186,False,False,False,False,False,True,False,True,False,False,False,0,0,0.9997,0.0003,
43,0,2,2,,27,1,3,3,3287.0,1697,0.711,,,1.026,0.516,False,False,False,False,False,True,False,False,False,False,True,0,0,0.9996,0.0004,
41,0,1,2,,33,4,2,0,8054.0,1023,0.75,,,0.875,0.127,False,False,True,False,False,False,False,False,False,True,False,0,0,0.988,0.012,
48,0,1,2,,37,3,2,3,28319.383,1750,0.91641754,,,0.4777236,0.062496323,False,False,True,False,False,True,False,False,False,False,True,1,1,0.0489,0.9511,
44,0,2,1,,34,3,3,2,1858.3462,0,0.9767805,,,0.89002687,0.0,False,True,False,False,False,True,True,False,False,True,False,1,1,0.0001,0.9999,
29,1,1,2,,19,3,1,2,23507.0,1990,0.631,,,0.912,0.085,False,False,False,False,False,True,False,True,False,False,False,0,0,0.9984,0.0016,
39,0,2,2,,23,1,1,3,3705.2747,1080,0.7273296,,,0.81988585,0.29155022,True,True,False,False,False,False,False,False,False,True,False,1,1,0.0545,0.9455,
52,1,1,1,,45,3,5,3,8678.385,0,0.42067727,,,0.5112177,0.0,False,True,False,False,False,False,False,True,True,False,False,1,1,0.0002,0.9998,
53,1,4,1,,47,1,1,2,7489.9395,0,0.87380564,,,0.97740245,0.0,False,False,True,False,False,True,False,False,True,False,False,1,1,0.0039,0.9961,
41,1,2,0,,29,3,2,2,15911.0,896,0.954,,,0.833,0.056,False,False,False,False,True,False,False,False,False,False,False,0,0,0.9931,0.0069,
54,1,1,1,,44,5,1,1,1438.3,0,0.576,,,0.609,0.0,False,True,False,False,False,False,True,False,False,False,False,0,0,0.9219,0.0781,
59,0,1,2,,46,2,4,2,1636.1599,0,0.4068736,,,0.40360102,0.0,False,True,False,False,True,False,False,False,False,True,False,1,1,0.0001,0.9999,
37,0,1,3,,30,3,5,0,3003.0,1810,0.719,,,0.789,0.603,False,False,True,False,False,False,False,False,False,True,False,0,0,1.0,0.0,
52,0,1,2,,44,1,1,1,1973.7576,1516,1.0119725,,,0.9137957,0.7690099,False,False,False,True,True,False,False,False,False,True,False,1,1,0.0362,0.9638,
56,1,2,1,,37,3,1,2,12181.0,1702,0.834,,,0.5,0.14,False,False,True,False,False,False,False,False,False,False,False,0,0,0.9993,0.0007,
40,1,3,2,,36,5,3,2,34516.0,571,1.0276866,,,1.0279446,0.01682967,False,False,False,False,True,False,False,False,True,False,False,1,1,0.0008,0.9992,
46,1,1,0,,31,2,3,3,12403.409,0,0.6489526,,,0.4728321,0.0,False,True,False,False,False,False,False,False,True,False,False,1,1,0.0033,0.9967,
41,0,3,2,,34,3,3,3,2366.34,217,0.71745825,,,0.5391902,0.09199135,False,False,True,False,False,True,False,False,False,True,False,1,1,0.0,1.0,
50,1,2,1,,37,5,2,1,34516.0,302,0.7048957,,,0.48576677,0.009089061,False,False,True,False,False,False,False,False,False,False,False,1,1,0.0033,0.9967,
41,0,1,1,,24,3,1,3,7780.6753,1261,0.49062794,,,0.55156773,0.16198209,True,True,False,False,False,False,True,False,False,False,True,1,1,0.0331,0.9669,
38,1,1,1,,23,4,3,2,22149.0,987,1.633,,,0.8,0.045,False,False,True,False,False,False,False,False,True,False,False,0,0,0.9914,0.0086,
44,0,3,1,,34,5,2,3,1991.791,0,0.8523436,,,0.62330616,0.0,False,True,False,False,False,True,False,False,False,True,False,1,1,0.0,1.0,
28,0,0,2,,15,3,3,3,32024.0,1232,1.04,,,0.882,0.038,False,True,False,False,False,False,False,False,False,False,True,0,0,0.9989,0.0011,
53,0,3,3,,37,3,2,4,7202.0,974,0.517,,,0.5,0.135,False,False,True,False,False,False,False,False,False,True,False,0,0,0.9882,0.0118,
49,1,4,2,,36,5,1,3,1963.0,1516,0.872,,,0.744,0.772,False,True,False,False,False,False,False,False,True,False,False,0,0,1.0,0.0,
62,1,0,1,,51,3,2,0,5450.0,967,0.701,,,0.8,0.177,False,True,False,False,False,False,False,True,False,False,False,0,0,0.9998,0.0002,
57,1,0,1,,52,3,5,4,24492.244,404,0.77954876,,,0.69583684,0.016223596,False,False,True,False,False,True,False,True,False,False,False,1,1,0.0022,0.9978,
57,1,0,1,,47,1,3,2,29211.361,0,1.0083352,,,0.6911468,0.0,False,False,False,False,True,False,False,True,True,False,False,1,1,0.0003,0.9997,
42,0,2,1,,29,5,3,4,3200.0,1733,0.909,,,0.837,0.542,False,False,False,False,False,True,False,False,False,True,False,0,0,0.9999,0.0001,
54,0,0,2,,38,2,2,2,34516.0,0,0.695,,,0.421,0.0,False,True,False,False,False,False,False,False,False,False,True,1,1,0.0409,0.9591,
51,1,1,2,,45,3,2,3,3228.0,2517,0.949,,,1.357,0.78,False,True,False,False,False,False,False,True,False,False,False,0,0,0.9904,0.0096,
56,1,3,1,,50,3,3,3,8022.0,1372,0.896,,,1.385,0.171,False,True,False,False,False,False,False,False,True,False,False,0,0,0.9989,0.0011,
50,1,1,1,,23,5,2,1,7116.0,981,0.858,,,0.735,0.138,False,False,False,False,True,False,False,False,False,False,False,0,0,0.9998,0.0002,
46,0,2,2,,36,5,2,1,15132.065,894,0.5001901,,,0.3396248,0.058778923,False,True,False,False,False,True,False,True,False,True,False,1,1,0.0001,0.9999,
42,1,3,2,,30,1,3,5,34516.0,0,0.70266616,,,0.7276946,0.0,False,True,False,False,False,False,False,False,True,False,False,1,1,0.0163,0.9837,
48,0,3,2,,42,6,1,1,3743.0,2090,0.969,,,0.718,0.558,False,False,True,False,False,False,True,False,False,False,False,0,0,0.9983,0.0017,
49,0,1,1,,44,2,1,1,8284.0,797,0.824,,,0.569,0.096,False,True,False,False,False,False,False,False,False,True,False,0,0,0.9997,0.0003,
61,0,0,1,,50,1,2,3,3262.7961,0,1.0007674,,,0.97933453,0.0,False,False,True,False,False,False,True,False,False,False,False,1,1,0.0029,0.9971,
53,0,2,0,,35,3,1,3,2851.3276,2514,0.42614248,,,0.42266384,0.8825242,False,False,False,False,False,True,False,False,False,True,False,1,1,0.0493,0.9507,
55,1,3,1,,36,5,4,4,2252.0,1737,0.685,,,0.5,0.771,False,False,False,False,False,False,False,True,False,False,False,0,0,0.9998,0.0002,
44,1,3,0,,32,1,2,2,3575.0,0,0.843,,,0.737,0.0,False,True,False,False,False,False,True,False,False,False,False,1,1,0.006,0.994,
43,0,4,1,,36,4,3,2,2425.815,1052,0.6515301,,,0.4521984,0.4341068,False,False,False,False,True,True,False,False,False,True,False,1,1,0.0013,0.9987,
33,0,2,2,,25,2,2,3,4740.0103,2517,0.49185693,,,0.89336234,0.5313147,False,False,False,True,False,False,False,False,False,False,True,1,1,0.0129,0.9871,
44,0,1,2,,39,4,2,3,3074.7112,2517,0.646,,,0.5585878,0.81889695,False,True,False,False,False,False,False,False,False,True,False,1,1,0.0002,0.9998,
49,0,4,1,,33,1,2,2,6042.0864,0,1.0163236,,,0.45106485,0.0,False,True,False,False,False,True,True,False,False,False,True,1,1,0.0009,0.9991,
40,0,4,1,,29,5,3,1,8823.0,0,0.812,,,0.787,0.0,False,False,False,True,False,False,False,False,False,False,True,0,0,0.9996,0.0004,
45,0,1,1,,34,5,3,4,3023.9526,0,0.79760665,,,0.4552513,0.0,False,False,False,False,False,True,True,False,False,True,False,1,1,0.0,1.0,
45,0,3,2,,25,4,2,1,1986.0,1042,0.593,,,0.788,0.525,False,False,True,False,False,False,False,False,False,False,True,0,0,0.9967,0.0033,
45,1,3,2,,37,3,3,3,17884.434,0,0.49406046,,,0.5649031,0.0,False,True,False,False,True,False,False,True,True,False,False,1,1,0.003,0.997,
54,0,3,1,,38,4,2,4,5122.0,1642,0.935,,,0.696,0.321,False,False,True,False,False,False,False,False,False,False,True,0,0,0.9954,0.0046,
53,1,4,2,,49,5,1,2,3858.0,0,0.67,,,0.614,0.0,False,False,True,False,False,False,False,True,False,False,False,0,0,1.0,0.0,
46,0,3,1,,35,3,3,4,7578.0,1794,0.62,,,0.625,0.237,False,True,False,False,False,False,False,False,False,True,False,0,0,0.9989,0.0011,
49,0,2,3,,42,6,1,4,4949.0,1495,0.791,,,0.684,0.302,False,False,False,False,False,True,True,False,False,False,False,0,0,0.9998,0.0002,
47,1,2,2,,35,2,3,2,5885.5522,1375,0.99009436,,,0.52951145,0.23583804,False,True,False,True,False,False,False,False,True,False,False,1,1,0.001,0.999,
48,0,2,1,,30,3,2,4,2107.413,0,0.7149723,,,0.47709838,0.0,False,False,True,False,True,False,False,False,False,True,True,1,1,0.0002,0.9998,
45,0,3,2,,36,4,2,2,1912.0,1281,0.693,,,0.717,0.67,False,False,True,False,False,False,True,False,False,False,False,0,0,0.9999,0.0001,
57,0,2,1,,48,5,2,2,2436.0,680,1.19,,,0.611,0.279,False,True,False,False,False,False,False,False,False,True,False,0,0,0.9999,0.0001,
50,1,0,1,,36,5,1,3,28253.0,0,0.479,,,0.763,0.0,False,False,False,True,False,False,False,False,True,False,False,0,0,0.9939,0.0061,
48,0,2,2,,35,4,6,1,1686.0,1271,1.087,,,0.73,0.754,False,False,True,False,False,False,False,False,False,True,False,0,0,0.9999,0.0001,
56,0,2,2,,37,2,2,3,2963.0,0,0.902,,,0.382,0.0,False,False,False,False,False,True,True,False,False,False,False,1,1,0.0004,0.9996,
46,0,2,1,,38,4,2,3,3285.505,0,0.53858304,,,0.27404392,0.0,False,False,True,False,False,True,True,False,False,True,False,1,1,0.0002,0.9998,
48,1,3,2,,35,6,1,0,13551.0,1294,0.791,,,1.056,0.095,False,True,False,False,False,False,False,False,True,False,False,0,0,1.0,0.0,
36,0,2,1,,26,4,1,4,3182.0,2435,0.868,,,0.765,0.765,False,False,False,False,False,True,False,False,False,True,False,0,0,0.9746,0.0254,
51,0,3,1,,33,3,3,3,7428.0,0,0.873,,,0.722,0.0,False,False,False,False,True,False,False,False,False,True,False,1,1,0.0011,0.9989,
42,0,2,1,,36,2,3,3,1438.3,0,0.663,,,0.778,0.0,False,True,False,False,False,False,False,False,False,True,False,1,1,0.0002,0.9998,
47,1,3,1,,41,6,1,4,11997.0,1424,0.749,,,0.86,0.119,False,True,False,False,False,False,False,False,True,False,False,0,0,1.0,0.0,
50,1,3,2,,44,4,3,4,19853.0,1513,0.802,,,0.41,0.076,False,False,True,False,False,False,True,False,False,False,False,0,0,0.9971,0.0029,
50,0,0,1,,34,3,3,2,2709.2278,0,0.6886556,,,0.52805614,0.0,True,False,False,False,True,False,False,False,False,True,True,1,1,0.0003,0.9997,
52,1,2,1,,46,4,2,3,14971.028,2516,0.6967086,,,0.4002441,0.16840729,False,True,False,False,False,False,False,True,True,False,False,1,1,0.0233,0.9767,
33,0,2,3,,21,3,3,3,4651.0,2499,0.766,,,0.795,0.537,True,False,False,False,False,False,False,False,False,False,True,0,0,0.9984,0.0016,
64,1,0,1,,56,6,1,0,2215.0,1915,0.794,,,0.588,0.865,False,False,False,False,False,True,False,False,False,True,False,0,0,0.9999,0.0001,
46,0,5,1,,33,3,1,1,1438.3,883,0.708,,,0.853,0.614,False,True,False,False,False,False,True,False,False,False,False,0,0,0.9999,0.0001,
42,0,4,1,,36,4,2,3,3188.0,2002,0.825,,,0.804,0.628,False,False,False,True,False,False,False,False,False,True,False,0,0,1.0,0.0,
60,1,1,1,,54,5,3,3,3398.0,2341,0.714,,,0.409,0.689,False,False,False,False,False,True,False,True,False,False,False,0,0,0.9834,0.0166,
51,0,2,1,,43,1,3,3,2054.9,439,0.70235556,,,0.5728792,0.21253717,False,True,True,False,False,False,False,False,False,True,False,1,1,0.0,1.0,
44,0,2,1,,36,2,1,0,6633.0,1322,0.698,,,0.738,0.199,False,False,True,False,False,False,False,False,False,True,False,0,0,1.0,0.0,
46,1,3,2,,42,3,2,2,34516.0,2113,0.618,,,1.214,0.061,False,False,True,False,False,False,False,False,True,False,False,0,0,0.9968,0.0032,
34,1,1,2,,22,1,2,2,3711.0,1413,0.175,,,0.645,0.381,False,False,False,False,False,True,False,False,True,False,False,1,1,0.1054,0.8946,
53,1,2,1,,37,2,2,4,4620.7324,0,0.5781132,,,0.5030976,0.0,False,True,False,False,False,True,False,False,True,False,False,1,1,0.0002,0.9998,
45,1,3,1,,33,3,2,1,16928.0,1519,0.894,,,0.886,0.09,False,False,True,False,False,False,True,False,False,False,False,0,0,0.9998,0.0002,
61,0,0,1,,36,6,2,3,2035.0,1883,0.955,,,0.604,0.925,False,True,False,False,False,False,False,False,False,False,True,0,0,1.0,0.0,
50,1,2,2,,44,5,2,4,3495.0,0,0.639,,,0.464,0.0,False,False,False,False,False,False,False,False,True,False,False,1,1,0.0456,0.9544,
36,1,3,1,,30,5,2,3,13080.0,0,0.685,,,0.571,0.0,False,False,False,False,False,True,False,True,False,False,False,0,0,0.7551,0.2449,
44,1,3,1,,34,3,3,3,23454.37,367,1.0068153,,,0.5020923,0.015473379,False,False,False,True,False,False,True,True,False,False,False,1,1,0.0021,0.9979,
53,0,3,0,,43,5,1,2,2383.0,1516,0.857,,,0.95,0.636,False,False,False,False,True,False,False,False,False,True,False,0,0,1.0,0.0,
45,0,3,2,,36,3,3,4,11189.0,2517,2.041,,,1.231,0.225,False,True,False,False,False,False,False,False,False,False,True,0,0,0.9871,0.0129,
44,0,2,0,,34,5,3,3,17170.55,2277,0.67698795,,,0.33111444,0.13285433,False,False,True,False,False,False,False,False,False,False,True,1,0,0.63,0.37,
42,0,2,1,,35,2,2,3,19829.133,587,0.8195081,,,0.61733073,0.02956885,False,False,False,False,True,True,True,False,True,False,False,1,1,0.0011,0.9989,
56,1,1,1,,46,5,2,4,5248.0,1816,0.696,,,0.731,0.346,True,False,False,False,False,False,False,True,False,False,False,0,1,0.3996,0.6004,
48,1,2,1,,42,3,2,0,1898.0,0,0.838,,,0.686,0.0,False,False,False,True,False,False,True,False,False,False,False,0,0,0.9619,0.0381,
62,1,0,2,,56,4,3,3,1438.3,0,0.794,,,0.644,0.0,False,True,False,False,False,False,False,False,True,False,False,0,0,0.9996,0.0004,
51,0,2,1,,42,2,2,3,3851.3079,1762,0.8921573,,,0.5569048,0.45732656,False,True,False,False,False,False,False,False,False,True,True,1,1,0.001,0.999,
46,0,3,1,,39,2,2,3,13093.776,1887,0.5356162,,,0.21151596,0.14407937,False,True,True,False,False,False,False,False,False,True,True,1,1,0.0018,0.9982,
42,1,1,2,,37,4,1,1,2596.0,1210,0.549,,,0.696,0.466,False,True,False,False,False,False,False,True,False,False,False,0,0,1.0,0.0,
45,1,1,1,,27,2,3,3,14518.006,0,0.8365135,,,2.058901,0.0,False,False,False,False,True,False,False,True,False,False,False,1,1,0.0003,0.9997,
47,0,2,1,,35,3,2,3,1740.4495,0,0.63588005,,,0.39498666,0.0,False,True,False,False,False,False,False,False,False,True,False,1,1,0.0,1.0,
61,1,0,2,,53,1,3,3,2415.0,2050,0.499,,,0.69,0.849,False,False,True,False,False,False,False,True,False,False,False,0,0,0.9998,0.0002,
40,0,2,1,,22,2,3,2,3015.7014,2517,0.77515864,,,0.32766977,0.8352127,False,False,False,False,True,False,False,True,False,True,False,1,1,0.0016,0.9984,
35,0,1,2,,25,1,1,2,1723.1854,0,0.7267345,,,0.418131,0.0,False,True,False,False,False,True,False,False,False,True,False,1,1,0.0002,0.9998,
48,0,1,2,,37,4,1,3,1438.3,0,0.47091794,,,0.4766304,0.0,False,True,True,False,False,False,True,False,False,True,False,1,1,0.001,0.999,
54,0,1,1,,39,1,3,2,3145.7637,0,0.29904157,,,0.36921933,0.0,False,False,False,False,True,True,False,False,False,True,False,1,1,0.0026,0.9974,
43,1,3,0,,32,6,3,2,7278.0,0,0.618,,,0.593,0.0,False,False,False,False,False,False,False,False,True,False,False,1,1,0.0207,0.9793,
45,0,2,1,,37,5,1,3,7188.679,375,0.82626075,,,0.4413369,0.05256214,True,False,False,False,False,True,False,False,False,True,False,1,1,0.0027,0.9973,
50,0,3,1,,36,4,2,3,8072.298,2318,0.40062875,,,0.3639164,0.28766552,False,True,True,False,False,False,False,False,True,False,True,1,1,0.0417,0.9583,
49,1,2,1,,44,2,2,3,12518.0,1722,0.891,,,0.778,0.138,False,False,False,False,False,True,False,False,False,True,False,0,0,0.9998,0.0002,
29,0,0,2,,23,5,3,4,7997.0,0,0.935,,,0.806,0.0,False,False,False,False,True,False,False,False,False,True,False,0,0,0.9956,0.0044,
37,1,0,1,,23,2,3,3,8654.923,29,0.46578178,,,0.37833774,0.003382379,True,False,True,False,False,False,False,True,False,False,False,1,1,0.0002,0.9998,
54,0,2,1,,45,4,4,3,1438.3,0,0.66483307,,,0.5434966,0.0,False,True,False,False,True,False,False,False,False,True,False,1,1,0.0002,0.9998,
46,1,4,0,,31,2,3,1,3569.0,1553,0.798,,,0.681,0.435,False,False,True,False,False,False,False,False,False,False,False,0,0,1.0,0.0,
46,0,1,1,,24,3,3,2,2694.0,1576,0.494,,,0.9,0.585,False,True,False,False,False,False,False,False,False,False,True,1,1,0.2933,0.7067,
48,1,1,1,,44,2,3,1,15355.0,1823,0.809,,,1.018,0.119,False,False,False,False,False,False,False,True,False,False,False,0,0,0.9991,0.0009,
65,1,1,1,,56,3,3,2,2468.0,2021,0.906,,,0.586,0.819,False,False,False,False,True,False,True,False,False,False,False,0,0,0.9993,0.0007,
40,0,2,2,,28,2,2,2,3018.051,0,0.69938517,,,0.34467775,0.0,False,False,False,False,True,False,False,False,False,True,True,1,1,0.0001,0.9999,
45,1,1,2,,41,2,3,2,9904.0,2513,0.0,,,0.0,0.254,False,True,False,False,False,False,False,True,False,False,False,1,1,0.003,0.997,
54,1,2,1,,40,4,3,3,32770.945,301,0.6150105,,,0.4496551,0.008851911,False,False,True,False,True,False,False,True,False,False,False,1,1,0.1232,0.8768,
48,0,3,0,,36,5,2,1,2680.0,1871,0.955,,,0.902,0.698,False,False,False,False,False,True,False,False,False,True,False,0,0,1.0,0.0,
37,0,3,3,,22,2,3,2,5674.0,0,0.906,,,0.526,0.0,False,True,False,False,False,False,False,False,False,False,True,1,1,0.0036,0.9964,
43,0,3,1,,33,6,1,3,7951.0,1456,0.882,,,0.512,0.183,False,True,False,False,False,False,False,False,False,False,True,0,0,0.9995,0.0005,
40,1,3,1,,28,2,2,1,6854.566,2355,0.5865834,,,0.38703603,0.34341994,False,False,True,False,True,False,False,True,False,False,False,1,1,0.0019,0.9981,
49,0,4,1,,38,2,3,3,4743.777,1079,0.55458707,,,0.93457985,0.22676112,False,True,False,False,False,True,True,False,True,False,False,1,1,0.0035,0.9965,
44,1,2,0,,31,2,2,3,2031.6625,0,0.59114295,,,0.3961787,0.0,False,True,False,False,False,False,False,False,True,False,False,1,1,0.0001,0.9999,
45,0,3,1,,36,3,3,4,8051.6743,262,0.5791686,,,0.53154933,0.032311037,False,False,True,False,True,False,False,False,False,False,True,1,1,0.0001,0.9999,
36,1,2,3,,22,2,2,3,34516.0,1652,0.854,,,1.294,0.048,False,False,False,False,False,False,False,False,True,False,False,0,0,0.9364,0.0636,
37,1,1,3,,36,1,3,1,7539.0,0,1.023,,,0.743,0.0,True,False,False,False,False,False,False,True,False,False,False,0,0,0.994,0.006,
47,1,4,2,,42,1,1,3,7299.0,0,0.806,,,0.729,0.0,False,True,False,False,False,False,False,False,True,False,False,0,0,0.9998,0.0002,
45,1,4,0,,37,5,2,4,6784.0,891,1.047,,,0.556,0.131,False,True,False,False,False,False,False,True,False,False,False,0,0,0.9452,0.0548,
37,1,2,2,,34,4,3,2,5156.7944,0,0.5988976,,,0.77943605,0.0,False,True,False,False,False,False,True,False,False,False,False,1,1,0.0051,0.9949,
50,0,3,1,,38,4,3,4,1438.3,0,1.084,,,0.653,0.0,False,False,True,False,False,False,False,False,False,True,False,0,0,0.9969,0.0031,
54,1,1,1,,43,4,3,3,2706.0,2517,0.506,,,0.625,0.93,False,True,False,False,False,False,True,False,False,False,False,0,0,0.945,0.055,
38,0,1,1,,23,3,2,3,1572.4327,538,0.43639103,,,0.28933984,0.34158292,False,True,False,False,False,True,False,False,False,True,False,1,1,0.0014,0.9986,
42,0,2,1,,28,6,2,1,1820.0,0,0.658,,,0.811,0.0,False,False,False,False,False,False,True,False,False,False,False,0,0,0.9996,0.0004,
36,1,2,2,,25,1,1,3,4048.69,2492,0.88550407,,,0.89230293,0.619308,False,False,False,False,False,True,False,False,True,False,False,1,1,0.0117,0.9883,
38,1,2,1,,24,4,1,5,17162.0,773,1.238,,,1.0,0.045,False,False,False,False,False,False,False,False,True,False,False,0,0,0.9991,0.0009,
42,1,4,2,,36,1,1,2,6128.0,2239,0.768,,,0.681,0.365,False,True,False,False,False,False,True,False,False,False,False,0,0,1.0,0.0,
42,1,2,1,,35,6,1,2,2131.0,1288,0.797,,,0.841,0.604,False,True,False,False,False,False,False,True,False,False,False,0,0,1.0,0.0,
64,0,0,2,,36,3,2,1,1829.0,0,0.576,,,0.548,0.0,False,False,False,False,True,False,False,False,False,True,False,0,0,0.9994,0.0006,
53,0,4,2,,41,5,1,2,34516.0,2374,0.81,,,0.604,0.069,False,True,False,False,False,False,False,False,False,False,True,0,0,0.9998,0.0002,
47,1,2,2,,38,4,2,2,2816.2131,0,0.5934543,,,0.2776568,0.0,True,True,False,False,False,False,True,False,False,False,False,1,1,0.0048,0.9952,
45,0,3,1,,28,1,2,2,34516.0,77,0.40763834,,,0.38681945,0.0023282531,False,False,True,False,False,True,False,False,False,False,True,1,1,0.0,1.0,
52,0,1,1,,38,3,3,3,1438.3,0,0.6170538,,,0.31534174,0.0,False,True,False,False,False,True,False,True,False,False,True,1,1,0.0002,0.9998,
43,0,4,1,,30,2,2,3,2082.0,1794,0.735,,,0.92,0.862,False,False,False,False,True,False,False,False,False,True,False,1,1,0.4044,0.5956,
42,1,5,3,,31,5,3,2,6748.0,1467,0.831,,,0.68,0.217,False,False,False,False,True,False,False,False,False,False,False,0,0,1.0,0.0,
35,1,3,2,,21,5,2,1,6104.0,1595,0.619,,,0.729,0.261,False,False,False,False,True,False,False,False,False,True,False,0,0,0.9996,0.0004,
54,1,2,1,,42,6,2,0,3583.0,0,1.088,,,1.545,0.0,False,True,False,False,False,False,False,True,False,False,False,0,0,0.9973,0.0027,
47,0,3,3,,40,4,3,2,3983.0884,0,0.5990814,,,0.44129688,0.0,False,False,True,False,False,False,True,False,True,False,False,1,1,0.0005,0.9995,
51,0,1,1,,36,2,1,3,1492.8265,0,0.5366937,,,0.5523101,0.0,False,True,False,False,False,False,True,False,False,True,False,1,1,0.0007,0.9993,
56,0,1,1,,36,2,3,2,2444.5896,0,0.48338613,,,0.6953557,0.0,False,True,False,True,False,False,True,False,False,True,False,1,1,0.0001,0.9999,
50,0,3,1,,31,3,1,4,6292.0,0,0.515,,,0.644,0.0,False,False,True,False,False,False,False,False,False,True,False,0,0,0.9999,0.0001,
43,0,2,1,,36,1,2,6,3793.0,2517,0.512,,,0.629,0.664,False,False,False,False,False,False,False,False,False,False,True,1,1,0.0021,0.9979,
26,0,0,2,,13,6,3,4,1643.0,1101,0.713,,,0.471,0.67,False,True,False,False,False,False,True,False,False,False,False,0,0,0.9909,0.0091,
45,1,3,2,,37,6,2,2,10651.0,672,0.767,,,0.543,0.063,False,False,False,False,False,True,False,False,True,False,False,0,0,0.9325,0.0675,
47,0,3,1,,37,2,2,2,2154.0,1628,0.665,,,0.762,0.756,False,False,False,False,False,True,False,False,False,True,False,0,0,0.9999,0.0001,
39,0,2,1,,35,3,3,3,8957.602,0,0.47663158,,,0.3803132,0.0,False,True,False,True,False,False,False,False,True,False,True,1,1,0.0,1.0,
48,1,3,0,,36,2,3,2,22943.691,5,0.5754617,,,0.5015418,0.00022025553,False,False,False,False,False,True,False,False,True,False,False,1,1,0.0001,0.9999,
40,0,1,3,,30,5,1,1,7554.0,1848,0.767,,,0.524,0.245,False,True,False,False,False,False,False,False,False,True,False,0,0,0.9998,0.0002,
65,0,0,1,,53,5,3,5,4161.0,2491,0.41,,,0.579,0.599,False,True,False,False,False,False,False,False,False,True,False,0,0,0.9358,0.0642,
53,1,1,1,,45,6,2,2,3380.0,1701,0.747,,,1.273,0.503,False,True,False,False,False,False,False,True,False,False,False,0,0,1.0,0.0,
38,0,1,2,,37,4,3,2,1848.1093,705,0.73663616,,,0.406,0.38226214,False,True,False,False,False,False,True,True,False,False,False,1,1,0.0008,0.9992,
44,0,3,1,,36,6,3,4,1984.0,0,0.89,,,0.643,0.0,False,True,False,False,False,False,False,False,False,True,False,1,1,0.0005,0.9995,
33,0,2,1,,21,4,2,3,3166.7356,0,0.8832436,,,0.6758492,0.0,False,True,False,False,False,False,False,False,False,True,False,1,1,0.0221,0.9779,
45,0,3,2,,35,4,3,3,4210.0,0,1.027,,,0.933,0.0,False,True,False,False,False,False,False,False,False,True,False,0,0,0.9161,0.0839,
44,0,4,2,,35,2,5,3,1552.0,1375,0.995,,,0.905,0.886,False,False,True,False,False,False,False,False,False,True,False,0,0,0.9999,0.0001,
49,0,3,3,,36,6,1,2,3088.0,1477,0.748,,,0.833,0.478,False,True,False,False,False,False,True,False,False,False,False,0,0,1.0,0.0,
41,1,3,1,,28,3,2,4,11100.258,0,0.528386,,,0.3093981,0.0,False,False,False,False,True,False,True,False,True,False,False,1,1,0.0454,0.9546,
54,1,2,2,,36,5,3,3,12342.0,0,0.431,,,0.423,0.0,False,True,False,False,False,False,False,False,True,False,False,1,1,0.4864,0.5136,
41,1,4,2,,21,2,3,1,3429.0,1504,0.601,,,1.0,0.439,False,False,True,False,False,False,False,False,False,True,False,0,0,0.9999,0.0001,
40,1,3,1,,36,6,3,0,34516.0,1002,1.345,,,0.7,0.029,False,True,False,False,False,False,False,False,True,False,False,0,0,0.9999,0.0001,
48,1,3,3,,38,4,3,3,8892.0,889,0.67,,,0.745,0.1,False,False,True,False,False,False,False,False,False,True,False,0,0,1.0,0.0,
53,0,2,2,,45,4,3,2,1704.73,910,0.45797625,,,0.5105522,0.53468317,False,True,False,False,False,True,False,False,True,True,False,1,1,0.0003,0.9997,
39,1,4,1,,31,1,3,3,3929.0,542,0.811,,,0.73,0.138,False,True,False,False,False,False,False,False,True,False,False,1,1,0.0105,0.9895,
65,0,1,2,,54,4,2,2,2209.0,0,1.299,,,0.857,0.0,False,False,False,False,False,True,False,False,False,True,False,0,0,0.9895,0.0105,
37,1,2,2,,23,6,1,2,5663.0,1149,0.767,,,0.794,0.203,False,True,False,False,False,False,False,True,False,False,False,0,0,0.9992,0.0008,
44,0,1,2,,38,5,3,2,3683.7957,0,0.61793405,,,0.44680798,0.0,False,True,True,False,False,False,False,False,False,True,False,1,1,0.0024,0.9976,
45,0,1,1,,32,4,2,3,8571.423,2517,0.7083741,,,0.65232277,0.2939193,False,False,True,False,False,False,False,False,False,False,True,1,1,0.0037,0.9963,
52,0,3,1,,36,1,3,4,2140.5276,0,0.8265893,,,0.38301173,0.0,False,True,False,False,False,True,True,False,False,True,False,1,1,0.0004,0.9996,
48,0,4,1,,32,6,1,3,2690.0,1903,0.824,,,0.8,0.707,False,False,False,False,True,False,True,False,False,False,False,0,0,1.0,0.0,
55,0,3,1,,36,1,3,2,8376.275,1941,0.34670132,,,0.36746728,0.23205736,True,False,True,False,False,False,False,False,True,False,True,1,1,0.0039,0.9961,
45,0,3,2,,36,4,2,1,2389.8098,994,0.6738145,,,0.50573736,0.416272,False,False,True,False,True,False,False,False,False,True,False,1,1,0.0001,0.9999,
49,1,2,0,,39,2,3,4,14839.0,512,0.176,,,0.13,0.035,False,False,True,False,False,False,True,False,False,False,False,1,1,0.0006,0.9994,
63,1,0,2,,36,2,3,1,7997.0,1096,0.716,,,0.651,0.137,False,False,False,False,True,False,False,True,False,False,False,0,0,0.9999,0.0001,
26,0,1,2,,20,6,3,3,1438.3,673,0.595,,,0.412,0.468,False,True,False,False,False,False,True,False,False,False,False,0,0,0.9912,0.0088,
53,0,0,1,,43,3,4,4,1438.3,0,0.5711597,,,0.44516677,0.0,False,True,True,False,False,False,False,False,False,True,False,1,1,0.0056,0.9944,
53,0,3,1,,42,3,3,0,5124.515,0,0.3599953,,,0.68136066,0.0,False,False,False,False,False,True,True,False,False,True,False,1,1,0.0357,0.9643,
36,0,2,1,,36,4,2,2,4066.0,1639,1.749,,,0.931,0.403,False,False,False,False,True,False,False,False,False,True,False,0,0,0.9997,0.0003,
38,0,2,1,,28,5,2,4,1614.0,0,0.609,,,0.438,0.0,True,False,False,False,False,False,False,False,False,True,False,1,1,0.0008,0.9992,
50,0,1,1,,36,3,1,2,4143.0,1888,0.561,,,0.805,0.456,False,True,False,False,False,False,False,False,False,True,False,0,0,1.0,0.0,
39,1,1,2,,36,1,1,3,34458.0,846,0.817,,,0.88,0.025,False,False,False,False,True,False,False,False,True,False,False,0,0,0.9887,0.0113,
43,1,2,3,,25,5,3,1,7534.0,0,0.587,,,0.975,0.0,False,True,False,False,False,False,False,True,False,False,False,0,0,0.9991,0.0009,
36,0,4,1,,18,4,3,2,3926.0,1760,0.874,,,0.704,0.448,False,False,False,False,False,False,False,False,False,False,True,0,0,0.9999,0.0001,
49,1,3,2,,36,6,2,3,8514.0,2013,0.664,,,0.542,0.236,False,True,False,False,False,False,False,False,False,False,False,0,0,1.0,0.0,
51,0,4,2,,36,6,3,3,2902.0,1634,0.588,,,0.51,0.563,False,False,True,False,False,False,False,False,False,True,False,0,0,0.9999,0.0001,
56,0,2,1,,50,4,2,1,1438.3,0,0.59415406,,,0.5217433,0.0,False,False,True,False,False,True,True,False,False,False,True,1,1,0.0053,0.9947,
44,0,2,0,,25,2,2,2,13138.0,0,0.546,,,0.791,0.0,False,True,False,False,False,False,False,False,False,True,False,0,0,0.9993,0.0007,
43,0,2,1,,31,3,2,3,1438.3,0,0.7952235,,,0.57545483,0.0,False,True,False,False,False,True,True,False,False,True,False,1,1,0.0001,0.9999,
46,0,2,1,,34,3,2,3,3928.9968,323,0.485,,,0.28456402,0.080822974,False,False,True,False,True,False,False,False,False,True,True,1,1,0.0001,0.9999,
30,0,1,1,,18,4,1,4,4377.0,2517,0.941,,,0.609,0.575,False,True,False,False,False,False,False,False,False,False,True,1,1,0.0173,0.9827,
42,1,3,1,,25,6,2,3,13546.0,1720,0.538,,,0.698,0.127,False,False,False,False,True,False,False,True,False,False,False,0,0,0.9999,0.0001,
37,0,2,2,,28,1,3,1,3525.0,1519,0.685,,,1.0,0.431,False,False,False,True,False,False,False,False,False,True,False,0,0,0.9996,0.0004,
40,0,3,1,,35,1,2,2,6921.8315,0,0.82727057,,,0.47603557,0.0,False,True,False,False,False,False,False,False,True,True,False,1,1,0.0,1.0,
48,0,4,1,,43,4,2,2,1438.3,0,0.722,,,0.452,0.0,False,False,True,False,False,False,True,False,False,False,False,1,1,0.0006,0.9994,
42,0,3,1,,33,4,3,3,4420.6777,0,0.6781078,,,0.44870624,0.0,False,False,True,False,False,False,True,False,False,False,False,1,1,0.0001,0.9999,
47,0,2,0,,33,6,2,3,5624.0,1216,0.691,,,1.0,0.216,False,False,False,True,False,False,True,False,False,False,False,0,0,0.9987,0.0013,
39,1,2,2,,26,6,3,2,6423.0,0,1.051,,,0.795,0.0,False,True,False,False,False,False,True,False,False,False,False,0,0,0.9915,0.0085,
48,0,3,1,,39,1,3,3,5369.5127,2031,0.49707496,,,0.5709395,0.3781453,False,False,True,False,False,False,False,False,False,True,True,1,1,0.0004,0.9996,
55,0,1,2,,42,2,2,2,2848.839,0,0.74480134,,,0.41991788,0.0,False,True,False,False,False,False,True,False,False,True,False,1,1,0.0001,0.9999,
39,1,3,2,,29,4,2,3,6733.0,1028,0.553,,,0.565,0.153,False,True,False,False,False,False,False,True,False,False,False,0,0,0.9999,0.0001,
45,1,4,2,,36,5,2,3,1438.3,1060,0.301,,,0.318,0.737,False,True,False,False,False,False,False,False,False,True,False,1,0,0.6455,0.3545,
52,0,3,1,,44,1,3,2,5359.4175,1776,0.45695537,,,0.46912408,0.3313101,False,False,True,False,False,False,False,False,False,False,True,1,1,0.0001,0.9999,
53,1,0,1,,46,4,4,2,1590.0,0,0.556,,,1.086,0.0,False,False,True,False,False,False,False,True,False,False,False,0,0,0.9999,0.0001,
48,1,3,1,,41,2,3,3,3430.0,2517,0.869,,,0.643,0.734,False,False,False,False,False,False,False,False,True,False,False,1,1,0.001,0.999,
42,0,3,1,,36,4,2,2,2526.0,2048,0.716,,,0.8,0.811,False,True,False,False,False,False,False,False,False,True,False,0,0,1.0,0.0,
38,1,2,1,,29,3,2,2,12584.457,0,0.46725303,,,0.22554281,0.0,False,True,False,False,False,True,False,True,True,False,False,1,1,0.0009,0.9991,
33,0,2,2,,17,4,3,4,2431.0,1846,0.612,,,0.644,0.759,False,True,False,False,False,False,False,False,False,True,False,0,0,0.9998,0.0002,
30,1,1,1,,13,3,6,5,2607.0,1966,0.65,,,0.607,0.754,False,False,False,False,False,True,False,False,False,True,False,0,0,0.9962,0.0038,
32,0,1,1,,23,1,2,2,4064.6643,229,0.7792689,,,0.7303592,0.05689712,False,True,False,False,False,False,False,True,False,True,False,1,1,0.0023,0.9977,
39,1,3,1,,33,6,6,4,18582.0,794,0.717,,,0.586,0.043,False,False,False,False,False,True,False,False,True,False,False,0,0,0.9695,0.0305,
43,1,2,1,,34,3,2,1,4396.0,0,0.592,,,1.053,0.0,False,True,False,False,False,False,True,False,False,False,False,0,0,0.9975,0.0025,
36,0,1,2,,36,2,3,2,1464.8115,472,0.543,,,0.49228433,0.3228026,False,False,True,False,True,False,False,False,False,True,False,1,1,0.0,1.0,
51,0,1,1,,39,1,2,2,2288.175,0,0.93867487,,,0.64388365,0.0,False,True,False,False,False,False,False,False,True,True,False,1,1,0.0,1.0,
52,0,2,1,,43,3,2,4,1822.0,1605,0.756,,,0.696,0.881,True,False,False,False,False,False,True,False,False,False,False,1,1,0.0042,0.9958,
37,1,3,1,,23,4,3,2,3034.0,2167,0.711,,,0.485,0.714,False,True,False,False,False,False,False,True,False,False,False,0,0,0.9939,0.0061,
47,0,3,1,,30,2,3,2,2942.494,0,1.0001748,,,0.7746901,0.0,False,True,True,False,False,False,False,False,False,True,False,1,1,0.0013,0.9987,
42,1,3,1,,36,2,2,1,6153.0,974,0.703,,,0.586,0.158,False,True,False,False,False,False,False,False,False,True,False,0,0,0.9998,0.0002,
38,1,2,2,,33,1,4,4,32938.0,2089,0.72,,,0.238,0.063,False,False,False,False,True,False,False,False,True,False,False,1,1,0.017,0.983,
43,0,3,2,,37,3,3,1,1438.3,0,1.0443242,,,0.22529761,0.0,False,True,True,False,False,False,False,True,False,True,False,1,1,0.0003,0.9997,
46,0,3,2,,30,2,2,1,8827.374,0,0.40499502,,,0.40906036,0.0,False,True,True,False,False,False,True,False,False,False,True,1,1,0.0,1.0,
60,1,1,2,,54,1,2,1,3618.0,972,0.578,,,0.465,0.269,False,False,False,False,True,False,False,True,False,False,False,0,0,0.9709,0.0291,
54,0,3,2,,43,4,2,3,13381.21,0,0.82913667,,,0.21067853,0.0,False,True,False,False,False,False,False,False,False,True,True,1,1,0.0026,0.9974,
37,1,2,1,,30,2,4,4,13662.0,0,0.153,,,0.0,0.0,False,True,False,False,False,False,False,False,False,False,False,1,1,0.0003,0.9997,
59,0,0,2,,49,2,3,3,11008.406,1605,0.7937952,,,0.7792048,0.14683278,False,True,False,False,False,False,False,False,True,True,False,1,1,0.001,0.999,
50,1,0,0,,39,6,3,3,9474.0,1021,0.557,,,0.588,0.108,False,False,False,False,True,False,False,True,False,False,False,0,0,0.997,0.003,
46,1,1,1,,36,3,2,2,20459.0,2071,1.248,,,2.167,0.101,False,False,False,False,True,False,False,True,False,False,False,0,0,0.9998,0.0002,
49,0,1,1,,42,1,3,1,2215.0,1347,0.655,,,0.636,0.608,False,False,True,False,False,False,False,False,False,True,False,0,0,0.9999,0.0001,
56,0,2,2,,48,6,2,2,2941.0,1619,0.9,,,0.673,0.55,False,False,False,False,True,False,True,False,False,False,False,0,0,0.9999,0.0001,
42,0,2,1,,34,5,2,1,1575.9609,1370,0.69097644,,,0.38535854,0.86912984,False,False,True,False,True,False,True,False,False,True,False,1,1,0.0001,0.9999,
38,0,2,1,,32,4,3,3,3117.795,1503,0.39474872,,,0.5301938,0.48107833,False,False,False,False,True,False,True,False,False,False,True,1,1,0.006,0.994,
49,0,1,0,,37,5,2,1,2179.1968,0,0.6980789,,,0.79943156,0.0,False,True,False,False,True,False,True,False,False,True,False,1,1,0.0022,0.9978,
41,1,3,1,,31,5,2,2,2122.0,1189,0.398,,,1.143,0.56,False,True,False,False,False,False,False,True,False,False,False,0,0,0.9656,0.0344,
51,0,1,1,,40,3,3,0,2774.0,1362,0.866,,,0.685,0.491,False,True,False,False,False,False,False,False,False,True,False,0,0,1.0,0.0,
56,0,2,1,,36,6,1,2,2781.0,1035,0.816,,,1.211,0.372,False,False,False,False,False,False,False,False,False,True,False,0,0,1.0,0.0,
42,1,2,1,,37,1,3,3,4123.763,135,0.5906919,,,0.5049415,0.03345801,False,False,False,False,True,False,False,False,True,True,False,1,1,0.0,1.0,
38,0,4,2,,28,2,3,3,9830.0,2055,0.977,,,0.917,0.209,False,True,False,False,False,False,False,False,False,False,True,0,1,0.2219,0.7781,
47,0,3,2,,36,5,3,4,7246.0,0,0.612,,,0.625,0.0,False,True,False,False,False,False,False,False,False,True,False,1,1,0.0027,0.9973,
50,1,1,3,,31,1,2,2,26840.0,769,0.609,,,0.661,0.029,False,False,True,False,False,False,False,False,True,False,False,0,0,0.9973,0.0027,
43,1,3,0,,36,4,1,0,5506.0,2129,0.705,,,0.55,0.387,False,True,False,False,False,False,False,False,True,False,False,0,0,0.9999,0.0001,
47,1,4,2,,40,6,3,2,34516.0,342,1.019075,,,0.7213625,0.0102771735,False,True,False,False,True,False,False,False,True,False,False,1,1,0.0002,0.9998,
40,1,4,2,,36,6,3,2,34516.0,572,1.05,,,1.077,0.017,False,False,False,False,True,False,False,False,True,False,False,1,1,0.0088,0.9912,
34,0,3,1,,28,5,1,3,2799.0,1762,0.986,,,0.56,0.63,False,False,False,False,True,False,True,False,False,False,False,0,0,0.9998,0.0002,
45,1,2,1,,29,1,2,4,17654.72,0,0.5566361,,,0.56725544,0.0,True,True,False,False,False,False,False,False,True,False,False,1,1,0.0001,0.9999,
60,0,0,1,,46,1,3,3,4130.245,0,0.80672425,,,0.77236176,0.0,False,False,True,False,False,False,True,False,False,True,False,1,1,0.0019,0.9981,
50,1,3,2,,33,3,1,2,2798.0,1291,0.708,,,0.683,0.461,False,True,False,False,False,False,True,False,False,False,False,0,0,0.9999,0.0001,
33,1,1,2,,26,4,3,4,19136.0,1608,0.728,,,0.528,0.084,False,False,False,False,False,False,False,False,True,False,False,0,0,0.9889,0.0111,
39,1,3,3,,36,4,2,3,33406.0,1692,1.242,,,0.875,0.051,False,False,False,False,False,False,False,False,True,False,False,0,0,1.0,0.0,
51,0,1,2,,47,4,3,1,1438.3,0,0.826,,,0.458,0.0,False,False,True,False,False,False,False,False,False,True,False,0,0,0.9996,0.0004,
50,0,2,2,,36,6,2,4,2611.0,1824,0.711,,,0.633,0.699,False,True,False,False,False,False,False,False,False,False,True,0,0,1.0,0.0,
55,0,3,1,,36,3,2,3,16547.0,1521,0.555,,,0.333,0.092,False,False,False,True,False,False,False,False,False,False,True,0,0,0.6123,0.3877,
58,0,1,0,,54,3,5,3,3266.0,859,0.74,,,0.438,0.263,False,False,False,False,True,False,False,False,False,False,True,1,1,0.0767,0.9233,
43,0,4,0,,30,4,2,3,3551.5315,2517,0.65566856,,,0.69999593,0.708867,False,False,True,True,False,False,False,False,False,True,False,1,1,0.0033,0.9967,
41,1,4,1,,29,3,2,2,34516.0,862,0.6126393,,,0.7340754,0.02507543,False,True,False,False,True,False,False,False,True,False,False,1,1,0.0354,0.9646,
48,0,2,1,,34,4,2,2,3512.3284,2517,0.7743222,,,0.47594348,0.7165565,False,True,True,False,False,False,False,False,False,True,False,1,1,0.0001,0.9999,
37,0,2,1,,27,5,2,0,1445.8461,0,0.8110693,,,0.74668175,0.0,False,False,True,False,False,False,True,False,True,False,False,1,1,0.0116,0.9884,
63,1,0,2,,56,6,2,2,9033.0,0,0.78,,,0.635,0.0,False,False,False,False,False,False,False,False,True,False,False,0,0,0.9999,0.0001,
40,1,2,1,,33,2,3,3,13496.788,0,0.6120083,,,0.045978755,0.0,False,True,False,False,False,False,False,True,False,False,False,1,1,0.0006,0.9994,
55,1,1,2,,48,3,3,3,6846.0,0,0.62,,,0.522,0.0,False,False,False,False,False,False,False,False,True,False,False,1,1,0.0394,0.9606,
48,0,3,1,,40,2,3,1,5298.0,0,0.686,,,0.667,0.0,False,True,False,False,False,False,False,False,False,True,False,0,0,0.9986,0.0014,
51,1,1,1,,39,2,3,2,34516.0,2452,0.707,,,0.608,0.071,False,True,False,False,False,False,False,False,False,False,False,0,0,0.9946,0.0054,
42,0,2,1,,36,3,2,4,2355.492,2296,0.47916192,,,0.35588783,0.97595453,False,False,False,False,True,False,False,False,False,True,False,1,1,0.0008,0.9992,
49,0,1,1,,37,3,2,2,3601.2556,2517,0.8250746,,,0.8405965,0.69914883,True,False,False,False,False,True,False,False,False,True,False,1,1,0.0358,0.9642,
53,1,2,2,,44,2,2,2,16867.49,0,0.9110112,,,0.4348452,0.0,False,False,False,False,True,False,False,False,False,False,False,1,1,0.0002,0.9998,
53,0,1,1,,40,4,2,3,3700.076,2517,0.7790589,,,0.70864916,0.68039834,False,False,True,False,False,False,False,False,False,False,True,1,1,0.0036,0.9964,
53,1,3,1,,44,3,2,3,12163.0,2082,1.554,,,0.697,0.171,False,True,False,False,False,False,False,False,False,False,False,0,0,0.9942,0.0058,
45,0,3,2,,36,1,2,2,4348.0,1830,1.036,,,0.692,0.421,False,True,False,False,False,False,False,False,False,False,True,0,0,0.9947,0.0053,
49,1,3,1,,39,3,3,2,29659.0,1143,0.512,,,0.615,0.039,False,False,True,False,False,False,False,False,True,False,False,0,0,0.996,0.004,
47,0,5,0,,30,4,1,2,5016.0,2286,0.669,,,0.649,0.456,False,False,False,True,False,False,False,False,False,True,False,0,0,0.9997,0.0003,
49,0,5,1,,36,4,2,3,2598.0,1848,0.547,,,0.814,0.711,False,False,True,False,False,False,False,False,False,True,False,0,0,1.0,0.0,
45,0,3,0,,33,6,3,2,12587.0,815,0.576,,,0.766,0.065,True,False,False,False,False,False,False,False,False,False,True,0,0,0.9999,0.0001,
45,1,2,1,,41,5,2,2,8532.0,2165,0.707,,,0.75,0.254,False,True,False,False,False,False,True,False,False,False,False,0,0,0.9988,0.0012,
42,0,4,0,,36,1,2,2,1876.0526,0,0.8468555,,,0.37289357,0.0,True,False,True,False,False,False,False,True,False,True,False,1,1,0.0,1.0,
58,1,2,1,,48,2,3,3,4085.0,2238,0.568,,,0.5,0.548,False,True,False,False,False,False,True,False,False,False,False,1,1,0.0023,0.9977,
48,1,4,2,,36,4,1,4,1536.0,1017,0.589,,,0.449,0.662,False,True,False,False,False,False,False,False,True,False,False,0,0,0.9999,0.0001,
48,0,1,1,,41,3,2,2,1438.3,1197,0.917,,,0.696,0.832,False,False,False,False,False,True,False,False,False,False,True,0,0,0.9999,0.0001,
42,0,3,1,,25,2,2,3,1732.7384,611,0.6347834,,,0.61749786,0.3532443,False,True,False,False,True,False,True,False,False,True,False,1,1,0.0,1.0,
36,1,4,2,,36,6,1,2,9887.0,994,0.488,,,0.455,0.101,False,False,False,False,False,True,True,False,False,False,False,0,0,0.9982,0.0018,
58,0,0,2,,39,4,3,2,5530.0,1233,0.859,,,1.0,0.223,False,True,False,False,False,False,True,False,False,False,False,0,0,0.9858,0.0142,
33,0,1,1,,23,2,2,3,1830.0,1777,0.639,,,0.854,0.971,False,False,False,False,True,False,False,False,False,True,False,0,0,0.9983,0.0017,
60,0,1,1,,54,2,2,3,13062.0,1731,0.936,,,0.565,0.133,False,False,False,False,True,False,False,False,False,True,False,0,0,0.9983,0.0017,
54,0,0,1,,44,5,3,2,2308.7888,0,0.616855,,,0.6000162,0.0,True,False,False,True,False,False,False,True,False,True,False,1,1,0.002,0.998,
45,0,3,1,,35,3,2,2,1717.0,1156,0.647,,,0.641,0.673,False,False,False,False,False,False,False,False,False,True,False,0,0,0.9999,0.0001,
48,0,2,1,,30,5,2,2,1448.8845,361,0.5118761,,,0.49036226,0.24858521,False,True,False,False,False,False,False,False,True,True,False,1,1,0.0005,0.9995,
43,0,4,0,,36,5,2,2,11536.0,2074,0.549,,,0.723,0.18,False,True,False,False,False,False,False,False,False,False,True,0,0,1.0,0.0,
53,0,2,3,,45,3,3,2,1438.3,0,0.61966175,,,0.37460208,0.0,False,True,False,False,False,False,False,False,False,True,True,1,1,0.0051,0.9949,
54,1,3,1,,36,2,3,1,34516.0,761,0.838,,,0.744,0.022,False,True,False,False,False,False,False,False,True,False,False,1,1,0.0088,0.9912,
41,0,4,1,,30,5,2,2,9139.0,1620,0.773,,,1.108,0.177,False,False,True,False,False,False,False,False,False,False,True,0,0,0.9999,0.0001,
50,0,0,1,,36,4,3,2,2316.5627,0,0.7277608,,,0.52331495,0.0,True,False,False,True,False,False,False,True,False,True,False,1,1,0.0007,0.9993,
54,0,3,1,,49,5,1,2,11905.0,0,0.881,,,1.167,0.0,False,True,False,False,False,False,False,False,False,False,True,0,0,0.9995,0.0005,
40,0,3,0,,32,3,1,2,1956.0,958,0.789,,,0.854,0.49,False,False,False,False,True,False,True,False,False,False,False,0,0,0.9999,0.0001,
50,0,2,1,,43,1,2,3,1859.2699,0,0.8479952,,,0.54488575,0.0,False,False,True,False,False,True,True,True,False,False,False,1,1,0.0,1.0,
53,0,1,0,,36,1,2,2,2116.5742,0,0.82327974,,,0.5531244,0.0,False,True,False,False,False,True,False,False,False,True,False,1,1,0.0,1.0,
49,0,3,2,,36,1,3,2,4705.9966,942,0.5019248,,,1.0990528,0.20010002,False,True,False,False,False,True,True,True,False,False,False,1,1,0.0006,0.9994,
51,0,1,1,,45,6,3,3,13199.0,781,0.411,,,0.63,0.059,False,True,False,False,False,False,False,False,False,True,False,1,1,0.0612,0.9388,
36,1,0,1,,27,3,3,2,6338.0,2379,0.624,,,0.5,0.375,False,False,False,False,False,False,False,False,True,False,False,0,0,0.7988,0.2012,
43,1,3,3,,31,5,1,2,13448.0,0,0.667,,,0.722,0.0,False,True,False,False,False,False,False,True,False,False,False,0,0,0.993,0.007,
55,0,1,2,,44,2,3,4,11121.39,1466,0.7881145,,,0.7848855,0.13294652,False,True,False,False,False,False,False,False,True,True,False,1,1,0.001,0.999,
44,0,3,1,,39,4,2,3,3787.6492,2517,0.55346894,,,0.7045804,0.66466886,False,False,False,False,False,False,False,False,False,True,True,1,1,0.0107,0.9893,
41,1,3,0,,33,2,2,2,20749.0,2171,0.842,,,0.674,0.105,False,False,True,False,False,False,False,True,False,False,False,0,0,0.9997,0.0003,
44,1,3,1,,32,4,2,2,34516.0,1344,0.523,,,0.673,0.039,False,True,False,False,False,False,False,False,False,False,False,0,0,0.9999,0.0001,
43,0,2,1,,31,2,2,3,4448.6074,813,0.82436365,,,0.689378,0.18294655,False,True,True,False,False,False,True,False,False,False,True,1,1,0.0003,0.9997,
46,0,4,2,,41,2,3,3,13743.0,0,0.947,,,0.767,0.0,False,False,False,False,False,False,True,False,False,False,False,0,0,0.8593,0.1407,
42,1,5,2,,36,1,1,2,6618.0,1738,0.72,,,0.854,0.263,False,False,False,False,True,False,False,True,False,False,False,0,0,0.9999,0.0001,
41,0,3,1,,24,5,2,2,1715.2866,900,0.7114112,,,0.5407981,0.52653027,False,False,True,False,False,True,True,False,False,True,False,1,1,0.0002,0.9998,
49,1,3,2,,36,2,2,2,23981.0,1408,0.844,,,0.846,0.059,False,True,False,False,False,False,True,False,False,False,False,0,0,0.9993,0.0007,
51,1,2,1,,43,1,2,2,34516.0,523,0.71581054,,,0.75098896,0.015303157,True,False,False,False,True,False,False,False,False,False,False,1,1,0.0286,0.9714,
54,1,1,1,,46,3,3,2,15554.0,2497,1.027,,,0.605,0.161,False,True,False,False,False,False,False,False,True,False,False,0,1,0.4449,0.5551,
46,1,4,1,,39,3,3,1,5106.0,1539,0.907,,,0.609,0.301,True,False,False,False,False,False,False,False,True,False,False,0,0,0.9999,0.0001,
47,0,3,1,,36,4,3,1,14057.0,1381,1.039,,,0.742,0.098,False,True,False,False,False,False,False,False,False,True,False,1,1,0.327,0.673,
52,0,4,2,,41,3,3,3,1946.1599,0,0.5479276,,,0.39192638,0.0,False,False,False,False,True,True,False,True,False,True,False,1,1,0.0002,0.9998,
43,1,5,2,,31,3,3,1,17230.0,1805,0.788,,,0.857,0.105,False,False,False,True,False,False,False,True,False,False,False,0,0,0.9995,0.0005,
54,0,2,1,,46,3,3,3,3312.0,1624,0.573,,,0.667,0.49,True,False,False,False,False,False,False,False,False,True,False,0,0,0.9963,0.0037,
38,0,2,2,,32,5,3,3,2264.0,0,0.479,,,0.333,0.0,False,False,False,False,True,False,False,False,False,True,False,0,1,0.4217,0.5783,
55,1,4,2,,44,2,3,2,1854.0,794,0.614,,,0.739,0.428,False,True,False,False,False,False,False,False,True,False,False,0,0,1.0,0.0,
43,0,2,1,,34,3,2,1,7318.202,0,0.5833203,,,0.3747335,0.0,False,False,True,False,False,False,True,False,False,False,False,1,1,0.0018,0.9982,
49,0,2,2,,33,2,2,3,2933.3308,0,0.6793679,,,0.44723475,0.0,False,True,False,False,False,False,True,False,False,True,False,1,1,0.0001,0.9999,
36,1,2,1,,28,6,2,2,2540.0,1402,1.127,,,0.794,0.552,False,True,False,False,False,False,False,True,False,False,False,0,0,1.0,0.0,
49,0,1,1,,39,5,2,2,1909.0,866,0.88,,,0.844,0.454,False,False,True,False,False,False,False,False,False,True,False,0,0,1.0,0.0,
45,1,4,2,,37,4,3,4,15578.0,0,0.716,,,0.723,0.0,False,True,False,False,False,False,True,False,False,False,False,0,0,0.9994,0.0006,
57,0,4,1,,36,3,1,2,2159.0,1004,0.603,,,0.111,0.465,False,False,False,False,False,True,False,False,False,True,False,0,0,0.979,0.021,
43,1,3,1,,39,1,1,2,23475.908,0,0.5785747,,,0.54141027,0.0,False,False,False,True,True,False,False,False,True,False,False,1,1,0.0011,0.9989,
34,0,1,2,,20,2,2,2,3190.0,1959,0.622,,,0.61,0.614,False,False,False,False,False,False,False,False,False,False,True,0,0,0.9992,0.0008,
52,0,3,1,,35,5,2,1,9804.055,0,0.6948341,,,0.55023736,0.0,False,False,False,True,True,False,False,False,False,True,False,1,1,0.0016,0.9984,
42,1,3,1,,31,1,1,1,14630.0,0,0.752,,,0.65,0.0,False,False,False,False,False,True,False,False,False,True,False,0,0,0.9989,0.0011,
30,0,0,1,,23,5,2,3,2498.0,1632,0.712,,,1.188,0.653,False,True,False,False,False,False,False,False,False,True,False,0,0,0.9981,0.0019,
34,0,2,2,,16,5,1,2,1438.3811,0,0.71230084,,,0.6362844,0.0,False,False,True,False,False,False,False,False,True,False,True,1,1,0.0058,0.9942,
35,0,2,1,,23,4,2,2,6729.0,2375,0.579,,,0.351,0.353,False,True,False,False,False,False,False,False,False,False,True,0,1,0.4965,0.5035,
47,0,4,0,,39,5,3,2,2900.922,0,0.5740933,,,0.610047,0.0,False,True,False,False,True,False,True,False,False,False,True,1,1,0.0003,0.9997,
43,0,1,1,,34,4,3,2,3233.6936,98,0.43834674,,,0.36754084,0.030443791,False,False,False,False,True,True,False,False,False,True,False,1,1,0.0001,0.9999,
44,1,2,1,,34,6,3,4,23026.0,2517,1.032,,,0.625,0.109,False,False,False,True,False,False,False,True,False,False,False,1,1,0.0364,0.9636,
33,0,1,1,,23,1,3,3,2169.6885,1692,0.44523466,,,0.54417884,0.78205115,False,True,False,False,True,False,False,False,False,True,False,1,1,0.0004,0.9996,
50,0,1,1,,36,6,2,2,4204.0,499,0.635,,,0.523,0.119,False,False,False,False,True,False,False,False,False,True,False,0,0,0.9945,0.0055,
42,0,3,1,,36,4,3,3,3442.4995,0,0.4459246,,,0.6385243,0.0,False,False,False,False,True,True,False,False,False,False,True,1,1,0.0029,0.9971,
47,0,2,1,,36,1,3,3,2780.0,2216,0.826,,,0.857,0.797,False,False,False,False,False,False,False,False,False,True,False,0,0,1.0,0.0,
33,1,1,1,,22,3,1,3,2859.0,2517,1.254,,,0.636,0.88,False,True,False,False,False,False,False,True,False,False,False,0,0,0.9891,0.0109,
51,0,3,1,,44,6,1,3,7742.0,2024,0.929,,,0.568,0.261,False,True,False,False,False,False,False,False,False,True,False,0,0,1.0,0.0,
45,0,3,1,,33,6,2,2,1980.0165,0,0.83180946,,,0.8106473,0.0,False,False,False,True,False,False,False,True,False,True,False,1,1,0.0015,0.9985,
54,1,3,1,,45,4,3,0,3380.0,1655,0.636,,,0.706,0.49,False,False,False,False,False,False,False,False,True,False,False,0,0,0.9998,0.0002,
39,0,1,2,,34,3,1,1,2884.0,2517,0.693,,,0.74,0.873,False,True,False,False,False,False,False,False,False,False,True,0,0,0.9999,0.0001,
34,0,1,1,,23,3,1,2,1687.4358,0,0.69043195,,,0.64132684,0.0,False,True,False,False,False,True,False,False,False,True,False,1,1,0.0008,0.9992,
58,0,1,1,,48,3,3,2,12423.0,1910,0.405,,,0.357,0.154,False,False,False,False,False,True,True,False,False,False,False,0,0,0.8695,0.1305,
50,0,2,1,,31,4,3,1,1438.3,348,0.542235,,,0.4526975,0.24223982,False,True,False,False,True,False,True,False,True,False,False,1,1,0.0021,0.9979,
41,1,3,1,,37,5,3,3,16954.0,1588,0.878,,,0.875,0.094,False,False,False,False,False,True,False,False,True,False,False,0,0,0.9998,0.0002,
47,1,4,2,,41,5,2,3,15594.0,0,0.631,,,0.786,0.0,False,False,False,False,False,False,False,True,False,False,False,0,0,0.9999,0.0001,
50,0,3,1,,36,2,3,3,1572.0,0,0.74,,,0.577,0.0,False,False,True,False,False,False,False,False,False,True,False,1,1,0.0,1.0,
49,0,2,1,,38,6,3,3,2468.0,0,1.057,,,0.676,0.0,False,False,False,False,True,False,False,False,False,True,False,0,0,0.9934,0.0066,
38,0,2,1,,27,4,2,2,3060.6968,0,0.73914015,,,0.7371406,0.0,False,True,False,False,True,False,False,False,False,True,True,1,1,0.0015,0.9985,
54,0,2,1,,45,4,3,2,13126.0,2086,0.659,,,0.762,0.159,False,True,False,False,False,False,False,False,False,False,True,0,0,0.959,0.041,
60,0,2,3,,52,4,3,2,2676.0,1740,0.735,,,0.725,0.65,False,False,False,False,True,False,True,False,False,False,False,0,0,1.0,0.0,
37,0,3,1,,36,3,5,2,1438.3,0,0.861,,,0.864,0.0,True,False,False,False,False,False,False,False,False,True,False,0,0,0.9999,0.0001,
52,0,1,1,,40,2,3,4,1438.3,0,0.8408221,,,0.46480918,0.0,False,True,False,False,False,False,True,False,False,False,True,1,1,0.0,1.0,
47,0,4,1,,30,2,3,1,2930.5796,0,1.058,,,0.7698067,0.0,False,True,True,False,False,False,False,False,False,True,False,1,1,0.0085,0.9915,
45,0,2,1,,25,3,2,3,5911.0,916,0.471,,,0.722,0.155,False,True,False,False,False,False,False,False,False,True,False,1,1,0.0387,0.9613,
47,0,0,1,,32,4,2,4,1706.3147,308,0.80474013,,,0.5218936,0.18053472,False,True,False,False,True,False,False,False,False,True,False,1,1,0.0001,0.9999,
60,1,0,2,,47,1,1,3,14002.0,1413,0.621,,,0.882,0.101,False,True,False,False,False,False,False,False,False,True,False,0,0,0.9998,0.0002,
59,0,0,1,,43,1,2,2,1438.3,939,0.75836533,,,0.5924642,0.65365756,True,False,True,False,False,False,False,False,False,True,False,1,1,0.0015,0.9985,
36,0,1,1,,36,1,3,3,2403.7473,496,0.6927888,,,0.39273664,0.207,False,True,False,False,False,True,False,False,False,True,False,1,1,0.0,1.0,
40,0,3,0,,28,2,2,3,9243.0,2019,0.707,,,0.608,0.218,False,False,False,False,False,False,True,False,False,False,False,0,0,0.9969,0.0031,
47,1,3,0,,35,4,2,5,29812.0,2031,0.767,,,0.515,0.068,False,False,False,False,False,True,False,True,False,False,False,0,1,0.2314,0.7686,
45,0,4,2,,40,1,2,2,7600.0,1574,0.605,,,0.396,0.207,False,False,False,False,True,False,False,False,False,False,True,0,0,0.9939,0.0061,
37,1,3,2,,36,3,2,2,7361.0,0,0.59,,,0.571,0.0,False,False,True,False,False,False,False,False,False,False,False,1,1,0.0083,0.9917,
53,1,1,3,,36,3,3,4,14111.0,1034,0.505,,,0.684,0.073,False,False,True,False,False,False,False,False,True,False,False,0,0,0.9989,0.0011,
45,0,3,1,,34,4,2,1,5056.0,0,0.905,,,0.696,0.0,False,False,True,False,False,False,False,False,False,False,True,0,0,0.999,0.001,
55,1,1,1,,36,3,2,4,34516.0,2102,0.912,,,0.737,0.061,False,True,False,False,False,False,False,False,True,False,False,0,0,0.9934,0.0066,
38,1,2,1,,36,3,3,1,2801.0,1980,0.882,,,0.406,0.707,False,False,True,False,False,False,True,False,False,False,False,0,0,0.9972,0.0028,
52,0,1,2,,40,2,1,2,4705.0,890,0.723,,,0.644,0.189,False,True,False,False,False,False,True,False,False,False,False,0,0,0.9998,0.0002,
43,0,2,1,,29,4,1,2,2616.0,1786,0.876,,,0.75,0.683,False,False,True,False,False,False,False,False,False,True,False,0,0,0.9974,0.0026,
40,1,2,3,,27,1,2,4,11350.555,1109,0.6422964,,,0.6638329,0.097681075,False,True,False,False,False,True,False,True,True,False,False,1,1,0.002,0.998,
40,0,3,1,,30,3,3,3,1438.3,0,0.6593808,,,0.62199974,0.0,False,True,True,False,False,False,False,False,False,True,False,1,1,0.0,1.0,
53,0,2,2,,45,6,3,3,6210.0,1083,0.621,,,0.59,0.174,False,False,False,False,False,False,False,False,False,True,False,0,0,0.9998,0.0002,
47,0,1,1,,37,2,2,5,3753.4675,2517,0.6256143,,,0.66288495,0.67097634,False,False,True,False,False,False,False,False,False,False,True,1,1,0.0015,0.9985,
38,0,3,1,,27,3,2,4,11332.223,0,0.37830305,,,0.24618089,0.0,False,False,False,False,False,True,False,False,False,False,True,1,1,0.0021,0.9979,
44,0,2,1,,31,3,3,3,1971.8167,1559,0.46272147,,,0.619439,0.78996414,False,False,False,False,True,True,True,False,False,False,False,1,1,0.0006,0.9994,
40,1,2,1,,36,2,3,3,17008.268,0,0.4931837,,,0.8549909,0.0,False,False,False,True,False,True,False,True,False,False,False,1,1,0.0112,0.9888,
31,1,0,2,,24,3,1,4,12050.0,1732,0.804,,,0.704,0.144,False,True,False,False,False,False,True,False,False,False,False,0,0,0.998,0.002,
56,1,1,1,,35,5,3,4,22784.113,0,0.7547582,,,0.8365418,0.0,False,True,False,False,False,True,False,False,True,False,False,1,1,0.0012,0.9988,
45,0,2,1,,34,4,3,5,3020.873,0,0.7384102,,,0.4400254,0.0,False,False,False,False,False,True,True,False,False,False,False,1,1,0.0001,0.9999,
41,1,5,1,,33,5,3,3,22770.0,2517,0.994,,,0.652,0.111,False,False,True,False,False,False,False,True,False,False,False,0,0,0.9912,0.0088,
38,0,3,2,,32,6,4,4,3072.0,1970,0.671,,,0.952,0.641,True,False,False,False,False,False,False,False,False,False,True,0,0,0.9998,0.0002,
50,1,2,2,,39,3,3,4,34516.0,82,0.5038187,,,0.50267065,0.0022596577,False,True,False,False,True,False,False,False,False,False,False,1,1,0.0001,0.9999,
59,1,0,1,,50,3,2,3,12918.0,2352,1.008,,,0.9,0.182,False,False,False,False,False,False,False,False,True,False,False,1,1,0.0113,0.9887,
47,1,5,1,,41,4,2,1,3532.0,0,0.82,,,0.6,0.0,False,False,False,True,False,False,False,False,False,True,False,0,0,0.5601,0.4399,
50,1,2,1,,37,5,2,1,34516.0,399,0.726,,,0.519,0.012,False,False,True,False,False,False,False,False,False,False,False,1,1,0.0284,0.9716,
49,1,3,0,,38,2,3,3,9959.0,1143,0.661,,,0.638,0.115,False,False,False,False,False,False,False,False,True,False,False,0,0,0.9801,0.0199,
48,0,4,1,,43,1,1,0,2089.0,1262,0.886,,,1.111,0.604,False,False,False,False,False,True,False,False,False,True,False,0,0,1.0,0.0,
39,1,3,2,,30,4,2,1,8842.0,0,0.624,,,0.756,0.0,False,False,False,False,False,False,False,False,False,False,False,0,0,1.0,0.0,
56,0,2,1,,36,4,3,3,2349.5881,1902,0.8449535,,,0.62076753,0.81032544,True,False,True,False,False,False,False,False,False,True,False,1,1,0.0203,0.9797,
54,1,3,1,,44,2,1,3,34516.0,862,0.815,,,0.762,0.025,False,True,False,False,False,False,False,False,False,False,False,0,0,0.9998,0.0002,
54,0,2,2,,42,1,2,2,2205.0,1313,0.929,,,0.673,0.595,False,False,True,False,False,False,True,False,False,False,False,0,0,0.9999,0.0001,
26,1,0,2,,19,4,1,2,1438.3,0,0.472,,,0.469,0.0,False,True,False,False,False,False,False,False,False,False,True,0,0,0.757,0.243,
29,0,1,1,,18,3,1,3,3380.9019,0,0.58673316,,,0.63554615,0.0,False,False,True,False,False,False,True,False,False,False,True,1,1,0.0241,0.9759,
38,0,2,0,,25,2,2,3,12283.452,0,0.65955466,,,0.5376515,0.0,False,True,False,False,False,True,False,False,True,False,True,1,1,0.0001,0.9999,
37,1,2,2,,36,4,2,2,11419.0,2517,1.211,,,1.059,0.22,False,False,False,False,True,False,False,True,False,False,False,0,0,0.9994,0.0006,
32,0,1,2,,13,4,1,2,10332.0,948,0.843,,,0.763,0.092,False,False,True,False,False,False,False,False,False,True,False,0,0,0.9995,0.0005,
40,0,3,1,,29,1,1,1,4660.0,1844,1.018,,,0.647,0.396,True,False,False,False,False,False,False,False,False,True,False,0,0,0.7935,0.2065,
37,0,1,2,,28,1,2,3,1673.7534,0,0.70160264,,,0.6911094,0.0,False,False,True,False,False,True,False,False,False,True,False,1,1,0.0,1.0,
34,0,3,1,,23,5,3,3,2263.0,1794,0.794,,,0.542,0.793,False,True,False,False,False,False,False,False,False,True,False,0,0,0.8506,0.1494,
55,1,1,1,,49,3,5,3,8689.403,0,0.43096474,,,0.4650433,0.0,False,True,False,True,False,False,False,True,True,False,False,1,1,0.0002,0.9998,
50,1,2,1,,44,6,3,3,34516.0,1213,0.52835894,,,0.3942661,0.0352675,False,True,True,False,False,False,False,False,False,False,False,1,1,0.0717,0.9283,
41,0,2,1,,31,3,2,2,1438.3,0,0.58839595,,,0.46661863,0.0,False,True,False,False,False,False,False,False,False,True,False,1,1,0.0,1.0,
61,1,0,1,,53,6,2,3,14434.0,1927,2.675,,,3.571,0.134,False,False,False,True,False,False,False,False,False,False,True,0,0,0.9999,0.0001,
38,0,1,3,,30,2,3,0,1438.3,583,0.888,,,1.0,0.405,False,False,True,False,False,False,False,False,False,True,False,0,0,0.9049,0.0951,
43,1,4,3,,38,5,1,3,3771.0,0,0.675,,,0.667,0.0,False,True,False,False,False,False,True,False,False,False,False,0,0,0.9989,0.0011,
55,1,0,2,,36,3,3,3,1467.0,0,0.739,,,0.85,0.0,False,False,False,False,False,True,False,True,False,False,False,0,0,0.9998,0.0002,
42,0,4,1,,35,4,2,2,4478.0,1700,0.655,,,1.235,0.38,False,False,True,False,False,False,False,False,False,True,False,0,0,1.0,0.0,
48,1,4,3,,40,6,2,2,4438.0,2472,0.69,,,0.622,0.557,False,True,False,False,False,False,False,False,True,False,False,0,0,0.9882,0.0118,
51,1,1,2,,36,6,4,4,2281.0,1751,0.761,,,0.854,0.768,False,False,True,False,False,False,False,True,False,False,False,0,0,1.0,0.0,
44,0,2,1,,36,4,2,3,2300.0198,2249,0.50062156,,,0.391101,0.9782603,False,False,True,False,False,False,False,False,False,True,False,1,1,0.0001,0.9999,
46,0,4,1,,25,3,2,3,9178.271,0,0.8640153,,,0.8770306,0.0,False,False,True,False,False,True,False,False,True,True,False,1,1,0.0003,0.9997,
39,0,3,1,,26,3,2,4,11284.069,0,0.4923774,,,0.24702713,0.0,False,False,False,False,True,False,False,False,True,False,True,1,1,0.0012,0.9988,
48,0,3,1,,36,3,2,3,3831.495,191,0.47414428,,,0.32791787,0.049808137,False,False,False,False,True,False,True,False,False,False,True,1,1,0.001,0.999,
45,0,2,1,,35,1,2,2,9595.423,0,1.0400878,,,1.2563616,0.0,False,False,True,False,True,False,False,False,False,True,True,1,1,0.0001,0.9999,
64,0,1,2,,56,4,1,1,6723.0,968,0.832,,,0.811,0.144,False,True,False,False,False,False,False,False,False,True,False,0,0,1.0,0.0,
52,0,2,1,,45,4,3,4,2486.394,0,0.7138978,,,0.45920825,0.0,False,True,False,False,False,True,True,False,False,False,True,1,1,0.0001,0.9999,
50,0,1,2,,36,6,3,2,5349.0,2391,0.671,,,0.394,0.447,True,False,False,False,False,False,True,False,False,False,False,1,1,0.131,0.869,
46,1,4,1,,36,1,2,2,2219.0,1180,0.768,,,0.625,0.532,False,False,False,True,False,False,True,False,False,False,False,0,0,0.9999,0.0001,
43,1,2,1,,37,1,3,3,2600.0,2047,0.749,,,0.682,0.787,False,False,True,False,False,False,False,True,False,False,False,0,0,1.0,0.0,
51,1,3,1,,32,3,1,4,7133.0,0,0.612,,,0.59,0.0,False,True,False,False,False,False,False,True,False,False,False,0,0,0.9822,0.0178,
51,0,1,2,,34,4,2,2,1828.2961,611,0.7517294,,,0.7245025,0.33529076,False,False,True,False,False,True,True,False,False,True,False,1,1,0.0,1.0,
35,0,0,1,,22,2,2,3,3009.0,2517,0.735,,,0.745,0.836,False,False,False,False,False,True,False,False,False,True,False,0,0,0.9963,0.0037,
49,1,3,1,,37,1,1,1,34516.0,1316,0.569,,,0.643,0.038,False,True,False,False,False,False,False,False,False,False,False,0,0,0.9997,0.0003,
49,1,3,2,,36,6,1,5,34516.0,1323,0.934,,,0.529,0.038,False,False,False,True,False,False,False,False,False,False,False,0,0,0.9997,0.0003,
38,0,3,2,,26,3,3,3,1939.0,1484,0.576,,,0.75,0.765,False,False,True,False,False,False,False,False,False,True,False,0,0,0.9999,0.0001,
46,1,2,1,,34,4,2,3,15029.23,0,0.38860723,,,0.5398809,0.0,False,True,True,False,False,False,False,True,True,False,False,1,1,0.0,1.0,
46,0,3,3,,41,2,1,4,1515.0,0,0.819,,,0.818,0.0,False,False,True,False,False,False,False,False,False,True,False,0,0,0.9755,0.0245,
54,1,4,1,,36,3,4,2,7477.0,1752,0.294,,,0.172,0.234,False,False,False,False,False,True,False,True,False,False,False,0,0,0.6772,0.3228,
36,1,3,2,,36,3,1,1,11684.0,1786,0.806,,,0.796,0.153,False,False,False,False,False,True,False,True,False,False,False,0,0,1.0,0.0,
55,1,3,0,,36,5,2,3,6183.0107,0,0.90419537,,,0.60001695,0.0,False,True,False,False,False,True,False,True,False,False,False,1,1,0.0001,0.9999,
46,1,2,1,,30,6,3,1,11670.0,915,0.892,,,0.854,0.078,False,False,True,False,False,False,False,False,True,False,False,0,0,0.9999,0.0001,
36,0,1,2,,36,6,3,1,4685.0,1626,0.945,,,0.588,0.347,False,False,False,False,True,False,False,False,False,False,True,0,0,0.9998,0.0002,
50,1,2,1,,45,6,3,2,1867.0,1478,0.727,,,0.707,0.792,False,False,False,True,False,False,False,False,True,False,False,0,0,0.9999,0.0001,
36,0,1,2,,24,2,1,2,1735.0,0,0.74,,,0.346,0.0,False,False,False,False,False,True,False,False,False,True,False,1,1,0.0004,0.9996,
57,1,2,1,,40,6,3,4,17925.0,1909,0.712,,,0.82,0.106,False,True,False,False,False,False,False,False,True,False,False,0,0,0.9992,0.0008,
51,0,1,1,,45,6,2,1,7336.0,1031,0.658,,,0.675,0.141,True,False,False,False,False,False,False,False,False,False,True,0,0,0.9999,0.0001,
48,0,2,1,,42,4,2,0,10514.0,1494,0.649,,,0.81,0.142,False,True,False,False,False,False,False,False,False,False,True,0,0,1.0,0.0,
43,0,3,2,,36,5,3,3,2313.0,1325,0.723,,,0.81,0.573,False,False,True,False,False,False,False,False,False,True,False,0,0,1.0,0.0,
47,0,2,2,,36,2,2,3,2952.5745,0,0.8242829,,,0.8492504,0.0,False,False,False,False,True,True,True,False,False,False,True,1,1,0.021,0.979,
62,1,1,2,,54,4,1,4,13284.0,607,0.857,,,0.652,0.046,False,True,False,False,False,False,False,True,False,False,False,0,0,0.9934,0.0066,
51,1,3,2,,36,3,2,2,29663.0,1743,0.667,,,0.722,0.059,False,True,False,False,False,False,False,True,False,False,False,0,0,0.9999,0.0001,
42,0,1,1,,35,3,3,2,1810.9482,0,0.540052,,,0.5610362,0.0,False,False,True,True,False,False,True,True,False,False,False,1,1,0.0009,0.9991,
51,0,2,2,,32,3,3,1,8365.0,1504,0.679,,,0.956,0.18,False,True,False,False,False,False,False,False,False,False,True,0,0,1.0,0.0,
60,0,0,2,,36,6,3,2,4115.0,1231,0.745,,,1.179,0.299,False,False,False,False,False,True,True,False,False,False,False,0,0,0.9998,0.0002,
49,1,2,0,,36,3,3,1,25178.0,1803,0.767,,,0.582,0.072,True,False,False,False,False,False,False,False,True,False,False,0,0,0.9972,0.0028,
63,0,0,1,,52,1,3,2,3339.47,0,1.0214971,,,0.3912856,0.0,False,False,True,True,False,False,True,False,False,True,False,1,1,0.0002,0.9998,
49,1,5,1,,45,2,2,3,1438.3,0,0.734,,,0.615,0.0,False,False,False,False,False,False,True,False,False,False,False,1,1,0.0015,0.9985,
47,0,2,1,,33,2,2,2,1953.5564,1599,0.9218918,,,1.0259136,0.819304,False,True,False,False,True,False,False,False,False,True,False,1,1,0.0006,0.9994,
54,1,3,2,,36,4,1,3,17686.0,0,0.733,,,0.533,0.0,False,False,True,False,False,False,False,False,True,False,False,0,1,0.3667,0.6333,
47,1,3,1,,37,4,3,4,20805.2,0,0.21423252,,,0.24086472,0.0,False,False,False,False,True,True,False,False,True,False,False,1,1,0.0038,0.9962,
32,0,2,2,,36,4,5,1,2352.0,2176,0.857,,,0.755,0.925,False,False,False,True,False,False,False,False,False,True,False,0,0,0.9999,0.0001,
56,0,4,3,,44,5,3,3,1677.0,0,0.835,,,0.324,0.0,False,True,False,False,False,False,False,False,False,True,False,1,1,0.0024,0.9976,
51,0,4,3,,40,3,3,4,7093.0,918,0.56,,,0.744,0.129,False,False,False,False,True,False,False,False,False,True,False,0,0,1.0,0.0,
53,0,3,2,,40,6,3,2,1625.0,0,0.689,,,0.433,0.0,False,True,False,False,False,False,True,False,False,False,False,1,1,0.0017,0.9983,
51,1,3,2,,43,5,3,3,7119.0,1513,0.925,,,0.909,0.213,False,False,True,False,False,False,False,True,False,False,False,0,0,0.9998,0.0002,
52,0,2,2,,45,1,1,1,4209.0,0,0.856,,,0.694,0.0,False,False,True,False,False,False,False,False,False,True,False,0,0,0.8653,0.1347,
29,1,1,1,,36,1,2,1,34516.0,1666,0.82,,,0.812,0.048,False,True,False,False,False,False,False,False,True,False,False,0,0,1.0,0.0,
48,0,2,2,,37,3,3,2,3594.0,1996,0.795,,,0.703,0.555,False,False,False,False,False,True,False,False,False,True,False,0,0,0.9999,0.0001,
49,0,2,2,,35,2,3,3,2762.0706,0,1.0485669,,,0.58778113,0.0,False,False,True,True,False,False,False,False,True,True,False,1,1,0.0004,0.9996,
49,0,2,1,,36,4,2,2,1438.3,0,0.8321243,,,0.48088506,0.0,False,False,True,False,False,True,True,False,False,True,False,1,1,0.0001,0.9999,
51,0,4,0,,40,5,3,2,2880.5354,0,0.5837898,,,0.66478276,0.0,False,True,False,False,False,False,True,False,False,True,False,1,1,0.0003,0.9997,
43,0,3,2,,35,1,3,3,33726.633,0,0.6721644,,,0.7269276,0.0,False,True,True,False,False,False,False,False,False,False,True,1,1,0.0002,0.9998,
43,1,4,1,,30,3,2,3,17228.0,1331,0.519,,,0.375,0.077,False,False,True,False,False,False,False,False,False,False,False,1,1,0.0707,0.9293,
45,0,3,2,,28,1,2,3,34516.0,0,0.36523446,,,0.35800108,0.0,False,False,True,False,False,True,False,False,False,False,True,1,1,0.0,1.0,
47,0,3,1,,36,2,2,2,2250.0315,0,0.80031365,,,0.5077354,0.0,False,True,False,False,False,False,False,False,False,True,False,1,1,0.0,1.0,
46,0,2,2,,33,1,3,3,3467.5427,0,0.76633173,,,0.48383915,0.0,False,True,False,False,False,True,False,False,False,False,True,1,1,0.0,1.0,
55,0,2,1,,36,5,3,2,12494.0,0,0.576,,,0.917,0.0,False,True,False,False,False,False,False,False,False,False,True,1,1,0.0672,0.9328,
40,1,2,3,,32,4,3,3,29923.0,0,0.937,,,0.793,0.0,False,False,True,False,False,False,False,False,True,False,False,0,1,0.1833,0.8167,
52,0,0,1,,36,1,2,2,1438.3,975,0.77193296,,,0.57256496,0.67807937,True,False,True,False,False,False,False,False,False,True,False,1,1,0.0079,0.9921,
53,0,3,1,,36,3,3,3,2819.0,0,0.4,,,0.444,0.0,False,False,False,False,False,True,False,False,False,True,False,1,1,0.0001,0.9999,
57,1,1,2,,45,1,6,1,15030.0,1395,0.625,,,0.588,0.093,False,False,True,False,False,False,False,False,True,False,False,0,0,0.9971,0.0029,
31,0,0,1,,21,4,1,4,6315.0,1305,0.542,,,0.265,0.207,False,True,False,False,False,False,False,False,False,True,False,0,0,0.9228,0.0772,
45,1,3,1,,40,1,3,2,9725.005,1942,0.7091762,,,0.70967716,0.19867013,False,False,False,False,False,False,False,False,True,False,False,1,0,0.5457,0.4543,
39,0,5,1,,31,3,3,6,3333.0,1867,0.947,,,0.282,0.56,False,False,False,False,False,True,True,False,False,False,False,1,1,0.0436,0.9564,
47,1,2,1,,39,2,3,1,18660.0,728,0.403,,,0.303,0.039,False,False,True,False,False,False,False,True,False,False,False,1,1,0.0006,0.9994,
49,1,2,2,,37,5,1,1,34516.0,415,0.91055256,,,0.83278286,0.012519473,False,False,False,False,True,False,False,False,False,False,False,1,1,0.0881,0.9119,
48,1,3,1,,38,1,3,2,8523.185,0,1.0233465,,,0.7816006,0.0,False,False,False,False,True,True,False,False,True,False,False,1,1,0.0003,0.9997,
43,0,2,1,,30,3,2,3,8256.673,1274,0.92992383,,,0.641329,0.15513219,False,True,False,False,True,False,False,False,True,True,False,1,1,0.0048,0.9952,
45,0,4,1,,36,6,1,4,2051.0,0,0.989,,,0.977,0.0,False,False,False,False,False,True,False,False,False,True,False,0,0,0.9997,0.0003,
63,1,2,1,,51,4,2,3,6922.0,1704,0.278,,,0.217,0.246,False,False,True,False,False,False,False,False,True,False,False,0,0,0.8653,0.1347,
45,1,4,0,,34,4,2,3,3489.0,2517,0.721,,,0.56,0.721,False,False,True,False,False,False,False,False,False,True,False,1,1,0.0022,0.9978,
36,0,2,2,,25,5,1,3,16867.709,425,0.8841043,,,0.76813173,0.024119074,False,False,True,False,False,False,False,True,False,False,True,1,1,0.0003,0.9997,
38,0,2,2,,36,3,1,2,1811.4233,0,0.45922238,,,0.34837577,0.0,False,False,False,True,False,True,True,False,True,False,False,1,1,0.0015,0.9985,
36,0,3,2,,23,6,2,1,2410.0,1705,0.798,,,0.568,0.707,False,False,False,True,False,False,False,False,False,True,False,0,0,0.9979,0.0021,
44,1,1,1,,34,6,2,0,2885.0,1895,0.387,,,0.632,0.657,False,False,False,False,False,True,False,False,False,False,True,0,0,0.9992,0.0008,
41,0,3,2,,31,4,3,1,3163.3464,0,0.66956645,,,0.48815602,0.0,False,True,False,False,False,False,False,False,False,True,False,1,1,0.0557,0.9443,
52,1,2,0,,41,4,3,3,6531.3276,271,0.6238334,,,0.5048346,0.041700885,False,True,False,True,False,False,False,True,True,False,False,1,1,0.0001,0.9999,
48,0,2,2,,42,4,3,3,1887.7462,661,0.73461795,,,0.42120254,0.3502359,False,True,False,False,False,False,True,False,False,True,False,1,1,0.0001,0.9999,
54,0,3,1,,43,3,2,2,2358.2246,0,0.7389808,,,0.49612445,0.0,False,False,False,False,True,False,False,True,False,True,False,1,1,0.0006,0.9994,
53,1,3,2,,36,4,3,2,34516.0,2517,0.741,,,0.833,0.073,False,True,False,False,False,False,False,False,True,False,False,0,0,0.9894,0.0106,
44,1,2,1,,37,2,2,1,25476.08,2021,0.8036066,,,0.878285,0.07869114,True,True,False,False,False,False,False,False,True,False,False,1,1,0.0559,0.9441,
50,1,3,1,,36,4,3,3,34516.0,2286,0.8821013,,,0.8609416,0.065880366,False,True,True,False,False,False,False,False,True,False,False,1,1,0.0022,0.9978,
44,0,4,0,,36,5,3,3,2333.0,1485,0.692,,,0.722,0.637,False,False,True,False,False,False,False,False,False,True,False,0,0,0.9978,0.0022,
50,0,2,2,,33,2,2,2,2983.417,0,0.82878053,,,0.36052698,0.0,False,False,False,False,True,True,True,False,False,True,False,1,1,0.0,1.0,
44,1,4,1,,32,4,3,3,5175.0,0,0.72,,,0.768,0.0,False,False,False,False,False,True,False,True,False,False,False,0,0,0.9973,0.0027,
44,0,1,0,,38,4,3,3,3072.3005,0,0.7546558,,,0.4351659,0.0,False,False,False,False,False,False,True,False,False,True,False,1,1,0.0003,0.9997,
43,1,3,2,,30,4,2,3,8669.253,0,0.49133283,,,0.6869046,0.0,False,True,False,False,False,False,False,True,False,False,False,1,1,0.001,0.999,
39,0,3,0,,35,4,3,3,2803.0056,0,0.8620508,,,0.5363374,0.0,False,False,False,False,True,True,False,False,False,False,True,1,1,0.0004,0.9996,
47,0,3,1,,36,4,3,4,1438.3,772,1.451,,,0.905,0.537,True,False,False,False,False,False,False,False,False,True,False,0,0,0.9685,0.0315,
56,0,3,2,,36,4,1,0,5108.0,1656,0.711,,,0.323,0.324,False,True,False,False,False,False,True,False,False,False,False,0,0,0.9989,0.0011,
43,0,1,2,,30,3,2,0,5700.0,1904,0.649,,,0.61,0.334,False,False,True,False,False,False,False,False,False,False,True,0,0,0.9999,0.0001,
42,1,3,2,,37,2,3,1,17887.0,1821,0.687,,,1.148,0.102,False,True,False,False,False,False,False,True,False,False,False,0,0,0.9997,0.0003,
53,1,2,1,,40,3,3,3,11262.0,1435,0.735,,,0.649,0.127,True,False,False,False,False,False,False,True,False,False,False,0,0,0.9953,0.0047,
64,1,1,2,,52,5,3,2,2563.0,2242,1.114,,,0.826,0.875,False,True,False,False,False,False,False,False,False,True,False,0,0,1.0,0.0,
44,1,2,1,,40,2,2,5,9577.113,2467,0.74403226,,,0.5496894,0.25806576,False,True,False,False,False,False,True,True,False,False,False,1,1,0.0026,0.9974,
39,0,3,3,,36,2,3,2,1817.0,0,0.583,,,0.833,0.0,False,False,True,False,False,False,False,False,False,True,False,1,1,0.0006,0.9994,
50,0,2,1,,30,2,3,2,2884.5676,2517,1.0061562,,,0.6029569,0.8725531,False,False,False,False,True,True,False,False,False,True,False,1,1,0.0011,0.9989,
53,1,2,1,,43,6,1,3,6704.0,1354,0.411,,,0.364,0.202,False,False,False,False,True,False,False,False,True,False,False,0,0,0.9988,0.0012,
50,0,1,1,,42,6,1,2,7115.0,2000,0.769,,,0.966,0.281,False,False,True,False,False,False,False,False,False,True,False,0,0,0.9999,0.0001,
53,0,1,1,,40,3,3,2,4556.288,1226,0.9691613,,,1.0330089,0.27326533,True,False,False,False,True,False,False,False,False,True,False,1,1,0.1014,0.8986,
45,0,2,2,,36,2,2,2,1839.0,0,0.782,,,0.784,0.0,False,False,False,False,True,False,False,False,False,True,False,0,0,0.9998,0.0002,
65,1,0,2,,56,3,3,2,3422.0,0,0.929,,,0.686,0.0,False,True,False,False,False,False,False,False,False,True,False,0,0,0.9778,0.0222,
40,0,0,1,,24,3,2,4,1438.3,0,0.8551516,,,0.53120565,0.0,False,True,False,False,True,False,True,False,False,True,False,1,1,0.0001,0.9999,
49,0,2,2,,32,3,2,2,1438.3,221,0.47030395,,,0.4764621,0.15342131,False,True,False,False,False,False,False,False,True,True,False,1,1,0.0,1.0,
33,0,1,1,,36,4,2,3,1641.1793,0,0.34872964,,,0.32534796,0.0,False,True,False,False,False,False,False,True,False,True,False,1,1,0.0004,0.9996,
45,1,4,2,,36,3,3,3,4981.7534,0,0.8861074,,,1.0,0.0,False,False,False,False,False,True,True,False,False,False,False,1,1,0.0013,0.9987,
52,0,2,2,,40,3,1,3,1960.0,1428,0.57,,,0.641,0.729,False,False,True,False,False,False,False,False,False,True,False,0,0,0.9999,0.0001,
53,0,3,1,,45,5,1,3,2495.0,1354,0.623,,,0.476,0.543,False,False,True,False,False,False,False,False,False,False,True,0,0,0.9976,0.0024,
44,0,2,2,,35,2,3,4,4196.0,561,0.741,,,0.652,0.134,False,True,False,False,False,False,True,False,False,False,False,1,1,0.0,1.0,
47,0,3,3,,38,1,3,2,4072.0,1594,0.678,,,0.886,0.391,True,False,False,False,False,False,False,False,False,False,True,0,0,1.0,0.0,
28,1,0,1,,16,5,1,3,3665.0,0,0.737,,,0.409,0.0,False,False,False,True,False,False,True,False,False,False,False,0,0,0.765,0.235,
51,1,3,1,,45,5,2,4,32096.0,0,0.766,,,0.917,0.0,True,False,False,False,False,False,False,False,True,False,False,0,0,0.9792,0.0208,
49,1,3,1,,39,4,1,4,9264.0,629,0.659,,,0.58,0.068,False,False,True,False,False,False,False,True,False,False,False,0,0,1.0,0.0,
61,1,0,1,,48,1,3,1,15483.0,2148,0.738,,,0.774,0.139,False,True,False,False,False,False,False,True,False,False,False,0,0,0.9998,0.0002,
36,0,1,1,,19,1,1,2,4735.613,0,0.87195086,,,0.83828,0.0,False,True,False,False,False,True,False,False,False,True,False,1,1,0.0001,0.9999,
57,1,2,1,,46,3,1,3,11454.594,2375,0.8973414,,,0.8795337,0.20720851,False,True,False,False,True,False,False,False,True,False,False,1,0,0.8676,0.1324,
35,0,2,0,,28,2,3,3,12621.094,0,0.6542039,,,0.5171778,0.0,False,True,False,False,False,True,False,True,False,False,True,1,1,0.0004,0.9996,
38,1,3,2,,26,3,3,2,1438.3,0,0.399,,,0.455,0.0,False,False,False,False,False,False,False,False,True,False,False,1,1,0.0277,0.9723,
41,1,2,2,,28,1,2,3,13679.0,2267,1.232,,,0.689,0.166,False,False,False,False,False,True,False,False,True,False,False,0,0,0.9971,0.0029,
41,0,2,1,,36,6,1,3,11239.0,1375,0.94,,,0.78,0.122,False,True,False,False,False,False,True,False,False,False,False,0,0,1.0,0.0,
46,0,4,1,,39,5,3,3,1438.3,819,0.786,,,0.692,0.569,False,False,False,False,False,True,True,False,False,False,False,1,1,0.0066,0.9934,
44,1,0,2,,36,6,3,2,6606.0,2517,0.825,,,0.659,0.381,False,False,True,False,False,False,False,True,False,False,False,0,0,0.9997,0.0003,
41,0,2,1,,34,4,2,3,1489.1619,0,0.71562654,,,0.51896274,0.0,False,True,False,False,False,False,False,False,False,True,False,1,1,0.0002,0.9998,
60,1,1,1,,47,6,1,5,3735.0,1175,1.036,,,0.65,0.315,False,False,False,False,True,False,True,False,False,False,False,1,1,0.1354,0.8646,
41,0,2,2,,36,2,2,3,2892.0,2517,0.777,,,0.714,0.87,False,False,False,False,True,False,False,False,False,True,False,1,1,0.0117,0.9883,
45,0,3,2,,33,4,3,3,4345.3096,2199,0.46512246,,,0.29228455,0.5062233,False,False,False,False,False,True,False,False,False,False,True,1,1,0.007,0.993,
52,0,1,1,,36,5,1,2,3136.0,1864,0.693,,,0.25,0.594,False,False,True,False,False,False,True,False,False,False,False,0,0,0.939,0.061,
45,0,3,1,,33,1,2,3,4174.0,2507,0.832,,,0.755,0.601,False,False,True,False,False,False,False,False,False,True,False,0,0,0.9784,0.0216,
34,0,1,2,,25,2,2,3,13807.711,0,0.9163745,,,0.6189335,0.0,False,False,True,False,False,False,False,False,False,True,True,1,1,0.0002,0.9998,
64,0,0,1,,54,3,5,3,5894.7983,497,0.9894467,,,0.46754178,0.084476,False,True,True,False,False,False,False,False,False,True,True,1,1,0.0143,0.9857,
53,0,1,2,,39,4,3,4,1773.0,1539,0.893,,,0.762,0.868,False,False,False,False,True,False,False,False,False,True,False,0,0,1.0,0.0,
36,0,1,2,,31,1,2,2,1653.1202,0,0.67632514,,,0.58330286,0.0,False,True,False,False,True,False,True,False,False,True,False,1,1,0.0001,0.9999,
53,0,3,1,,45,1,2,4,1551.6143,802,0.805011,,,0.749958,0.51698536,False,False,True,False,False,True,False,False,False,True,False,1,1,0.0001,0.9999,
48,1,3,0,,38,3,3,3,34516.0,0,0.44849804,,,0.47680944,0.0,False,True,False,False,True,False,False,False,False,False,False,1,1,0.0064,0.9936,
48,0,2,1,,37,5,2,3,4369.068,0,0.7250847,,,0.5412411,0.0,True,False,False,False,False,True,True,False,False,False,True,1,1,0.0002,0.9998,
47,0,3,1,,34,3,3,2,1561.0,0,0.502,,,0.556,0.0,False,False,False,False,False,True,False,False,False,True,False,1,1,0.0001,0.9999,
44,1,4,2,,36,4,2,2,10834.0,0,0.522,,,0.594,0.0,False,True,False,False,False,False,False,False,True,False,False,1,1,0.0126,0.9874,
55,0,4,0,,42,3,1,1,20464.572,2517,0.74509805,,,0.30065912,0.12297634,False,False,True,False,False,False,False,False,True,False,True,1,1,0.061,0.939,
49,1,3,2,,36,5,3,1,34516.0,1255,0.731,,,0.698,0.036,False,False,False,False,False,False,False,True,False,False,False,0,0,1.0,0.0,
50,0,3,1,,41,4,3,3,2504.752,0,0.7042358,,,0.38432756,0.0,False,True,False,False,False,True,True,False,False,False,True,1,1,0.0001,0.9999,
46,1,3,3,,37,6,4,3,1530.0,0,0.635,,,0.773,0.0,False,True,False,False,False,False,False,False,True,False,False,0,0,0.9999,0.0001,
45,0,3,1,,36,1,2,4,1438.3,0,0.34437862,,,0.50347656,0.0,False,True,False,False,False,False,False,False,False,True,False,1,1,0.0,1.0,
56,1,1,2,,38,2,3,3,29111.938,0,0.6636697,,,0.5131988,0.0,False,True,False,False,False,False,False,True,False,False,False,1,1,0.0013,0.9987,
40,0,1,2,,31,3,2,3,1504.5892,0,0.79136324,,,0.6288072,0.0,False,True,False,False,False,False,False,False,False,True,False,1,1,0.0,1.0,
49,1,2,1,,44,6,2,2,13884.0,1204,0.575,,,0.556,0.087,False,False,False,False,True,False,False,False,True,False,False,0,0,0.9997,0.0003,
47,0,2,2,,37,2,3,3,1488.3535,0,0.5850593,,,0.3326371,0.0,False,True,False,False,False,False,False,False,False,True,False,1,1,0.0,1.0,
52,0,2,2,,44,6,2,3,3360.0,1219,0.412,,,1.0,0.363,False,True,False,False,False,False,True,False,False,False,False,0,0,0.9951,0.0049,
58,1,1,1,,48,1,4,3,15793.174,727,0.75270563,,,0.17240065,0.045661524,False,True,False,False,False,False,False,False,False,False,False,1,1,0.036,0.964,
48,0,3,1,,36,4,2,2,5573.0,1238,0.624,,,0.837,0.222,False,True,False,False,False,False,True,False,False,False,False,0,0,0.9998,0.0002,
55,0,0,2,,48,4,1,4,9900.898,0,0.80779594,,,0.70445186,0.0,False,True,True,False,False,False,True,False,False,False,True,1,1,0.0028,0.9972,
63,0,0,1,,51,1,3,2,3372.6155,0,1.0095209,,,0.38651374,0.0,False,False,True,False,True,False,True,False,False,False,True,1,1,0.0008,0.9992,
54,0,3,1,,49,5,1,2,1438.3,886,0.822,,,0.717,0.616,False,False,True,False,False,False,True,False,False,False,False,0,0,1.0,0.0,
47,0,1,2,,43,1,2,2,1477.3138,903,0.44908077,,,0.35633096,0.61138225,False,False,False,True,False,True,True,False,False,True,False,1,1,0.0002,0.9998,
54,1,2,0,,49,4,3,3,24248.512,276,0.6468317,,,0.57609195,0.010956945,False,False,False,True,False,True,False,False,True,False,False,1,1,0.0003,0.9997,
41,1,4,1,,32,5,3,2,18001.0,906,0.62,,,0.471,0.05,False,False,False,True,False,False,False,True,False,False,False,0,0,0.9708,0.0292,
45,1,4,1,,32,3,2,1,6637.0,0,0.675,,,0.6,0.0,False,False,False,False,False,False,False,False,False,True,False,0,1,0.471,0.529,
47,0,3,1,,33,3,3,4,5443.4536,0,0.5871416,,,0.32140464,0.0,False,True,False,False,False,True,True,False,False,True,False,1,1,0.0,1.0,
41,1,2,1,,30,5,3,3,11107.0,1222,0.538,,,0.941,0.11,False,False,False,False,True,False,True,False,False,False,False,0,0,0.9987,0.0013,
46,1,2,0,,34,3,2,4,34516.0,2517,0.3999691,,,0.45580795,0.073,False,False,True,False,False,True,False,True,True,False,False,1,1,0.0005,0.9995,
52,0,1,1,,44,2,4,3,4477.2183,694,0.87245005,,,0.570729,0.15499713,False,False,True,False,False,True,True,True,False,False,False,1,1,0.0,1.0,
35,0,3,1,,21,3,1,1,2272.0,604,0.987,,,0.974,0.266,False,True,False,False,False,False,False,False,False,True,False,0,0,0.9992,0.0008,
52,0,3,0,,41,3,3,4,6060.0,1687,0.563,,,0.711,0.278,False,True,False,False,False,False,False,False,False,True,False,0,0,0.9999,0.0001,
55,0,2,2,,49,2,2,2,2746.6228,2423,0.87353134,,,0.3835591,0.8833584,False,False,True,False,False,False,False,False,True,True,False,1,1,0.0001,0.9999,
39,0,2,1,,19,5,3,1,3156.0,2095,1.281,,,0.75,0.664,False,False,False,False,False,True,False,False,False,True,False,0,0,0.9888,0.0112,
57,1,1,1,,36,4,1,3,9037.0,1544,0.321,,,0.5,0.171,False,True,False,False,False,False,False,True,False,False,False,0,0,0.974,0.026,
36,1,4,2,,36,5,3,2,10216.0,1822,0.778,,,0.683,0.178,False,True,False,False,False,False,False,False,True,False,False,0,0,0.9999,0.0001,
38,1,1,3,,18,3,3,3,3523.0,1379,0.71,,,0.71,0.391,False,False,False,False,True,False,True,False,False,False,False,0,0,0.999,0.001,
46,0,2,2,,35,3,2,3,11676.01,624,0.77222556,,,0.6048463,0.053406928,False,True,False,False,False,False,False,False,True,False,True,1,1,0.0005,0.9995,
55,1,2,2,,36,2,1,1,17540.0,1337,0.734,,,0.6,0.076,False,False,False,False,True,False,False,True,False,False,False,0,0,1.0,0.0,
36,0,2,0,,36,3,2,1,14304.0,699,0.549,,,0.521,0.049,False,False,False,False,True,False,False,False,False,False,True,0,0,0.9991,0.0009,
58,0,1,2,,46,3,3,3,3300.5305,501,0.8809905,,,0.67765605,0.15027222,False,True,False,False,False,True,False,False,False,True,False,1,1,0.0007,0.9993,
51,0,2,2,,32,4,1,2,5351.0,0,0.763,,,0.5,0.0,False,False,True,False,False,False,True,False,False,False,False,0,0,0.9977,0.0023,
56,1,2,1,,37,1,2,3,15903.968,0,1.0218242,,,0.3684252,0.0,False,True,False,False,False,False,False,False,False,False,False,1,1,0.0017,0.9983,
46,0,2,1,,33,2,2,2,2231.2034,0,0.787838,,,0.54231167,0.0,False,True,False,False,False,True,False,False,False,True,False,1,1,0.0,1.0,
50,0,3,1,,34,3,3,4,2093.942,0,0.3087279,,,0.27731165,0.0,False,True,False,False,True,False,False,True,False,True,False,1,1,0.0001,0.9999,
44,0,3,2,,38,3,2,3,5369.479,0,0.64766186,,,0.4614615,0.0,False,True,False,False,False,True,True,False,False,False,False,1,1,0.0002,0.9998,
43,0,2,2,,36,1,2,2,3226.0,2145,0.644,,,0.786,0.665,False,True,False,False,False,False,False,False,False,True,False,0,0,0.9999,0.0001,
43,1,3,2,,31,3,1,2,4098.0,1776,0.673,,,0.647,0.433,False,True,False,False,False,False,False,False,False,True,False,0,0,1.0,0.0,
34,0,4,0,,26,5,5,3,3038.0,1539,0.707,,,0.688,0.507,False,True,False,False,False,False,True,False,False,False,False,0,0,0.9655,0.0345,
50,1,1,2,,44,3,3,2,3370.0,1133,0.722,,,0.686,0.336,False,True,False,False,False,False,False,False,True,False,False,0,0,1.0,0.0,
44,0,2,2,,26,1,2,2,8295.769,2436,0.71858203,,,0.7895527,0.2939992,False,False,False,False,True,True,True,False,False,True,False,1,1,0.0015,0.9985,
48,0,1,1,,44,2,2,3,1706.1644,0,0.61958534,,,0.53208554,0.0,False,False,False,False,True,True,True,False,False,True,False,1,1,0.0,1.0,
37,0,1,2,,36,2,3,2,1454.6724,499,0.543,,,0.586639,0.34391245,False,False,True,False,True,False,False,False,False,True,False,1,1,0.0,1.0,
47,1,0,0,,40,2,3,2,34516.0,2336,0.4854272,,,0.4432256,0.0676144,False,False,True,False,False,False,False,False,True,False,False,1,1,0.0033,0.9967,
36,0,1,1,,26,3,2,4,2306.779,0,0.66855645,,,0.3817633,0.0,True,False,False,False,False,False,True,False,False,False,True,1,1,0.0114,0.9886,
41,0,4,1,,31,4,3,4,2934.0,933,0.898,,,0.737,0.318,False,False,False,False,False,True,False,False,False,True,False,0,0,0.9998,0.0002,
44,1,2,1,,35,4,3,3,24497.115,1510,0.55052906,,,0.907409,0.0620667,False,True,False,True,False,False,False,True,True,False,False,1,1,0.0284,0.9716,
48,0,4,1,,37,3,2,3,1745.0,0,0.657,,,0.63,0.0,False,False,False,False,False,False,False,False,False,True,False,1,1,0.0004,0.9996,
39,1,1,1,,36,2,2,3,24239.0,0,0.94,,,0.78,0.0,False,True,False,False,False,False,False,False,True,False,False,1,1,0.0004,0.9996,
41,1,2,2,,33,2,2,3,7576.3413,0,0.64522374,,,0.5202111,0.0,False,False,True,True,False,False,False,False,True,False,False,1,1,0.0,1.0,
55,1,2,1,,41,4,3,2,14938.0,0,0.49,,,0.632,0.0,False,False,False,False,False,True,False,False,False,False,False,0,0,0.9741,0.0259,
47,0,2,2,,41,2,2,3,1467.9614,990,0.39047226,,,0.33209866,0.67572504,False,True,False,True,False,False,True,False,False,True,False,1,1,0.0002,0.9998,
43,1,3,1,,32,2,1,2,4196.0,1331,0.537,,,0.841,0.317,False,True,False,False,False,False,False,False,True,False,False,0,0,0.9999,0.0001,
56,0,0,2,,45,3,6,2,2463.0,1621,0.568,,,0.591,0.658,False,True,False,False,False,False,False,False,False,True,False,0,0,1.0,0.0,
43,1,2,1,,34,4,2,2,9894.084,2238,0.9348776,,,0.571286,0.22624192,False,False,True,True,False,False,True,False,False,False,False,1,1,0.0044,0.9956,
44,0,3,1,,33,3,2,2,1621.0,0,0.603,,,0.52,0.0,False,True,False,False,False,False,False,False,False,True,False,0,0,0.9992,0.0008,
45,1,5,1,,26,6,3,2,34516.0,797,1.133,,,1.034,0.023,False,True,False,False,False,False,False,False,False,False,False,0,0,0.9994,0.0006,
53,0,2,2,,47,3,3,3,1438.3,0,0.59424615,,,0.34276405,0.0,False,True,False,False,False,False,False,False,False,True,False,1,1,0.0015,0.9985,
46,1,2,0,,34,3,2,4,34516.0,2517,0.40483665,,,0.45597202,0.073,False,False,True,False,False,True,False,True,True,False,False,1,1,0.0005,0.9995,
43,1,2,1,,36,3,2,2,17212.617,0,0.43175533,,,0.3651066,0.0,False,True,False,False,True,False,False,True,False,False,False,1,1,0.0023,0.9977,
30,0,1,2,,36,2,2,3,2525.2817,2310,0.6334136,,,0.49899837,0.9150603,False,False,False,False,True,False,True,False,False,True,False,1,1,0.0024,0.9976,
53,1,2,1,,39,3,2,3,13091.0,985,0.322,,,0.276,0.075,False,False,True,False,False,False,False,False,False,False,False,0,0,0.5215,0.4785,
51,1,0,3,,44,2,2,3,22741.0,2176,0.689,,,0.887,0.096,False,False,True,False,False,False,False,False,True,False,False,0,0,0.9978,0.0022,
47,0,4,0,,38,2,3,1,11283.764,270,0.90874165,,,0.7754604,0.025780005,False,False,True,False,True,False,False,False,True,False,True,1,1,0.001,0.999,
41,1,0,3,,36,3,2,3,18214.0,1998,0.829,,,1.1,0.11,False,False,True,False,False,False,False,False,False,False,False,0,0,0.9999,0.0001,
41,1,3,2,,36,4,3,2,34516.0,571,1.011619,,,0.9926204,0.016707016,False,False,False,False,True,False,False,False,True,False,False,1,1,0.0003,0.9997,
31,1,1,2,,20,5,3,3,13734.0,0,0.855,,,0.762,0.0,False,False,False,True,False,False,True,False,False,False,False,0,0,0.9848,0.0152,
39,0,1,2,,30,5,2,3,3491.2893,0,0.6979411,,,0.54060405,0.0,False,True,True,False,False,False,False,False,False,True,False,1,1,0.0003,0.9997,
46,0,3,1,,39,3,2,3,1438.3,0,0.786,,,0.795,0.0,False,False,False,False,False,False,False,False,False,True,False,0,0,1.0,0.0,
44,0,3,2,,33,3,3,2,10544.62,0,1.0323652,,,0.5429032,0.0,False,False,False,False,False,True,True,False,True,False,False,1,1,0.0123,0.9877,
44,0,2,1,,35,2,3,3,4238.2036,584,0.7640057,,,0.61423886,0.13780785,False,True,False,False,False,False,True,False,False,False,True,1,1,0.0,1.0,
48,0,1,0,,36,5,2,2,2187.7122,0,0.6683469,,,0.71463156,0.0,False,False,False,False,True,False,True,False,False,True,False,1,1,0.0022,0.9978,
46,0,2,2,,37,1,2,3,1438.3,0,0.3632818,,,0.4602442,0.0,False,True,False,False,False,False,False,False,False,True,False,1,1,0.0,1.0,
54,1,4,1,,36,2,3,5,7684.0,0,0.61,,,0.789,0.0,False,True,False,False,False,False,False,False,False,False,False,1,1,0.0351,0.9649,
53,1,1,2,,45,6,2,3,10001.0,0,0.676,,,0.644,0.0,False,False,False,False,False,True,False,False,False,False,False,0,0,1.0,0.0,
54,1,2,2,,50,2,1,3,3682.0,2517,0.379,,,0.25,0.684,False,False,False,False,True,False,True,False,False,False,False,1,1,0.0049,0.9951,
47,0,4,2,,27,4,6,3,6885.0,1611,0.955,,,0.861,0.234,False,False,False,True,False,False,True,False,False,False,False,0,0,0.9997,0.0003,
46,1,3,2,,36,4,2,3,1621.0,787,0.551,,,0.738,0.486,False,False,False,False,False,False,False,True,False,False,False,0,0,1.0,0.0,
42,0,3,1,,33,2,3,1,3794.0,1544,0.72,,,0.538,0.407,False,True,False,False,False,False,False,False,False,True,False,0,0,0.9959,0.0041,
55,0,2,1,,40,5,3,2,12353.253,0,0.449965,,,0.9851668,0.0,False,True,False,False,False,False,False,False,False,True,True,1,1,0.0178,0.9822,
46,0,2,1,,32,1,3,5,1789.1833,0,0.64598197,,,0.57357615,0.0,False,True,False,False,True,False,False,True,False,True,False,1,1,0.0,1.0,
33,0,3,2,,23,6,4,1,2562.0,1968,0.546,,,0.591,0.768,False,False,False,False,False,False,False,False,False,True,False,0,0,0.9996,0.0004,
44,0,1,1,,36,3,2,4,1953.0,1762,0.743,,,0.655,0.902,False,False,False,False,True,False,False,False,False,True,False,0,0,0.9999,0.0001,
54,0,2,1,,45,5,2,4,2683.0,1671,0.784,,,0.423,0.623,False,True,False,False,False,False,False,False,False,True,False,0,0,0.9994,0.0006,
42,0,4,1,,33,4,3,2,2918.0,0,0.559,,,0.459,0.0,False,True,False,False,False,False,True,False,False,False,False,1,1,0.0108,0.9892,
40,1,2,1,,29,5,2,3,9109.0,1347,0.695,,,0.867,0.148,False,False,False,False,True,False,False,False,True,False,False,0,0,0.9998,0.0002,
41,0,4,0,,36,3,3,2,1919.0,867,0.741,,,0.704,0.452,False,True,False,False,False,False,True,False,False,False,False,0,0,1.0,0.0,
52,0,1,2,,43,5,2,3,1438.3,604,0.81,,,0.694,0.42,False,False,False,False,False,False,False,False,False,True,False,0,0,1.0,0.0,
38,0,2,2,,24,3,2,3,2214.0,570,0.688,,,0.25,0.257,False,True,False,False,False,False,False,False,False,False,True,1,1,0.0115,0.9885,
45,0,4,1,,32,1,1,1,3335.0,2238,0.644,,,0.95,0.671,False,False,False,False,True,False,False,False,False,True,False,0,0,0.9993,0.0007,
53,1,1,1,,41,4,2,1,4357.4346,0,0.9862165,,,0.75955266,0.0,False,False,False,False,False,True,False,True,False,True,False,1,1,0.0004,0.9996,
55,1,2,2,,46,3,1,4,34516.0,1718,0.51,,,0.423,0.05,False,True,False,False,False,False,False,False,True,False,False,0,0,0.9978,0.0022,
50,0,2,2,,41,2,3,2,2751.0,2253,0.497,,,0.481,0.819,False,False,False,False,True,False,False,False,False,False,True,1,1,0.0002,0.9998,
43,1,5,1,,37,4,3,4,11099.0,0,0.89,,,0.75,0.0,False,False,True,False,False,False,False,False,False,False,False,0,0,0.9998,0.0002,
38,0,3,1,,27,4,3,3,1438.3,0,0.73,,,0.552,0.0,False,False,True,False,False,False,False,False,False,True,False,1,1,0.0007,0.9993,
48,0,2,1,,37,4,2,1,14235.356,1355,0.92232794,,,0.81320167,0.09518013,False,True,False,False,True,False,False,False,False,True,False,1,1,0.2348,0.7652,
55,0,2,0,,43,5,2,1,2239.0,1340,0.658,,,0.587,0.598,False,False,False,False,False,False,False,False,False,True,False,0,0,1.0,0.0,
49,0,0,2,,43,6,3,3,2874.0,0,0.676,,,0.78,0.0,False,False,False,False,False,True,False,False,False,False,True,0,0,1.0,0.0,
29,1,0,0,,14,6,3,3,3544.0,0,0.718,,,1.032,0.0,False,False,False,False,False,True,False,False,True,False,False,0,0,0.994,0.006,
46,0,1,1,,38,3,2,2,1803.0,0,0.415,,,0.321,0.0,False,False,False,True,False,False,True,False,False,False,False,1,1,0.0001,0.9999,
38,0,2,1,,25,2,2,2,3069.0828,0,0.7784767,,,0.41689965,0.0,False,True,False,False,True,False,False,False,False,True,False,1,1,0.0001,0.9999,
33,1,1,2,,28,4,3,3,34516.0,0,0.636,,,0.842,0.0,False,False,True,False,False,False,False,False,True,False,False,0,0,0.9947,0.0053,
36,0,1,3,,36,3,2,2,4943.0,1204,0.417,,,0.783,0.244,True,False,False,False,False,False,False,False,False,True,False,0,0,0.9997,0.0003,
37,1,3,3,,36,4,2,3,9782.0,1793,0.886,,,0.923,0.183,False,False,False,False,True,False,False,False,True,False,False,0,0,0.9999,0.0001,
44,0,3,1,,36,2,3,2,1438.3,0,0.4335218,,,0.8372516,0.0,False,False,False,False,False,True,False,True,False,True,False,1,1,0.0006,0.9994,
34,1,3,1,,23,5,1,4,4185.0,2517,0.861,,,0.774,0.601,False,False,True,False,False,False,False,False,True,False,False,0,0,0.991,0.009,
49,1,2,1,,32,2,2,2,1687.0,1107,1.715,,,2.4,0.656,False,True,False,False,False,False,False,True,False,False,False,0,0,0.9836,0.0164,
53,1,2,1,,39,3,3,3,34516.0,2099,0.7381954,,,0.8360328,0.060816128,False,False,True,True,False,False,False,False,True,False,False,1,1,0.0291,0.9709,
47,0,2,2,,42,4,2,2,13054.472,0,0.930946,,,0.35570434,0.0,False,False,False,False,False,True,False,True,False,False,True,1,1,0.0006,0.9994,
46,1,2,2,,36,4,3,3,4129.0,0,0.96,,,1.0,0.0,False,False,True,False,False,False,True,False,False,False,False,0,0,0.9931,0.0069,
41,1,4,1,,27,4,2,4,12270.0,0,0.543,,,0.811,0.0,False,True,False,False,False,False,False,False,True,False,False,0,0,0.9978,0.0022,
47,0,2,2,,42,4,2,2,13063.4795,0,0.9472912,,,0.34341663,0.0,False,False,False,False,False,True,False,True,False,False,True,1,1,0.0008,0.9992,
49,0,1,0,,41,3,2,3,4121.099,2517,0.61951953,,,0.6476172,0.6105966,False,True,True,False,False,False,False,False,False,True,False,1,1,0.0105,0.9895,
39,0,1,1,,22,3,1,2,3214.0,2257,1.279,,,0.75,0.702,False,False,False,False,False,False,False,False,False,True,False,0,0,0.9677,0.0323,
40,0,1,3,,28,2,2,3,11177.351,1149,0.46642974,,,0.43498388,0.102625035,False,False,False,False,False,True,False,True,False,True,False,1,1,0.0081,0.9919,
42,0,3,1,,36,4,2,3,5537.511,2347,0.5970794,,,0.44549912,0.42386356,False,True,False,False,True,False,False,False,False,True,True,1,1,0.0,1.0,
54,0,1,1,,37,1,3,3,8811.028,0,0.74109334,,,0.5091398,0.0,False,True,False,False,False,False,False,False,True,False,True,1,1,0.0002,0.9998,
46,0,3,2,,36,2,2,3,4095.223,723,0.7219616,,,0.80164814,0.1763766,False,True,False,False,True,False,False,True,False,False,True,1,1,0.0001,0.9999,
50,0,3,2,,36,4,3,1,1986.0,1614,0.554,,,0.73,0.813,False,False,True,False,False,False,False,False,False,True,False,0,0,0.9997,0.0003,
41,1,2,2,,36,3,2,1,2238.0,0,0.452,,,0.5,0.0,False,True,False,False,False,False,False,True,False,False,False,1,1,0.0004,0.9996,
46,0,3,1,,32,4,2,3,25416.55,0,0.47506776,,,0.39277515,0.0,False,False,True,False,False,False,False,False,True,False,True,1,1,0.002,0.998,
51,1,3,2,,36,4,3,3,34516.0,2201,0.978,,,0.75,0.064,False,True,False,False,False,False,False,False,True,False,False,1,1,0.0014,0.9986,
44,0,4,2,,33,4,3,3,16029.574,0,0.9189654,,,0.7623428,0.0,False,False,True,False,False,False,False,True,False,False,True,1,1,0.0001,0.9999,
38,1,3,2,,25,5,1,4,9859.0,1305,0.722,,,0.674,0.132,False,False,True,False,False,False,False,True,False,False,False,0,0,1.0,0.0,
45,0,2,1,,40,5,2,3,4089.11,1919,1.1125833,,,0.1529389,0.46936232,False,True,True,False,False,False,False,True,False,True,False,1,1,0.0017,0.9983,
57,1,0,2,,49,4,4,4,13701.513,2373,0.7262379,,,0.5286759,0.17294219,False,True,False,False,False,True,False,True,False,False,False,1,1,0.0806,0.9194,
48,0,1,0,,40,1,2,2,1652.7372,0,0.61364084,,,0.7866284,0.0,False,True,False,False,False,False,False,False,False,False,True,1,1,0.0002,0.9998,
42,1,3,1,,37,2,2,2,6920.6772,1760,0.55199426,,,0.53220105,0.2548272,False,True,False,False,False,True,False,True,False,True,False,1,1,0.001,0.999,
51,0,2,2,,31,2,1,3,2306.0,1627,0.507,,,0.944,0.706,False,False,False,False,False,False,False,False,False,True,False,0,0,0.9998,0.0002,
40,1,3,2,,28,5,1,0,21617.0,0,1.047,,,0.467,0.0,False,False,True,False,False,False,False,False,True,False,False,0,0,0.9355,0.0645,
44,0,3,1,,34,5,3,3,8702.165,1565,0.57576305,,,0.686599,0.17970616,False,True,False,True,False,False,False,False,False,False,True,1,1,0.0635,0.9365,
50,1,1,1,,40,3,3,2,7522.0,1057,1.197,,,1.138,0.141,False,False,False,False,False,True,False,False,False,False,False,0,0,0.9999,0.0001,
46,0,2,2,,31,2,2,3,8440.642,971,0.91139084,,,0.6056218,0.114967406,False,True,False,False,False,False,False,False,False,True,False,1,1,0.0053,0.9947,
46,0,1,1,,43,3,2,4,2394.7717,0,0.7135302,,,0.34235117,0.0,False,True,False,False,False,True,True,False,False,True,False,1,1,0.0,1.0,
57,0,0,1,,44,2,1,3,3395.7317,2517,0.992045,,,0.4120047,0.74247444,False,False,False,False,False,True,True,False,False,True,False,1,1,0.0023,0.9977,
51,1,0,2,,38,4,3,3,34516.0,207,0.551319,,,0.3260285,0.0057697874,False,True,True,False,False,False,False,False,True,False,False,1,1,0.001,0.999,
53,1,1,1,,43,3,1,2,4426.0,1530,0.518,,,0.214,0.346,False,False,False,False,True,False,True,False,False,False,False,0,0,0.997,0.003,
39,0,2,1,,34,2,3,3,1828.0405,0,0.8149983,,,0.48439124,0.0,False,False,True,False,True,False,True,True,False,False,False,1,1,0.0,1.0,
31,0,1,0,,21,2,2,3,2061.0,1904,0.786,,,0.87,0.924,False,False,False,False,False,False,False,False,False,True,False,0,0,1.0,0.0,
42,0,4,2,,19,3,2,0,1438.3,0,0.676,,,0.523,0.0,False,False,True,False,False,False,False,False,False,True,False,0,0,0.9996,0.0004,
41,1,4,3,,31,3,3,2,19782.0,868,0.808,,,0.467,0.044,False,True,False,False,False,False,False,False,True,False,False,1,1,0.0471,0.9529,
49,1,3,2,,45,1,1,1,2122.0,1101,0.711,,,0.515,0.519,False,False,False,False,False,True,False,True,False,False,False,0,0,0.9999,0.0001,
56,0,1,1,,50,2,3,3,5338.0,0,0.919,,,0.865,0.0,False,True,False,False,False,False,False,False,False,False,True,0,0,0.9861,0.0139,
43,0,4,1,,36,5,3,3,3492.0,2517,0.6,,,0.621,0.721,False,False,False,False,True,False,False,False,False,True,False,1,1,0.0037,0.9963,
50,0,4,1,,36,3,3,3,9560.925,0,0.84378475,,,0.8674298,0.0,False,False,False,False,True,True,True,False,False,True,False,1,1,0.0012,0.9988,
44,0,2,1,,30,3,2,3,9598.0,1092,0.6,,,0.588,0.114,False,True,False,False,False,False,False,False,False,True,False,0,1,0.0593,0.9407,
55,0,2,0,,49,5,2,1,1438.3,680,0.77,,,0.691,0.473,False,False,False,False,True,False,False,False,False,True,False,0,0,1.0,0.0,
50,1,2,1,,42,2,3,3,34516.0,2517,0.759,,,0.635,0.073,False,True,False,False,False,False,False,False,True,False,False,0,0,0.9889,0.0111,
61,1,1,1,,56,2,2,3,3193.0,2517,1.831,,,1.143,0.788,False,False,True,False,False,False,True,False,False,False,False,0,0,0.9412,0.0588,
62,0,0,1,,46,1,3,3,1672.5101,0,0.7355708,,,0.87495595,0.0,False,True,False,True,False,False,False,False,False,True,True,1,1,0.0019,0.9981,
32,0,2,0,,27,2,3,1,33779.0,1526,0.879,,,0.8,0.045,False,True,False,False,False,False,False,False,False,False,True,0,0,0.9994,0.0006,
37,1,1,0,,27,1,2,3,12516.36,0,0.7262248,,,0.41815668,0.0,False,True,False,False,False,False,False,False,True,False,False,1,1,0.0029,0.9971,
43,0,1,1,,37,3,2,3,2973.2373,0,0.83144915,,,0.6535142,0.0,False,False,False,False,True,True,False,False,False,True,True,1,1,0.0002,0.9998,
52,0,2,1,,40,2,2,1,5207.0,1121,0.578,,,0.647,0.215,False,False,False,True,False,False,False,False,False,True,False,0,0,0.9978,0.0022,
42,0,2,2,,35,6,3,2,3223.0,0,0.593,,,0.717,0.0,False,False,False,True,False,False,False,False,False,True,False,0,0,0.9994,0.0006,
54,0,2,1,,43,2,3,3,1438.3,0,0.70935124,,,0.43789393,0.0,False,True,False,False,False,False,True,False,False,True,False,1,1,0.0,1.0,
29,1,0,1,,19,6,2,4,2827.0,1430,0.885,,,1.308,0.506,False,True,False,False,False,False,False,False,False,True,False,0,0,0.9999,0.0001,
42,0,1,1,,27,3,2,4,1541.7107,0,0.60258305,,,0.6759386,0.0,False,False,True,False,True,False,False,False,False,True,False,1,1,0.0003,0.9997,
47,0,2,2,,36,4,3,3,5184.6807,0,0.87122554,,,0.7817536,0.0,True,True,False,False,False,False,True,False,False,False,True,1,1,0.0001,0.9999,
46,0,3,0,,36,3,2,2,2391.0,1625,0.662,,,0.603,0.68,False,True,False,False,False,False,False,False,False,True,False,0,0,1.0,0.0,
45,0,1,1,,36,1,2,1,5087.0,2517,0.765,,,0.711,0.495,False,False,False,False,False,True,False,False,False,True,False,0,0,0.9982,0.0018,
39,0,3,2,,34,5,2,1,1512.1017,0,0.7345918,,,0.39578673,0.0,False,True,True,False,False,False,False,False,False,True,True,1,1,0.0002,0.9998,
43,1,3,2,,34,2,3,4,1438.3,316,0.6218414,,,0.664318,0.21972547,False,True,False,False,False,False,False,True,True,False,False,1,1,0.0043,0.9957,
55,0,2,2,,36,4,3,2,4298.1074,0,0.3816003,,,0.4711913,0.0,False,False,False,False,True,False,True,False,True,False,False,1,1,0.0052,0.9948,
44,0,2,2,,30,2,2,2,1888.2487,1388,0.36471134,,,0.6097872,0.73530805,False,False,False,False,True,False,True,False,False,False,False,1,1,0.0003,0.9997,
33,0,2,1,,24,1,3,2,3731.0,0,0.767,,,0.84,0.0,False,True,False,False,False,False,False,False,False,True,False,0,0,0.9874,0.0126,
51,1,3,2,,43,4,2,3,10458.0,0,0.587,,,0.5,0.0,False,True,False,False,False,False,False,False,True,False,False,0,0,0.5127,0.4873,
48,0,4,2,,35,6,3,2,2005.0,1143,0.824,,,0.591,0.57,False,True,False,False,False,False,False,False,False,True,False,0,0,1.0,0.0,
39,0,2,2,,29,3,3,2,10024.0,913,0.568,,,0.592,0.091,False,True,False,False,False,False,False,False,False,True,False,0,0,0.9999,0.0001,
50,0,2,2,,39,3,2,1,1841.4448,0,0.37118658,,,0.3308888,0.0,False,False,True,True,False,False,False,True,False,True,False,1,1,0.0001,0.9999,
37,0,3,1,,27,2,2,4,3481.682,1688,0.6433427,,,0.42478186,0.4895924,False,False,False,False,False,True,True,False,True,False,False,1,1,0.0392,0.9608,
31,0,1,2,,20,3,1,2,1695.0,0,0.561,,,0.593,0.0,False,False,False,False,False,True,False,False,False,True,False,1,1,0.0548,0.9452,
45,0,3,2,,36,3,3,2,9095.293,2496,0.8111219,,,0.91656464,0.27441004,False,False,False,True,False,True,True,False,False,True,False,1,1,0.0014,0.9986,
45,1,3,1,,37,5,1,2,4995.0,1766,0.76,,,0.864,0.354,False,False,True,False,False,False,False,True,False,False,False,0,0,1.0,0.0,
46,0,2,2,,40,4,3,2,4716.661,0,0.70201206,,,0.8659806,0.0,False,False,True,False,False,True,False,False,True,True,False,1,1,0.0001,0.9999,
45,0,3,1,,38,3,3,3,6421.0244,80,0.72539586,,,0.45894513,0.012594717,False,False,False,True,True,False,False,True,False,False,True,1,1,0.0001,0.9999,
46,0,2,2,,35,6,2,3,14181.2295,1878,0.681606,,,0.8252269,0.13383293,False,True,False,False,True,False,True,False,False,True,False,1,1,0.0028,0.9972,
44,1,1,0,,39,3,2,3,11362.0,0,0.668,,,0.564,0.0,False,False,False,False,True,False,False,False,False,False,False,0,0,0.9681,0.0319,
49,0,1,1,,39,6,3,1,4821.0,0,0.746,,,0.974,0.0,False,False,False,True,False,False,False,False,False,False,True,0,0,0.9981,0.0019,
38,1,3,1,,22,4,2,3,6361.0,694,0.844,,,0.938,0.109,False,False,True,False,False,False,False,False,True,False,False,0,0,0.9969,0.0031,
47,0,4,1,,30,2,3,3,2124.0,1573,0.728,,,0.804,0.741,False,True,False,False,False,False,False,False,False,True,False,0,0,1.0,0.0,
56,0,0,2,,49,2,4,4,11189.658,2517,0.3459492,,,0.36380938,0.22513984,False,False,True,False,False,False,True,False,True,False,False,1,1,0.0002,0.9998,
34,1,2,1,,25,6,2,0,1439.0,0,0.89,,,0.913,0.0,False,False,True,False,False,False,False,False,True,False,False,1,1,0.4938,0.5062,
29,0,0,2,,36,4,1,4,34516.0,1452,0.887,,,1.13,0.042,False,False,False,True,False,False,False,False,False,False,True,0,0,0.9986,0.0014,
46,1,2,1,,38,2,3,1,18677.67,710,0.4072149,,,0.30992958,0.038071293,False,True,True,False,False,False,False,True,True,False,False,1,1,0.0001,0.9999,
49,1,2,1,,39,2,2,3,29992.525,0,0.53176755,,,0.838924,0.0,False,True,True,False,False,False,False,True,True,False,False,1,1,0.0,1.0,
48,0,1,0,,36,6,3,0,4006.0,1646,0.746,,,0.534,0.411,False,False,False,False,False,False,False,False,False,True,False,0,0,1.0,0.0,
31,1,0,0,,22,3,2,3,6012.0,0,0.968,,,0.674,0.0,False,False,True,False,False,False,False,False,False,True,False,0,0,0.996,0.004,
54,0,4,2,,36,3,2,3,13626.0,0,0.411,,,0.25,0.0,False,True,False,False,False,False,False,False,False,True,False,1,1,0.0059,0.9941,
37,0,2,1,,36,5,3,2,1959.0,662,0.888,,,0.793,0.338,False,True,False,False,False,False,True,False,False,False,False,1,1,0.2505,0.7495,
50,0,1,2,,41,3,3,3,1683.8555,0,0.3460293,,,0.48001608,0.0,True,True,False,False,False,False,False,False,False,True,False,1,1,0.0,1.0,
48,1,4,1,,36,6,2,4,19762.0,507,0.85,,,0.595,0.026,False,False,True,False,False,False,False,False,True,False,False,0,0,0.9913,0.0087,
51,0,1,1,,37,2,3,3,2159.292,1730,0.8775528,,,0.5912235,0.802,False,False,True,False,False,False,False,False,False,True,True,1,1,0.0004,0.9996,
38,0,3,1,,25,4,2,3,1438.3,0,0.7206088,,,0.52516794,0.0,False,True,True,False,False,False,False,False,False,True,False,1,1,0.0001,0.9999,
46,1,2,1,,35,6,3,3,13768.0,763,0.712,,,0.76,0.055,False,False,True,False,False,False,False,True,False,False,False,0,0,0.9819,0.0181,
44,0,2,1,,38,3,1,4,1992.3435,0,0.8496729,,,0.7421953,0.0,False,True,False,False,False,True,False,False,False,True,False,1,1,0.0003,0.9997,
50,1,1,1,,31,4,2,2,11931.658,0,0.57070583,,,0.59272534,0.0,False,False,True,False,False,True,False,False,True,False,False,1,1,0.0018,0.9982,
43,0,3,2,,36,4,3,2,2424.8853,993,0.69841164,,,0.4786661,0.4099682,False,True,False,False,True,False,False,True,False,True,False,1,1,0.0,1.0,
50,1,1,2,,40,4,2,3,34516.0,1185,0.725,,,0.714,0.034,False,True,False,False,False,False,False,False,False,False,False,0,0,1.0,0.0,
51,1,1,0,,40,4,3,3,24425.963,832,0.50423825,,,0.5479497,0.034240287,False,False,False,False,False,True,False,False,True,False,False,1,1,0.0185,0.9815,
43,0,4,0,,30,4,3,3,3556.0,2517,0.651,,,0.71,0.708,False,False,False,True,False,False,False,False,False,True,False,1,1,0.0134,0.9866,
38,0,2,2,,21,4,1,2,6899.0,0,0.771,,,0.69,0.0,False,False,False,False,False,False,False,False,False,True,False,0,0,0.9999,0.0001,
64,0,1,0,,36,3,3,1,18038.0,1184,0.827,,,0.6,0.066,False,False,True,False,False,False,False,False,False,False,True,0,0,0.9999,0.0001,
27,0,0,3,,36,1,1,2,4548.0,1450,0.844,,,0.638,0.319,False,True,False,False,False,False,False,False,False,True,False,0,0,1.0,0.0,
48,0,1,1,,40,2,2,3,3371.4458,0,0.62247163,,,0.5631297,0.0,False,False,False,False,True,False,True,False,True,False,False,1,1,0.0005,0.9995,
50,1,1,1,,39,3,3,2,5384.0,1396,0.756,,,0.829,0.259,False,False,True,False,False,False,False,False,True,False,False,0,0,1.0,0.0,
43,0,3,2,,31,3,2,3,18308.621,189,0.5490989,,,0.59636784,0.010197761,True,True,False,False,False,False,False,True,False,False,True,1,1,0.0,1.0,
58,0,0,2,,46,5,4,2,1977.0,0,0.868,,,0.37,0.0,False,False,True,False,False,False,False,False,False,True,False,1,1,0.0005,0.9995,
41,0,2,0,,28,4,2,2,1476.9393,526,0.75103927,,,0.63573223,0.35727856,False,True,True,False,False,False,True,False,False,True,False,1,1,0.0,1.0,
37,0,2,1,,25,1,1,5,5661.161,2517,0.61317307,,,0.5387392,0.44436657,False,True,False,False,True,False,True,False,False,True,False,1,1,0.0014,0.9986,
49,0,2,1,,40,4,0,3,2904.327,0,0.63995737,,,0.71410197,0.0,False,False,False,False,True,True,False,False,False,True,True,1,1,0.0033,0.9967,
34,1,4,2,,26,3,3,2,5100.0,1786,1.06,,,0.575,0.35,False,False,False,True,False,False,False,False,True,False,False,0,0,0.9984,0.0016,
63,0,0,1,,53,6,1,4,3118.0,1528,0.604,,,0.6,0.49,False,False,False,False,False,False,True,False,False,False,False,0,0,1.0,0.0,
53,0,1,2,,38,3,3,2,3895.0,1981,0.839,,,0.725,0.509,False,False,False,False,False,False,False,False,False,True,False,0,0,0.9999,0.0001,
44,0,3,2,,25,2,1,1,2085.0,1528,0.664,,,0.795,0.733,False,False,True,False,False,False,False,False,False,True,False,0,0,1.0,0.0,
41,0,3,3,,36,1,1,1,4941.0,1040,0.765,,,0.596,0.21,False,True,False,False,False,False,False,False,False,True,False,0,0,0.9999,0.0001,
47,0,2,1,,36,1,1,3,4813.9785,137,0.6187742,,,0.59424067,0.027606292,False,True,True,False,False,False,False,True,False,True,False,1,1,0.0005,0.9995,
53,0,1,1,,48,6,3,2,2324.0,1576,0.728,,,1.312,0.678,False,False,True,False,False,False,False,False,False,True,False,0,0,0.9998,0.0002,
44,1,4,2,,33,4,3,3,1714.0,0,0.849,,,0.919,0.0,False,False,False,False,True,False,True,False,False,False,False,0,0,0.9988,0.0012,
47,0,1,1,,44,2,4,2,2402.7673,371,0.7760223,,,0.4502863,0.15456629,False,False,False,False,True,True,False,False,False,True,True,1,1,0.0,1.0,
42,0,2,3,,36,6,3,2,3413.0,0,0.593,,,0.429,0.0,False,True,False,False,False,False,False,False,False,True,False,1,1,0.0118,0.9882,
46,0,4,2,,28,6,3,4,3206.0,0,1.065,,,0.532,0.0,False,False,True,False,False,False,False,False,False,True,False,0,0,0.9842,0.0158,
47,1,2,1,,37,1,2,2,34231.07,1542,0.5093848,,,0.69114673,0.04473206,False,False,True,False,True,False,False,False,False,False,False,1,1,0.0142,0.9858,
64,1,0,2,,36,5,4,1,1873.0,468,1.154,,,0.608,0.25,False,True,False,False,False,False,False,False,False,True,False,0,0,0.9996,0.0004,
39,1,1,2,,24,6,2,4,10074.0,2517,0.77,,,0.926,0.25,False,True,False,False,False,False,False,False,False,False,False,0,0,0.9959,0.0041,
45,0,2,1,,37,1,2,5,3815.3547,2517,0.5889714,,,0.57260513,0.6601895,True,False,False,False,False,False,False,False,False,True,True,1,1,0.0001,0.9999,
46,0,3,1,,34,2,2,2,1552.8466,0,0.5077074,,,0.5476136,0.0,False,True,False,False,False,True,False,False,False,True,False,1,1,0.0,1.0,
56,1,0,3,,49,2,2,2,34516.0,2156,0.698,,,0.814,0.062,False,False,True,False,False,False,False,False,False,False,False,0,0,0.7056,0.2944,
61,1,0,2,,49,1,2,3,2228.0,1480,0.533,,,0.651,0.664,False,False,False,False,True,False,True,False,False,False,False,0,0,0.9999,0.0001,
44,1,2,1,,36,5,3,4,12229.0,997,0.811,,,0.596,0.082,False,False,False,False,False,False,False,True,False,False,False,0,0,1.0,0.0,
47,0,2,1,,36,1,3,2,18799.0,2517,0.813,,,0.625,0.134,False,True,False,False,False,False,False,False,False,False,True,1,1,0.0074,0.9926,
56,0,4,2,,36,3,1,3,8881.0,2145,0.705,,,0.815,0.242,False,False,True,False,False,False,False,False,False,True,False,0,0,0.9955,0.0045,
60,0,1,0,,48,3,2,2,2070.0,0,0.708,,,0.963,0.0,False,False,False,False,True,False,True,False,False,False,False,0,0,0.9695,0.0305,
60,0,0,1,,40,1,4,3,1665.356,0,0.5279532,,,0.3581473,0.0,False,True,False,True,False,False,False,False,False,True,False,1,1,0.0001,0.9999,
38,0,1,2,,36,2,2,2,3466.0,2517,0.699,,,0.709,0.726,True,False,False,False,False,False,False,False,False,True,False,0,0,0.9998,0.0002,
50,0,2,1,,39,3,2,1,1773.0,0,0.228,,,0.111,0.0,False,False,False,False,False,True,False,False,False,False,True,1,1,0.0004,0.9996,
34,0,2,2,,20,5,2,3,2715.0,1503,0.704,,,0.659,0.554,False,False,False,False,False,False,False,False,False,True,False,0,0,0.9999,0.0001,
51,1,4,1,,36,2,1,2,3451.0,2006,0.555,,,0.763,0.581,True,False,False,False,False,False,False,True,False,False,False,0,0,0.9999,0.0001,
50,1,1,1,,43,4,5,3,20958.0,0,0.769,,,0.696,0.0,False,True,False,False,False,False,False,False,False,False,False,0,0,0.9997,0.0003,
53,0,3,2,,43,5,3,3,2445.9724,498,0.4356867,,,0.596337,0.203663,False,False,False,True,True,False,False,False,True,True,False,1,1,0.0009,0.9991,
38,0,3,1,,26,4,2,3,1613.5432,526,0.539655,,,0.511435,0.32374895,False,True,False,False,False,False,False,False,False,True,False,1,1,0.0611,0.9389,
41,0,3,1,,33,3,3,3,2542.0,0,0.587,,,0.78,0.0,False,True,False,False,False,False,False,False,False,False,True,0,0,1.0,0.0,
53,0,1,1,,39,2,2,3,1438.3,0,0.6882528,,,0.31012365,0.0,False,True,False,False,False,False,False,False,False,True,False,1,1,0.0001,0.9999,
44,1,3,1,,38,3,1,4,4198.0,1782,1.526,,,1.0,0.424,False,False,False,False,False,True,False,False,True,False,False,0,0,0.9942,0.0058,
48,0,2,1,,35,4,2,2,1438.3,888,0.7086169,,,0.4734211,0.6183232,False,False,False,False,False,True,False,False,True,True,False,1,1,0.0,1.0,
43,0,2,1,,37,4,2,2,3125.0,2517,0.73,,,0.732,0.805,False,False,True,False,False,False,False,False,False,True,False,0,0,0.9998,0.0002,
39,1,1,3,,28,5,2,4,2222.0,0,0.843,,,0.722,0.0,False,False,True,False,False,False,True,False,False,False,False,0,0,0.9813,0.0187,
57,0,1,2,,44,4,3,2,2564.0,1258,1.156,,,0.87,0.491,False,False,False,False,False,True,False,False,False,True,False,0,0,0.9165,0.0835,
47,0,3,2,,37,1,3,3,4211.0415,2517,1.0327117,,,0.5083417,0.603623,False,True,False,True,False,False,False,False,False,True,True,1,1,0.0001,0.9999,
53,1,3,1,,36,2,2,0,3742.0,1454,0.894,,,0.676,0.389,False,False,False,False,True,False,False,False,False,False,False,0,0,0.8789,0.1211,
39,0,2,1,,29,3,2,2,7229.3633,0,0.45909974,,,0.31286162,0.0,False,True,True,False,False,False,True,False,False,True,False,1,1,0.0001,0.9999,
46,0,4,0,,38,4,3,2,4120.0,1578,0.379,,,0.588,0.383,True,False,False,False,False,False,False,False,False,True,False,0,0,0.9991,0.0009,
41,0,1,2,,31,4,2,1,1998.0,0,0.717,,,0.889,0.0,False,False,True,False,False,False,False,False,False,True,False,0,0,0.9991,0.0009,
48,0,3,1,,41,5,3,2,4918.4497,0,0.8601804,,,0.57562274,0.0,False,False,False,False,True,False,False,False,False,True,False,1,1,0.0027,0.9973,
55,0,4,1,,45,2,4,3,2158.0,0,0.585,,,0.714,0.0,False,False,False,False,False,True,True,False,False,False,False,1,1,0.0017,0.9983,
39,0,2,0,,36,5,2,3,2092.0,0,0.422,,,0.269,0.0,False,True,False,False,False,False,False,False,False,True,False,1,1,0.0008,0.9992,
37,1,2,2,,28,2,6,1,7349.0,994,0.864,,,0.847,0.135,False,True,False,False,False,False,False,True,False,False,False,0,0,0.9996,0.0004,
52,1,0,2,,48,4,5,5,13114.0,2247,1.003,,,0.417,0.171,False,False,False,False,False,True,False,False,False,False,False,1,1,0.1637,0.8363,
47,0,2,1,,36,1,3,2,1438.3,412,0.62673193,,,0.44338986,0.2864789,False,True,False,False,True,False,True,True,False,False,False,1,1,0.0001,0.9999,
45,0,4,1,,39,2,2,3,3440.2324,0,0.82183063,,,0.3024796,0.0,False,False,False,False,False,False,False,True,False,True,False,1,1,0.0001,0.9999,
45,0,2,1,,40,2,4,3,4103.9565,655,1.0801294,,,0.5454708,0.15990846,False,False,True,False,False,True,True,True,False,False,False,1,1,0.0006,0.9994,
50,1,1,2,,42,1,4,3,3874.3718,542,0.69288135,,,0.7056947,0.14542955,False,False,True,False,False,False,True,False,True,False,False,1,1,0.0015,0.9985,
37,1,3,3,,31,6,1,2,8504.0,1956,0.963,,,0.417,0.23,False,True,False,False,False,False,True,False,False,False,False,0,0,0.9999,0.0001,
51,0,0,1,,42,5,3,2,1858.0,925,1.056,,,0.6,0.498,False,True,False,False,False,False,False,False,False,True,False,0,0,0.9998,0.0002,
58,0,0,1,,39,5,3,3,6679.0,1207,0.538,,,0.381,0.181,False,False,False,True,False,False,False,False,False,True,False,0,0,0.9902,0.0098,
30,0,0,1,,13,3,1,3,6075.0,0,0.923,,,0.909,0.0,False,False,False,False,True,False,False,False,False,True,False,1,1,0.0023,0.9977,
47,0,4,0,,37,3,3,2,6666.542,234,0.9978559,,,0.36628374,0.034235843,False,True,False,False,False,False,True,False,False,False,True,1,1,0.0004,0.9996,
32,0,1,1,,25,4,1,3,1696.9823,0,0.73411983,,,0.4515968,0.0,False,False,False,False,False,True,False,True,False,True,False,1,1,0.024,0.976,
54,0,0,2,,36,4,3,2,2708.0,0,0.673,,,0.552,0.0,True,False,False,False,False,False,False,False,False,True,False,1,1,0.0014,0.9986,
43,1,0,2,,36,2,2,2,11247.0,0,0.63,,,0.977,0.0,False,False,True,False,False,False,False,False,True,False,False,0,0,0.9973,0.0027,
51,0,1,2,,45,3,3,2,4860.0,1772,0.561,,,0.86,0.365,False,False,False,False,False,False,False,False,False,True,False,0,0,1.0,0.0,
46,0,3,1,,35,4,2,3,3462.8665,0,0.80569863,,,0.5607189,0.0,False,False,True,False,False,False,False,False,False,True,False,1,1,0.0001,0.9999,
41,0,2,1,,26,2,2,3,1438.3,828,0.63541,,,0.34505245,0.5762214,False,True,False,False,False,False,False,False,True,True,False,1,1,0.0003,0.9997,
48,1,4,1,,44,2,3,3,9524.0,1449,0.559,,,0.657,0.152,False,False,False,False,False,False,False,False,True,False,False,1,1,0.202,0.798,
44,0,3,1,,36,5,3,3,1992.2274,38,0.8923507,,,0.65592873,0.01880539,False,True,False,False,False,True,False,False,False,True,False,1,1,0.0,1.0,
51,0,4,2,,40,3,2,2,5139.0,1799,0.94,,,0.618,0.35,False,False,False,False,False,True,False,False,False,True,False,0,0,0.9867,0.0133,
51,1,2,1,,41,1,3,2,4111.0903,0,0.8922938,,,0.8769932,0.0,False,True,False,False,False,False,False,True,False,False,False,1,1,0.0011,0.9989,
51,1,4,1,,41,5,2,0,15897.0,1437,0.584,,,0.387,0.09,False,False,True,False,False,False,False,False,True,False,False,0,0,0.9949,0.0051,
58,0,0,0,,50,4,4,2,2300.4348,0,0.4877998,,,0.6137802,0.0,True,False,False,False,False,True,True,False,False,True,False,1,1,0.0003,0.9997,
45,0,4,1,,35,6,1,0,2919.0,1670,1.041,,,0.756,0.572,False,False,True,False,False,False,True,False,False,False,False,0,0,0.9999,0.0001,
41,0,3,1,,32,2,2,4,11451.918,0,0.5854115,,,0.394925,0.0,False,False,False,False,True,True,False,False,True,False,True,1,1,0.0001,0.9999,
34,0,3,2,,36,3,6,1,7440.0,704,0.551,,,0.537,0.095,False,False,False,False,False,False,False,False,False,True,False,0,0,0.9956,0.0044,
38,0,1,2,,27,6,3,4,8638.0,0,0.489,,,0.381,0.0,False,False,False,False,True,False,False,False,False,True,False,0,0,0.7486,0.2514,
49,0,3,1,,33,6,3,3,2910.0,0,0.789,,,0.464,0.0,False,False,False,False,False,True,False,False,False,True,False,1,1,0.0045,0.9955,
42,0,2,1,,26,3,2,3,1438.3,840,0.68066376,,,0.3921628,0.584808,False,True,False,False,False,False,False,False,True,True,False,1,1,0.0004,0.9996,
29,0,0,2,,13,6,3,5,5240.0,1608,1.243,,,0.778,0.307,False,False,True,False,False,False,False,False,False,True,False,0,0,0.9999,0.0001,
44,0,3,2,,37,3,2,3,1900.0,0,0.864,,,0.452,0.0,False,False,False,False,False,True,False,False,False,False,True,1,1,0.0001,0.9999,
42,1,2,1,,30,1,2,3,3086.0,0,0.808,,,0.884,0.0,False,False,False,False,True,False,False,True,False,False,False,0,0,0.9985,0.0015,
48,0,3,2,,36,3,3,1,1630.0,1243,0.4,,,0.303,0.763,False,True,False,False,False,False,False,False,False,False,True,1,1,0.0024,0.9976,
52,0,2,2,,42,3,2,3,1438.3,0,0.607,,,0.857,0.0,False,False,False,True,False,False,False,False,False,False,True,0,0,0.9999,0.0001,
49,0,3,1,,37,3,2,3,2440.0354,1012,0.55093133,,,0.37742442,0.41539294,False,False,True,False,True,False,False,False,False,True,False,1,1,0.0017,0.9983,
52,0,1,2,,40,1,2,2,2317.0,0,1.005,,,0.727,0.0,False,True,False,False,False,False,False,False,False,True,False,1,1,0.0001,0.9999,
35,1,1,1,,31,1,3,4,8916.399,91,0.38724685,,,0.3479711,0.010399169,False,False,False,False,True,True,False,True,False,False,False,1,1,0.0002,0.9998,
51,1,1,1,,40,1,2,3,3113.022,0,0.45941892,,,0.34001598,0.0,False,True,True,False,False,False,True,False,False,False,False,1,1,0.0,1.0,
52,0,2,1,,43,2,3,3,7263.072,0,0.578269,,,0.7140444,0.0,False,False,True,False,False,False,False,False,False,True,False,1,1,0.0001,0.9999,
51,1,1,1,,39,4,3,4,24462.0,946,0.475,,,0.542,0.039,False,False,False,False,False,True,False,False,True,False,False,1,1,0.468,0.532,
55,0,3,1,,46,4,3,2,2693.9766,1697,0.7057697,,,0.7705228,0.63047165,False,True,True,False,False,False,True,False,False,False,True,1,1,0.0052,0.9948,
53,1,3,1,,40,4,4,4,6052.0,1720,0.683,,,0.423,0.284,False,False,False,False,False,False,False,False,True,False,False,0,0,0.9932,0.0068,
58,1,2,1,,53,2,3,0,24407.0,2395,1.071,,,0.714,0.098,False,False,False,False,False,False,False,False,False,False,False,0,0,0.7443,0.2557,
43,1,3,3,,33,4,3,4,9382.0,1455,0.482,,,0.821,0.155,False,False,False,False,False,False,False,True,False,False,False,0,0,1.0,0.0,
50,0,2,2,,39,1,3,3,3799.0156,2517,1.0493066,,,0.5429538,0.6681057,False,True,False,True,False,False,False,False,False,True,True,1,1,0.0002,0.9998,
38,0,1,2,,36,2,3,0,1613.5516,0,0.8968136,,,0.401286,0.0,False,True,True,False,False,False,True,False,False,True,False,1,1,0.0,1.0,
59,0,1,1,,40,3,3,1,2687.0,2452,0.817,,,0.761,0.913,True,False,False,False,False,False,False,False,False,True,False,0,0,0.9998,0.0002,
55,1,2,1,,48,2,1,2,6577.0,1800,0.786,,,0.69,0.274,False,False,False,False,True,False,False,False,False,False,False,0,0,0.9999,0.0001,
49,0,1,1,,42,4,3,3,3146.487,0,0.75254256,,,0.32035953,0.0,False,False,False,False,True,True,False,True,False,True,False,1,1,0.0005,0.9995,
45,0,0,2,,36,6,2,3,3230.0,2517,0.615,,,0.425,0.779,False,False,False,False,False,True,False,False,False,True,False,0,0,0.6234,0.3766,
37,0,3,2,,29,3,2,2,8318.0,1945,1.487,,,1.139,0.234,False,False,False,False,False,True,False,False,False,False,True,0,0,0.9999,0.0001,
34,0,3,1,,27,1,2,1,5795.0,924,0.86,,,0.857,0.159,False,False,False,False,False,True,False,False,False,True,False,0,0,0.8933,0.1067,
58,0,1,2,,45,2,2,2,7480.8,1935,0.9951313,,,0.3348101,0.2585798,False,False,True,False,False,False,False,False,False,True,False,1,1,0.0032,0.9968,
56,0,1,1,,51,3,3,4,1438.3,0,0.798,,,0.556,0.0,False,True,False,False,False,False,False,False,False,True,False,0,0,0.998,0.002,
37,0,1,2,,30,3,2,3,2353.0,1095,0.941,,,0.75,0.465,False,False,False,False,True,False,False,False,False,True,False,0,0,0.9997,0.0003,
38,1,1,2,,36,2,3,2,5639.0,1558,0.614,,,0.946,0.276,False,False,False,False,True,False,True,False,False,False,False,0,0,0.9976,0.0024,
47,0,3,0,,30,4,2,3,8467.325,2517,0.68292415,,,0.5596091,0.2978761,True,True,False,False,False,False,False,False,False,True,True,1,1,0.0004,0.9996,
30,1,1,1,,18,5,1,3,4726.0,1380,0.622,,,0.55,0.292,False,False,False,False,False,True,True,False,False,False,False,0,0,0.9893,0.0107,
40,1,3,1,,27,6,2,4,9026.0,2312,0.561,,,0.762,0.256,False,False,False,False,False,True,False,True,False,False,False,0,1,0.3865,0.6135,
36,0,1,1,,22,2,2,3,3981.9917,0,1.0224705,,,0.8824954,0.0,False,False,True,True,False,False,True,False,False,True,False,1,1,0.0001,0.9999,
45,0,2,2,,34,1,3,3,1490.5275,0,0.53554136,,,0.29350588,0.0,False,True,False,False,False,False,False,False,False,True,False,1,1,0.0,1.0,
40,0,2,1,,27,5,2,3,10233.891,2089,0.74976265,,,0.66074824,0.20512505,False,True,True,False,False,False,False,True,False,True,False,1,1,0.0041,0.9959,
60,1,2,1,,48,3,0,3,11390.258,2501,0.9933419,,,1.1221408,0.21934672,False,True,False,False,False,False,False,False,True,False,False,1,1,0.4032,0.5968,
47,0,3,1,,31,5,3,5,5503.333,0,0.50602925,,,0.28397214,0.0,False,True,False,False,False,False,True,False,False,False,True,1,1,0.0008,0.9992,
50,0,1,2,,36,1,3,3,1737.9093,1101,0.53666556,,,0.6121418,0.6336802,False,False,False,True,True,False,True,False,False,True,False,1,1,0.0009,0.9991,
55,0,1,2,,47,4,2,2,1727.4183,0,0.9893983,,,0.64145184,0.0,False,False,False,False,True,True,False,True,False,True,False,1,1,0.0005,0.9995,
48,0,4,1,,21,4,6,0,1930.0,0,0.815,,,0.582,0.0,False,True,False,False,False,False,False,False,False,True,False,0,0,0.9988,0.0012,
64,1,0,1,,51,3,3,4,2787.0,1201,0.372,,,0.625,0.431,False,False,False,False,False,True,False,False,False,True,False,0,0,0.9876,0.0124,
32,1,1,1,,36,2,2,3,3535.0,1964,0.661,,,0.809,0.556,False,False,False,False,True,False,True,False,False,False,False,0,0,0.9112,0.0888,
54,0,3,2,,47,2,3,1,6146.0,2210,0.905,,,0.796,0.36,False,True,False,False,False,False,False,False,False,False,True,0,0,0.9998,0.0002,
43,0,2,1,,36,4,2,3,3323.9487,0,0.4930523,,,0.41702944,0.0,False,False,True,False,False,True,True,False,False,False,True,1,1,0.0017,0.9983,
53,0,3,2,,40,6,3,1,3998.0,0,0.638,,,0.717,0.0,False,False,False,False,False,True,False,False,False,False,True,0,0,1.0,0.0,
48,1,2,1,,38,2,2,3,2111.0,0,0.531,,,0.133,0.0,False,False,False,False,False,False,False,False,True,False,False,1,1,0.0004,0.9996,
49,0,4,1,,36,1,3,1,6615.0,0,0.619,,,0.786,0.0,False,True,False,False,False,False,False,False,False,True,False,0,0,0.9994,0.0006,
47,1,5,2,,32,6,2,3,8823.0,2517,0.812,,,0.848,0.285,False,False,False,False,False,True,False,True,False,False,False,0,0,0.9998,0.0002,
47,0,3,1,,35,4,3,5,2414.7354,606,0.68483424,,,0.6024994,0.25124025,False,False,False,False,True,True,False,False,True,True,False,1,1,0.0476,0.9524,
36,0,3,1,,28,4,3,2,4824.0,2517,0.838,,,0.391,0.522,False,True,False,False,False,False,False,False,False,True,False,0,0,0.6056,0.3944,
52,0,2,1,,45,5,1,2,3196.4897,0,1.0470965,,,0.6404658,0.0,False,False,True,False,False,False,False,False,False,True,False,1,1,0.0308,0.9692,
49,0,2,2,,36,4,3,0,1635.0,1220,0.565,,,0.931,0.746,False,False,False,False,False,True,False,False,False,True,False,0,0,0.9991,0.0009,
44,0,2,1,,36,3,2,2,2779.0422,2413,0.6372857,,,0.43249232,0.8685033,False,False,True,False,False,True,False,False,False,True,False,1,1,0.0001,0.9999,
35,0,3,1,,23,3,3,4,3073.0,526,0.702,,,0.618,0.171,False,False,True,False,False,False,False,False,False,True,False,0,0,0.9351,0.0649,
44,0,3,0,,34,2,3,2,1689.0,0,0.202,,,0.276,0.0,False,False,False,False,False,True,True,False,False,False,False,1,1,0.0003,0.9997,
41,0,2,2,,34,1,3,4,1661.0,0,0.786,,,0.75,0.0,False,False,True,False,False,False,False,False,False,True,False,1,1,0.0002,0.9998,
56,0,3,1,,45,2,3,4,1438.3,0,0.315,,,0.355,0.0,False,True,False,False,False,False,False,False,False,True,False,1,1,0.0001,0.9999,
34,0,2,2,,24,6,2,2,1438.3,0,0.827,,,0.952,0.0,False,False,False,False,True,False,False,False,False,True,False,0,0,0.9995,0.0005,
60,1,2,1,,41,5,2,4,3007.0,1664,0.34,,,0.632,0.553,False,False,True,False,False,False,False,False,False,False,True,0,0,0.999,0.001,
35,0,1,1,,36,3,1,2,2158.0,1299,0.733,,,0.973,0.602,False,False,False,False,False,True,False,False,False,True,False,0,0,0.9998,0.0002,
46,0,5,1,,41,3,4,2,4347.6157,2176,0.7610479,,,0.46493807,0.5008769,True,False,True,False,False,False,True,False,False,False,True,1,1,0.0003,0.9997,
42,0,3,2,,36,3,3,4,3802.0,1300,0.627,,,0.385,0.342,False,False,False,False,False,False,False,False,False,True,False,1,1,0.0548,0.9452,
48,0,2,1,,36,3,3,4,4756.991,0,0.583601,,,0.34194857,0.0,False,False,True,False,False,False,True,False,True,False,False,1,1,0.0,1.0,
47,0,2,1,,37,5,2,1,15057.472,673,0.4486949,,,0.38315514,0.04431319,False,True,True,False,False,False,False,False,True,True,False,1,1,0.0001,0.9999,
44,0,2,1,,29,2,2,3,8402.056,1171,0.9304554,,,0.7088374,0.14024845,False,True,False,False,True,False,False,False,True,True,False,1,1,0.0004,0.9996,
42,1,2,2,,29,2,2,2,34516.0,2157,0.84312683,,,0.6848796,0.06253611,False,True,False,False,False,False,False,False,True,False,False,1,1,0.0187,0.9813,
56,0,1,1,,36,6,3,2,24073.0,1084,0.847,,,1.176,0.045,False,False,False,False,False,True,False,False,False,False,True,0,0,0.9999,0.0001,
49,0,2,2,,43,4,1,2,3538.0,0,0.481,,,0.462,0.0,False,False,True,False,False,False,False,False,False,True,False,0,0,0.5529,0.4471,
49,1,4,1,,39,2,3,2,8561.0,915,0.637,,,0.491,0.107,False,False,False,False,True,False,False,False,True,False,False,0,0,0.9595,0.0405,
55,0,2,1,,49,3,3,4,1809.0,0,0.569,,,0.571,0.0,False,True,False,False,False,False,True,False,False,False,False,1,1,0.0214,0.9786,
46,0,1,1,,35,5,2,3,2969.0537,1961,0.51551753,,,0.38976815,0.6606958,False,True,False,False,False,False,True,False,False,True,False,1,1,0.0003,0.9997,
36,1,2,2,,17,4,3,1,2900.0,2029,0.846,,,0.6,0.7,False,True,False,False,False,False,False,False,True,False,False,0,0,0.9994,0.0006,
44,0,2,0,,36,1,2,2,1916.0,0,1.041,,,0.444,0.0,True,False,False,False,False,False,False,False,False,True,False,1,1,0.0,1.0,
49,0,2,1,,36,2,3,2,13330.511,1192,0.41919553,,,0.4623251,0.08988841,True,False,False,True,False,False,False,False,True,False,True,1,1,0.0003,0.9997,
54,0,1,1,,45,1,2,3,1438.3,0,0.9906164,,,1.1841424,0.0,True,False,True,False,False,False,False,True,False,False,True,1,1,0.0003,0.9997,
48,0,3,1,,34,5,2,2,1495.0,0,0.802,,,0.703,0.0,False,False,True,False,False,False,False,False,False,True,False,0,0,0.9957,0.0043,
26,0,0,2,,17,5,3,3,3119.0,1328,0.722,,,0.512,0.426,False,True,False,False,False,False,True,False,False,False,False,0,0,0.9993,0.0007,
46,1,1,1,,27,3,4,3,1472.8597,0,0.6792518,,,0.40630203,0.0,False,True,False,False,False,False,False,True,False,False,False,1,1,0.0003,0.9997,
47,1,3,2,,42,4,1,0,24480.0,1923,0.505,,,0.778,0.079,False,False,True,False,False,False,False,False,True,False,False,0,0,0.9997,0.0003,
47,0,5,2,,33,5,2,2,2169.0,1330,0.905,,,1.065,0.613,False,False,True,False,False,False,False,False,False,True,False,0,0,1.0,0.0,
40,0,2,1,,26,3,3,1,5578.315,0,0.8546224,,,0.42324063,0.0,False,True,False,False,False,False,True,False,False,False,False,1,1,0.0198,0.9802,
44,1,5,2,,36,2,3,4,34140.0,0,0.877,,,0.52,0.0,True,False,False,False,False,False,False,True,False,False,False,1,1,0.0078,0.9922,
48,0,3,1,,35,3,3,3,2640.0,2133,1.008,,,0.846,0.808,False,False,False,True,False,False,False,False,False,True,False,0,0,0.9988,0.0012,
45,1,4,2,,33,5,3,3,32970.723,2467,0.6651646,,,0.64661205,0.074497744,False,True,False,False,True,False,False,False,True,False,False,1,1,0.0331,0.9669,
51,1,4,1,,42,6,3,2,34516.0,216,0.98948,,,0.57586426,0.006588503,False,True,False,False,False,False,False,False,True,False,False,1,1,0.0015,0.9985,
36,1,1,1,,23,1,1,2,9680.617,2144,0.88297045,,,0.77397364,0.22131532,False,False,True,False,False,True,True,True,False,False,False,1,1,0.0055,0.9945,
38,0,3,2,,31,4,2,2,1438.3,0,0.40736878,,,0.48727754,0.0,False,True,True,False,False,False,True,False,False,True,False,1,1,0.0001,0.9999,
47,0,2,1,,36,6,3,3,1438.3,0,0.634,,,0.673,0.0,False,False,False,False,False,False,False,False,False,True,False,0,0,1.0,0.0,
50,0,2,1,,40,5,3,3,2481.0,1287,0.465,,,0.821,0.519,False,True,False,False,False,False,False,False,False,True,False,0,0,0.9558,0.0442,
56,0,0,2,,36,5,4,2,3033.0,0,0.89,,,0.698,0.0,False,False,False,False,False,True,False,False,False,True,False,0,0,0.997,0.003,
51,1,2,3,,39,6,1,3,9854.0,1886,0.921,,,0.949,0.191,False,False,False,False,False,True,False,False,True,False,False,0,0,0.9999,0.0001,
43,0,3,3,,36,6,2,3,2242.0,0,0.658,,,0.941,0.0,False,False,True,False,False,False,False,False,False,True,False,0,0,0.9994,0.0006,
44,1,2,3,,37,2,3,0,15821.0,1334,0.81,,,0.635,0.084,False,True,False,False,False,False,False,False,True,False,False,0,0,1.0,0.0,
33,0,0,1,,25,3,2,2,3933.7544,0,0.825763,,,0.78855604,0.0,True,True,False,False,False,False,True,False,False,True,False,1,1,0.0042,0.9958,
42,0,1,1,,34,4,3,2,3238.7195,30,0.4408598,,,0.32314357,0.009501684,False,False,False,False,True,True,False,False,False,True,False,1,1,0.0001,0.9999,
48,0,1,3,,36,3,1,3,2447.0,1991,0.719,,,0.708,0.814,False,False,False,False,False,True,True,False,False,False,False,0,0,1.0,0.0,
43,0,5,3,,24,3,2,2,4430.0,2203,1.046,,,0.4,0.497,False,False,True,False,False,False,True,False,False,False,False,1,1,0.0462,0.9538,
57,0,3,3,,47,6,3,1,5225.0,2290,0.962,,,0.683,0.438,False,True,False,False,False,False,False,False,False,True,False,0,0,0.9999,0.0001,
53,1,3,1,,44,4,2,0,9025.0,1005,0.568,,,0.706,0.111,False,False,True,False,False,False,False,False,False,False,False,0,0,1.0,0.0,
45,0,3,2,,38,3,3,3,7750.1284,0,0.77695173,,,0.853,0.0,False,True,True,False,False,False,True,False,False,True,False,1,1,0.0107,0.9893,
41,1,2,1,,36,2,1,3,10688.0,653,0.682,,,0.508,0.061,False,False,False,True,False,False,True,False,False,False,False,0,0,0.9994,0.0006,
49,0,1,1,,32,2,2,1,7417.0723,0,0.9470444,,,0.6731414,0.0,False,True,False,False,True,False,True,False,False,False,True,1,1,0.0,1.0,
53,0,2,2,,38,3,3,3,2528.7983,442,0.68994594,,,0.59334224,0.17574279,False,False,False,True,False,True,False,False,False,True,False,1,1,0.0001,0.9999,
46,0,4,0,,34,2,3,1,8110.0,1549,0.808,,,0.649,0.191,False,False,False,False,True,False,False,False,False,False,True,0,0,0.9999,0.0001,
55,1,4,1,,43,6,2,4,21351.0,2517,0.818,,,0.882,0.118,False,False,False,True,False,False,False,False,True,False,False,0,0,0.9807,0.0193,
37,1,2,2,,34,3,2,2,1816.7588,0,0.5794242,,,0.6027146,0.0,False,False,True,False,False,True,False,True,True,False,False,1,1,0.0007,0.9993,
47,0,2,1,,36,3,2,2,3069.037,873,0.28030562,,,0.097780064,0.28735855,True,False,False,False,False,True,False,False,False,True,True,1,1,0.0063,0.9937,
46,1,0,2,,39,2,3,3,16983.0,0,1.061,,,0.837,0.0,False,False,False,False,False,False,False,False,True,False,False,1,1,0.0031,0.9969,
48,0,5,1,,38,1,3,3,8025.0,0,0.654,,,0.8,0.0,False,False,True,False,False,False,False,False,False,True,False,1,1,0.0004,0.9996,
39,1,1,2,,29,6,2,2,23034.0,1992,0.759,,,0.684,0.086,False,False,False,True,False,False,False,False,True,False,False,0,0,0.5079,0.4921,
51,1,1,1,,39,3,3,3,24288.055,1077,0.4918208,,,0.55829924,0.04499812,False,False,True,False,False,True,False,True,True,False,False,1,1,0.0475,0.9525,
45,1,0,1,,36,3,3,5,15715.568,0,0.6807188,,,0.5441406,0.0,False,True,True,False,False,False,False,True,False,False,False,1,1,0.0195,0.9805,
54,0,2,2,,49,4,3,3,8769.0,1314,0.477,,,0.818,0.15,False,False,False,False,False,False,True,False,False,False,False,0,0,0.9989,0.0011,
61,0,0,1,,54,3,2,2,2297.9624,534,0.7714096,,,0.22863178,0.23470126,False,True,False,False,False,False,False,False,False,True,False,1,1,0.0037,0.9963,
48,0,3,0,,41,3,4,3,7860.0,0,0.598,,,0.617,0.0,False,True,False,False,False,False,False,False,False,False,True,0,0,0.9999,0.0001,
42,0,4,1,,36,6,2,3,5557.0,2246,0.518,,,0.444,0.404,False,False,False,False,True,False,False,False,False,False,True,1,1,0.0165,0.9835,
46,1,1,1,,34,3,3,4,15060.0,0,0.545,,,0.4,0.0,False,False,False,False,True,False,False,True,False,False,False,1,1,0.0193,0.9807,
51,0,3,2,,40,5,3,2,1457.9602,0,0.5822052,,,0.38794753,0.0,False,True,False,False,False,True,True,False,False,True,False,1,1,0.0,1.0,
46,0,2,1,,35,2,2,1,18633.635,2517,0.7622463,,,0.58901477,0.13524804,False,True,False,False,False,True,False,True,False,False,True,1,1,0.0005,0.9995,
40,1,1,1,,36,6,3,4,18386.0,890,0.361,,,0.483,0.048,False,False,False,True,False,False,False,True,False,False,False,1,1,0.2289,0.7711,
50,1,2,1,,36,6,2,2,16081.0,492,0.204,,,0.564,0.031,False,False,False,False,False,True,False,False,False,False,False,1,1,0.0257,0.9743,
44,0,1,1,,35,5,3,3,3040.4663,0,0.8390526,,,0.4633462,0.0,False,False,False,False,False,True,True,False,False,True,False,1,1,0.0001,0.9999,
35,0,1,2,,30,2,2,2,1649.0,0,0.683,,,0.588,0.0,False,True,False,False,False,False,False,False,False,True,False,1,1,0.0002,0.9998,
42,0,5,1,,35,5,4,3,1514.0,745,0.694,,,0.683,0.492,False,False,True,False,False,False,False,False,False,True,False,0,0,1.0,0.0,
55,1,1,3,,46,4,1,2,19849.0,2205,0.796,,,0.737,0.111,False,False,False,False,False,True,False,False,False,False,False,0,0,0.9996,0.0004,
49,0,3,1,,36,4,2,2,1763.0,0,0.896,,,0.536,0.0,False,False,True,False,False,False,False,False,False,True,False,1,1,0.0001,0.9999,
62,0,1,1,,56,6,0,0,1438.3,0,0.813,,,1.095,0.0,False,False,False,False,False,True,False,False,False,True,False,0,0,0.9914,0.0086,
47,0,3,1,,36,3,2,1,1682.9783,0,0.4472608,,,0.5028913,0.0,True,False,False,False,False,False,False,True,False,True,False,1,1,0.0001,0.9999,
49,0,3,1,,37,2,3,2,7661.84,0,0.9433747,,,0.6560794,0.0,False,False,False,False,True,True,False,False,True,True,False,1,1,0.0001,0.9999,
49,0,2,2,,43,1,3,2,1643.0,526,0.829,,,0.583,0.32,False,False,False,False,False,True,True,False,False,False,False,1,1,0.0,1.0,
58,1,0,1,,45,2,3,3,3488.046,1070,0.7236319,,,0.583888,0.3085623,False,False,True,False,True,False,True,False,False,False,False,1,1,0.0028,0.9972,
49,1,3,2,,36,5,2,2,6924.6313,0,0.82127637,,,0.44248745,0.0,False,True,False,False,True,False,False,False,True,False,False,1,1,0.0012,0.9988,
42,0,1,1,,31,3,2,2,1438.3,0,0.8045516,,,0.46903193,0.0,True,False,False,False,True,False,True,False,False,True,False,1,1,0.0001,0.9999,
39,1,4,1,,30,4,2,2,17516.781,28,0.42600265,,,0.68140185,0.0016231942,False,True,True,False,False,False,False,False,True,False,False,1,1,0.0028,0.9972,
38,1,3,2,,19,5,2,3,1705.0,0,0.604,,,0.824,0.0,False,True,False,False,False,False,True,False,False,False,False,0,0,0.9823,0.0177,
60,0,0,1,,55,2,1,3,3773.0,0,0.684,,,0.873,0.0,False,True,False,False,False,False,False,False,False,True,False,0,0,0.9966,0.0034,
46,0,2,1,,39,3,3,4,8591.696,1586,0.43969217,,,0.29257593,0.1849693,False,True,False,False,True,False,False,False,False,True,True,1,1,0.001,0.999,
50,1,2,1,,39,4,2,3,14922.827,0,0.3245402,,,0.61106646,0.0,False,True,True,False,False,False,False,True,True,False,False,1,1,0.0001,0.9999,
50,0,2,1,,44,6,2,3,2339.0,1440,0.431,,,0.375,0.616,False,True,False,False,False,False,True,False,False,False,False,0,0,0.5107,0.4893,
52,1,2,1,,42,3,3,3,7313.182,0,0.60363996,,,0.78757817,0.0,False,False,True,False,False,False,False,False,True,False,False,1,1,0.001,0.999,
45,0,3,3,,37,4,3,2,3875.0142,0,0.5958871,,,0.40349752,0.0,False,False,True,False,False,False,True,False,True,False,False,1,1,0.0006,0.9994,
54,0,5,1,,44,5,3,3,5342.0,605,0.691,,,0.394,0.113,False,False,True,False,False,False,False,False,False,False,True,1,1,0.0043,0.9957,
30,1,0,1,,36,3,3,2,2550.0,1623,0.65,,,0.275,0.636,False,True,False,False,False,False,False,False,False,True,False,0,0,0.9985,0.0015,
46,1,3,1,,36,4,2,3,34516.0,889,0.64460546,,,0.66295326,0.025833683,False,True,False,False,False,False,False,False,True,False,False,1,1,0.0402,0.9598,
52,0,3,2,,43,4,3,3,2437.1926,502,0.43169954,,,0.5785241,0.20607199,False,False,False,True,False,True,False,False,False,True,False,1,1,0.0003,0.9997,
43,0,3,2,,32,3,3,1,2971.9453,0,1.0561117,,,0.57875293,0.0,False,True,False,True,False,False,False,False,True,True,False,1,1,0.0343,0.9657,
52,0,3,1,,39,6,3,2,1629.3154,0,0.6793452,,,0.44572678,0.0,False,True,False,False,True,False,True,False,False,True,False,1,1,0.0003,0.9997,
49,0,1,1,,38,1,2,2,2189.7195,0,0.712131,,,0.35998696,0.0,False,True,False,False,False,False,False,False,True,True,False,1,1,0.0001,0.9999,
48,0,4,2,,43,3,2,4,1538.0,0,0.684,,,0.483,0.0,False,True,False,False,False,False,True,False,False,False,False,1,1,0.0003,0.9997,
53,0,2,2,,36,5,1,4,2708.0,2271,0.61,,,0.766,0.839,False,True,False,False,False,False,False,False,False,True,False,0,0,1.0,0.0,
60,0,1,2,,49,5,4,1,2481.0,1925,0.723,,,0.78,0.776,False,False,True,False,False,False,False,False,False,True,False,0,0,0.9997,0.0003,
43,0,2,0,,31,3,3,2,3885.448,909,0.5685667,,,0.38068476,0.23780431,True,False,True,False,False,False,True,False,False,True,False,1,1,0.0029,0.9971,
59,0,0,2,,55,2,2,3,2645.0,1127,0.623,,,0.767,0.426,False,False,False,False,False,False,False,False,False,True,False,0,0,1.0,0.0,
44,1,2,2,,30,6,2,2,9827.0,600,0.477,,,0.537,0.061,False,False,False,False,False,True,False,True,False,False,False,0,0,0.9933,0.0067,
57,1,1,1,,44,1,3,1,34516.0,0,0.96602106,,,0.54597896,0.0,False,False,True,False,False,False,False,False,False,False,False,1,1,0.0007,0.9993,
50,0,2,1,,42,2,1,2,1584.6648,156,0.63733524,,,0.47290054,0.09872242,False,True,False,False,False,True,True,False,False,True,False,1,1,0.0001,0.9999,
33,0,2,2,,19,3,2,3,5141.0,1737,0.985,,,0.783,0.338,False,True,False,False,False,False,False,False,False,True,False,0,0,0.7801,0.2199,
47,1,3,1,,41,6,3,4,6692.0,1897,1.035,,,0.689,0.283,False,False,True,False,False,False,True,False,False,False,False,0,0,0.9988,0.0012,
44,0,2,1,,35,4,2,2,3214.6304,2517,0.5037773,,,0.28852916,0.78301275,False,True,False,False,False,False,False,False,False,True,False,1,1,0.0065,0.9935,
44,1,2,0,,32,5,2,3,9942.809,0,0.5598831,,,0.48149532,0.0,True,False,True,False,False,False,False,False,True,False,False,1,1,0.0001,0.9999,
43,0,3,1,,34,4,2,2,11362.0,1871,0.859,,,0.63,0.165,False,False,False,False,False,False,False,False,False,True,False,0,0,0.9983,0.0017,
50,1,2,1,,28,3,2,3,2917.691,2517,0.686239,,,0.43029466,0.8627582,False,False,False,False,False,True,False,False,True,True,False,1,1,0.0144,0.9856,
57,0,1,1,,44,4,1,4,3727.2832,1118,0.99955934,,,0.6585743,0.30042374,False,True,False,False,True,False,True,False,False,True,False,1,1,0.0325,0.9675,
45,1,2,1,,35,1,2,3,7653.0,1693,0.683,,,0.576,0.221,False,True,False,False,False,False,False,True,False,False,False,0,0,0.9999,0.0001,
49,0,3,1,,34,2,2,5,4012.733,0,0.88000077,,,0.67233306,0.0,False,True,False,False,False,False,True,False,False,True,False,1,1,0.0016,0.9984,
32,1,0,3,,36,3,3,4,3788.0,1325,0.607,,,0.477,0.35,False,False,False,False,False,False,False,False,False,True,False,0,0,0.9999,0.0001,
48,0,3,1,,41,2,3,2,10167.313,74,0.7951086,,,0.57066935,0.006982437,False,True,True,False,False,False,False,True,False,False,True,1,1,0.0,1.0,
44,1,0,0,,39,2,3,2,34516.0,2357,0.5231524,,,0.392814,0.06794825,False,False,True,False,False,False,False,False,True,False,False,1,1,0.0007,0.9993,
47,0,2,2,,37,4,3,2,2168.0,1485,0.546,,,0.72,0.685,True,False,False,False,False,False,False,False,False,True,False,0,0,1.0,0.0,
45,1,2,1,,34,5,5,2,12518.0,1539,0.645,,,0.833,0.123,False,False,True,False,False,False,False,False,True,False,False,0,0,0.9952,0.0048,
35,1,3,2,,36,5,1,3,2780.0,0,0.565,,,0.811,0.0,False,False,False,False,False,False,False,True,False,False,False,0,0,0.9996,0.0004,
48,0,1,1,,34,3,3,2,1865.0575,0,0.8772798,,,0.5851489,0.0,False,True,True,False,False,False,True,False,False,False,False,1,1,0.0,1.0,
55,0,1,0,,41,4,2,3,3671.336,2517,0.84941685,,,0.7305259,0.6855193,False,False,True,True,False,False,False,False,False,True,True,1,1,0.0006,0.9994,
50,0,3,1,,37,1,2,2,3553.6487,0,0.80544734,,,0.46078485,0.0,False,False,True,False,False,False,False,False,False,True,False,1,1,0.0,1.0,
29,1,0,1,,18,4,3,4,4532.0,0,0.734,,,0.528,0.0,False,True,False,False,False,False,True,False,False,False,False,0,0,0.9936,0.0064,
48,0,5,2,,40,1,4,3,8297.0,2517,0.899,,,0.682,0.303,False,False,True,False,False,False,False,False,False,True,False,1,1,0.0764,0.9236,
44,0,3,2,,38,1,3,3,8326.129,58,0.76763946,,,0.52807873,0.0072011696,False,True,False,False,True,False,False,False,True,False,True,1,1,0.0,1.0,
42,1,2,2,,30,4,2,1,29195.0,892,0.565,,,0.763,0.031,False,False,False,False,False,True,False,False,True,False,False,0,0,0.9997,0.0003,
36,1,3,1,,36,4,2,2,2956.0,2411,0.971,,,0.824,0.816,False,False,False,False,False,True,False,True,False,False,False,0,0,0.9982,0.0018,
45,1,4,0,,39,5,3,4,14290.0,1432,0.815,,,0.689,0.1,False,False,True,False,False,False,False,False,True,False,False,0,0,0.9954,0.0046,
40,0,1,1,,29,3,3,3,2816.0203,760,0.7220926,,,0.32006815,0.270279,False,False,True,False,True,False,True,False,False,True,False,1,1,0.0002,0.9998,
50,0,2,3,,40,3,2,3,1606.0,0,0.824,,,0.744,0.0,False,True,False,False,False,False,False,False,False,True,False,0,0,0.9998,0.0002,
42,0,3,2,,36,2,3,3,2145.0,0,0.577,,,0.355,0.0,False,False,True,False,False,False,False,False,False,True,False,1,1,0.0,1.0,
47,0,2,1,,35,1,3,2,34516.0,1212,0.99956226,,,0.4992237,0.03506609,False,False,True,False,False,True,False,True,False,False,True,1,1,0.0002,0.9998,
33,0,1,1,,15,6,2,0,1741.0,1328,0.69,,,0.649,0.763,False,False,False,True,False,False,False,False,False,True,False,0,0,0.8537,0.1463,
51,0,5,1,,44,5,1,1,3449.0,1598,0.971,,,0.556,0.463,False,False,False,True,False,False,False,False,False,True,False,0,0,0.9992,0.0008,
40,0,3,1,,25,1,2,2,6901.015,1883,1.0573605,,,0.8242686,0.27325886,False,True,True,False,False,False,False,False,False,False,True,1,1,0.0026,0.9974,
46,0,2,2,,29,4,2,4,3126.0,2517,1.235,,,0.519,0.805,False,False,False,False,False,True,True,False,False,False,False,0,0,0.922,0.078,
52,0,3,0,,47,3,3,1,6629.0,2517,0.932,,,0.562,0.38,False,False,True,False,False,False,False,False,False,True,False,1,1,0.0035,0.9965,
38,1,2,2,,21,4,1,5,16188.0625,0,0.5666259,,,0.8603584,0.0,False,False,True,False,False,False,False,True,False,False,False,1,1,0.0203,0.9797,
54,1,2,2,,47,2,2,2,13769.0,0,1.058,,,0.395,0.0,False,False,False,False,False,False,False,False,True,False,False,1,1,0.003,0.997,
44,0,3,1,,36,6,2,3,4250.891,2517,0.7152428,,,0.5577476,0.59252197,False,False,True,False,False,False,True,False,False,True,False,1,1,0.1001,0.8999,
49,0,2,1,,41,3,2,3,3541.5352,0,0.5829084,,,0.46150705,0.0,False,False,True,False,False,False,False,False,True,True,False,1,1,0.0,1.0,
41,0,2,1,,36,3,2,2,2811.0,2404,0.491,,,0.464,0.855,False,False,True,False,False,False,False,False,False,True,False,1,1,0.0001,0.9999,
47,0,1,3,,36,6,5,1,5222.0,2517,0.569,,,0.588,0.482,False,False,True,False,False,False,False,False,False,True,False,0,0,0.9996,0.0004,
39,0,2,2,,27,4,2,2,6205.0,2517,0.939,,,0.727,0.406,False,False,False,True,False,False,False,False,False,True,False,0,0,0.9769,0.0231,
48,1,3,1,,35,3,3,2,13390.062,1173,0.41655725,,,0.4994574,0.08796892,True,False,False,True,False,False,False,False,True,False,False,1,1,0.0082,0.9918,
46,0,2,2,,38,3,3,3,1602.7032,515,0.7970495,,,0.4449478,0.32327315,True,False,False,False,True,False,False,False,False,True,False,1,1,0.0001,0.9999,
50,1,2,1,,36,3,1,3,5426.0,1478,0.664,,,0.571,0.272,False,False,False,False,False,True,True,False,False,False,False,0,0,0.9784,0.0216,
52,0,1,1,,40,2,2,1,1438.3,1228,0.659,,,0.902,0.854,False,False,False,False,True,False,False,False,False,False,True,0,0,1.0,0.0,
42,1,3,1,,23,5,3,2,5791.0,2517,0.69,,,0.641,0.435,False,True,False,False,False,False,True,False,False,False,False,1,0,0.5903,0.4097,
52,0,3,2,,34,5,2,1,2996.0,2147,0.503,,,0.737,0.717,False,True,False,False,False,False,False,False,False,True,False,0,0,0.9974,0.0026,
49,0,3,2,,36,3,2,2,31631.0,0,0.632,,,0.758,0.0,False,False,True,False,False,False,False,False,False,False,True,0,0,0.9959,0.0041,
54,0,1,2,,43,1,3,2,9525.0,2517,0.669,,,0.881,0.264,False,False,False,False,True,False,True,False,False,False,False,0,0,0.9964,0.0036,
54,0,1,2,,36,3,2,3,10166.738,0,0.3098457,,,0.18693824,0.0,False,True,False,False,False,False,True,False,False,False,True,1,1,0.0004,0.9996,
63,1,1,1,,53,6,6,2,2880.0,2362,0.89,,,0.444,0.82,False,True,False,False,False,False,True,False,False,False,False,0,0,0.9987,0.0013,
34,1,3,1,,25,6,3,2,9131.0,916,0.863,,,0.565,0.1,False,False,False,False,True,False,False,False,True,False,False,0,0,0.9971,0.0029,
49,0,1,1,,32,5,2,3,2015.9896,1632,1.0025156,,,0.6872267,0.8098866,False,False,True,False,True,False,False,False,False,True,False,1,1,0.024,0.976,
49,1,4,0,,37,5,2,2,32338.0,1664,0.919,,,0.766,0.051,False,False,True,False,False,False,False,False,True,False,False,0,0,0.9998,0.0002,
38,1,2,0,,28,4,2,3,17617.4,642,0.8726273,,,0.75401014,0.03645008,False,True,True,False,False,False,False,True,True,False,False,1,1,0.0003,0.9997,
42,1,4,1,,37,4,3,2,2411.0,1797,0.607,,,0.5,0.745,False,False,False,False,True,False,False,False,False,True,False,0,0,0.9985,0.0015,
49,0,1,1,,43,2,1,3,1994.8042,0,0.82170904,,,0.71682614,0.0,False,False,True,False,False,True,False,False,False,True,False,1,1,0.0001,0.9999,
38,1,1,1,,29,4,2,3,4231.6772,382,0.8839297,,,0.7876262,0.091698185,False,False,False,True,False,True,True,False,False,True,False,1,1,0.0001,0.9999,
46,0,2,1,,38,2,3,2,1438.3,0,0.30268893,,,0.33258605,0.0,False,True,True,False,False,False,False,True,False,True,False,1,1,0.0,1.0,
39,1,2,1,,29,3,2,3,2191.648,0,0.46563298,,,0.34821948,0.0,False,True,False,False,True,False,False,True,False,False,False,1,1,0.0019,0.9981,
48,0,2,1,,34,4,2,3,11850.676,335,0.69999963,,,0.624364,0.028220717,False,True,False,False,False,True,False,False,True,False,True,1,1,0.0014,0.9986,
43,0,3,0,,36,1,2,2,1893.8617,0,0.93340814,,,0.4045939,0.0,True,False,True,False,False,False,False,True,False,True,False,1,1,0.0,1.0,
65,0,0,1,,53,4,3,0,4315.0,717,0.808,,,0.5,0.166,False,False,True,False,False,False,False,False,False,False,True,0,0,0.9899,0.0101,
55,0,3,1,,45,1,3,1,2815.0,1848,0.563,,,0.45,0.656,False,True,False,False,False,False,False,False,False,False,True,1,1,0.0005,0.9995,
52,1,3,2,,46,5,1,2,2735.0,1942,0.582,,,0.692,0.71,False,False,False,False,False,True,False,False,True,False,False,0,0,1.0,0.0,
41,1,4,3,,29,5,4,2,3600.0,746,0.824,,,0.694,0.207,False,False,True,False,False,False,True,False,False,False,False,0,0,0.9996,0.0004,
46,1,4,1,,36,4,1,3,34516.0,1380,0.66,,,0.4,0.04,False,True,False,False,False,False,False,False,False,False,False,0,0,0.9968,0.0032,
58,0,1,1,,36,2,3,2,2464.3262,0,0.5003711,,,0.75405884,0.0,False,True,False,False,False,False,False,False,False,True,False,1,1,0.0008,0.9992,
34,1,1,1,,36,6,2,3,3735.0,1285,1.034,,,1.2,0.344,False,True,False,False,False,False,True,False,False,False,False,0,0,0.9999,0.0001,
43,0,5,1,,31,5,1,1,5302.0,1136,0.817,,,0.581,0.214,False,False,False,False,False,False,True,False,False,False,False,0,0,0.9993,0.0007,
33,0,1,2,,18,2,2,3,3043.0,2054,0.735,,,0.667,0.675,False,True,False,False,False,False,True,False,False,False,False,0,0,0.9998,0.0002,
44,0,2,1,,30,5,2,3,1476.2924,852,0.6505098,,,0.7908324,0.57710546,False,False,False,False,True,False,False,False,True,False,True,1,1,0.0009,0.9991,
52,1,2,1,,36,6,4,1,1981.0,1448,0.723,,,0.743,0.731,False,False,False,True,False,False,False,False,True,False,False,0,0,0.9993,0.0007,
46,0,0,2,,38,1,3,3,16895.098,25,1.0511901,,,0.81965154,0.0016913543,True,False,False,False,False,False,False,False,True,True,False,1,1,0.0003,0.9997,
36,1,3,1,,27,4,3,2,12397.0,1001,0.756,,,0.448,0.081,False,True,False,False,False,False,False,True,False,False,False,0,0,0.9946,0.0054,
43,0,3,1,,33,1,2,2,3538.7644,0,0.6732565,,,0.8071697,0.0,False,True,False,True,False,False,True,False,False,False,False,1,1,0.0007,0.9993,
51,1,3,1,,36,2,3,3,1590.0,1273,0.64,,,0.818,0.801,False,False,False,True,False,False,True,False,False,False,False,0,0,0.9943,0.0057,
56,0,2,2,,42,4,2,2,3495.0,1427,0.563,,,0.889,0.408,False,False,False,False,True,False,False,False,False,True,False,0,0,1.0,0.0,
56,1,0,1,,51,3,2,3,14501.0,0,0.854,,,0.389,0.0,False,False,False,False,False,False,False,False,True,False,False,1,1,0.0164,0.9836,
41,1,2,1,,32,2,3,3,4668.515,0,0.68022805,,,0.60774094,0.0,False,False,True,False,False,False,False,False,True,False,False,1,1,0.0001,0.9999,
41,0,2,1,,31,4,2,3,9759.0,2038,0.622,,,0.638,0.209,False,False,False,False,False,False,False,False,False,True,False,0,0,1.0,0.0,
45,0,3,0,,35,3,3,2,3701.7268,1137,0.63085663,,,0.47177485,0.3066473,True,False,False,False,False,False,True,False,False,True,False,1,1,0.0014,0.9986,
52,1,2,2,,40,3,3,3,34516.0,2177,1.32,,,1.875,0.063,False,False,True,False,False,False,False,False,True,False,False,0,0,0.9997,0.0003,
51,0,1,1,,46,2,3,3,3272.381,2517,0.7156741,,,0.75216806,0.77018493,False,True,False,False,False,False,False,False,True,True,False,1,1,0.0005,0.9995,
53,1,2,2,,41,4,3,4,34516.0,146,0.4935071,,,0.6025455,0.004027354,False,True,False,False,True,False,False,False,False,False,False,1,1,0.0007,0.9993,
47,0,3,1,,36,4,2,2,1776.0,1519,0.917,,,0.622,0.855,False,True,False,False,False,False,False,False,False,True,False,0,0,0.9983,0.0017,
39,1,1,2,,35,5,1,1,2623.0,2121,0.722,,,0.795,0.809,False,False,False,True,False,False,True,False,False,False,False,0,0,0.9999,0.0001,
51,0,2,1,,36,1,3,3,4567.648,0,0.7123147,,,0.4802396,0.0,False,False,False,False,True,False,False,False,True,True,False,1,1,0.0,1.0,
40,0,2,2,,29,2,2,3,4366.0713,0,0.68604976,,,0.7348133,0.0,False,False,False,False,False,True,True,False,False,False,False,1,1,0.0004,0.9996,
51,0,1,2,,43,4,3,2,2827.0,1308,0.79,,,0.618,0.463,False,False,True,False,False,False,False,False,False,True,False,0,0,0.9871,0.0129,
54,0,3,2,,36,4,2,2,2778.0,743,0.812,,,0.51,0.267,True,False,False,False,False,False,False,False,False,True,False,0,0,0.9999,0.0001,
58,1,4,1,,47,6,3,4,7803.0,1885,0.531,,,0.316,0.242,False,False,True,False,False,False,True,False,False,False,False,0,0,0.9995,0.0005,
41,1,3,2,,30,4,2,2,17890.0,2517,0.983,,,0.8,0.141,False,False,False,True,False,False,False,False,True,False,False,0,0,0.9919,0.0081,
43,0,2,2,,24,2,3,2,2962.0,2517,1.046,,,0.409,0.85,False,False,False,False,True,False,False,False,False,True,False,1,1,0.0038,0.9962,
56,0,1,2,,43,3,2,2,2846.0,0,0.747,,,0.419,0.0,False,False,False,False,False,False,False,False,False,True,False,1,1,0.0088,0.9912,
43,1,3,1,,35,3,3,3,4690.143,0,0.74842423,,,0.7132646,0.0,False,False,False,False,False,False,False,False,True,False,False,1,1,0.0179,0.9821,
31,0,0,1,,19,5,3,2,2370.0,1699,0.889,,,0.656,0.717,False,False,False,False,True,False,False,False,False,True,False,0,0,0.9599,0.0401,
40,1,2,2,,24,6,2,3,18140.885,340,0.89045304,,,0.75592333,0.019323999,False,False,True,False,False,False,False,True,False,False,False,1,1,0.0002,0.9998,
44,0,4,3,,31,2,2,3,23981.0,2135,0.749,,,0.564,0.089,False,False,False,False,False,True,True,False,False,False,False,0,0,0.9944,0.0056,
47,0,4,1,,36,1,3,1,3216.0,1480,0.733,,,0.809,0.46,False,False,True,False,False,False,False,False,False,True,False,0,0,1.0,0.0,
52,0,4,1,,41,3,3,3,2294.0,1787,0.748,,,0.854,0.779,False,False,False,False,False,True,False,False,False,True,False,0,0,1.0,0.0,
53,0,1,2,,46,3,6,4,2240.0,1601,0.833,,,0.75,0.715,False,True,False,False,False,False,False,False,False,True,False,0,0,1.0,0.0,
37,0,4,0,,22,5,1,3,2563.0,1638,0.681,,,0.917,0.639,False,False,True,False,False,False,True,False,False,False,False,0,0,0.9963,0.0037,
52,0,1,1,,43,1,2,2,3677.5508,0,0.683847,,,0.47184289,0.0,False,False,True,False,False,False,False,False,True,True,False,1,1,0.0,1.0,
54,0,1,1,,44,3,3,3,3947.0,1746,0.478,,,0.4,0.442,False,False,True,False,False,False,False,False,False,True,False,0,0,0.9829,0.0171,
54,0,1,2,,42,1,1,2,2314.6226,622,0.6719816,,,0.47129947,0.27108002,False,True,False,False,False,True,False,True,False,True,False,1,1,0.0002,0.9998,
47,1,1,1,,40,2,2,3,11773.0,0,0.754,,,1.071,0.0,False,True,False,False,False,False,False,True,False,False,False,0,1,0.2757,0.7243,
42,0,4,1,,30,4,2,3,8777.0,1668,0.85,,,0.66,0.19,False,False,False,False,False,True,False,False,False,True,False,0,0,1.0,0.0,
57,1,2,2,,47,6,3,4,2248.0,0,0.735,,,0.54,0.0,False,False,True,False,False,False,False,True,False,False,False,0,0,0.9996,0.0004,
40,0,3,2,,28,2,1,2,22361.0,1873,0.701,,,0.567,0.084,False,False,False,False,False,False,True,False,False,False,False,0,0,1.0,0.0,
47,0,2,2,,37,3,3,3,29723.941,1224,0.8708506,,,0.33906394,0.04073983,False,True,True,False,False,False,False,False,True,False,True,1,1,0.0876,0.9124,
48,1,4,1,,40,6,2,5,34516.0,807,0.967,,,1.051,0.023,False,True,False,False,False,False,False,False,True,False,False,0,0,0.999,0.001,
39,0,2,2,,28,3,2,2,1759.1296,1407,0.3758932,,,0.5349199,0.80638206,False,False,False,False,True,False,True,True,False,False,False,1,1,0.0081,0.9919,
53,1,2,1,,41,3,2,5,2492.0,1668,0.651,,,0.882,0.669,False,True,False,False,False,False,False,False,True,False,False,0,0,0.9983,0.0017,
50,0,2,2,,36,2,3,2,1728.5385,1127,0.5180763,,,0.57313144,0.65341836,False,True,False,False,True,False,False,False,False,True,True,1,1,0.0006,0.9994,
44,1,4,2,,39,2,2,3,9682.0,1727,0.88,,,0.9,0.178,False,True,False,False,False,False,False,True,False,False,False,0,0,0.9987,0.0013,
33,0,3,1,,15,4,1,3,23427.877,0,1.0508789,,,0.8465638,0.0,False,True,False,False,False,True,False,True,False,False,True,1,1,0.0003,0.9997,
43,1,3,2,,31,3,3,3,1438.3,0,0.663,,,0.875,0.0,False,True,False,False,False,False,False,False,False,False,False,0,0,0.7174,0.2826,
45,0,3,1,,28,5,1,2,2535.0,2440,1.705,,,1.222,0.963,False,False,False,False,False,True,False,False,False,False,True,0,0,0.9998,0.0002,
40,1,2,2,,36,3,2,3,6033.0,0,0.834,,,0.721,0.0,False,True,False,False,False,False,True,False,False,False,False,0,0,0.999,0.001,
39,0,2,2,,31,5,3,3,8325.0,2048,0.92,,,0.655,0.246,False,True,False,False,False,False,False,False,False,True,False,0,0,0.9727,0.0273,
50,1,2,1,,36,3,2,3,11813.583,0,0.68320733,,,0.5708011,0.0,False,False,False,False,True,True,False,False,True,False,False,1,1,0.0058,0.9942,
55,1,3,2,,36,4,3,4,34516.0,0,1.007,,,0.75,0.0,False,True,False,False,False,False,False,False,False,False,False,1,1,0.001,0.999,
41,0,3,2,,31,1,2,3,4738.5435,2220,0.47044772,,,0.46329096,0.46832126,False,False,True,False,False,True,True,False,True,False,False,1,1,0.0,1.0,
39,1,3,1,,30,2,3,3,4618.0,0,0.717,,,0.75,0.0,False,False,False,False,False,False,False,False,True,False,False,1,1,0.0019,0.9981,
50,0,2,1,,37,2,2,4,2448.5535,931,0.61312467,,,0.43715167,0.3805041,False,True,True,False,False,False,False,True,False,True,False,1,1,0.0002,0.9998,
47,0,1,1,,30,3,3,2,1888.6146,0,0.87225276,,,0.5351841,0.0,False,True,False,False,False,False,True,False,False,False,True,1,1,0.0001,0.9999,
52,0,1,1,,47,3,0,3,2905.3428,0,0.6748751,,,1.0037694,0.0,False,False,False,False,True,True,False,False,False,True,True,1,1,0.0258,0.9742,
49,1,1,2,,41,4,3,2,23621.041,2517,0.8213098,,,0.5783928,0.10644618,False,False,False,True,True,False,False,True,False,False,False,1,1,0.0859,0.9141,
52,1,3,1,,44,3,3,3,11606.0,0,0.797,,,0.393,0.0,False,False,False,False,True,False,False,False,True,False,False,1,1,0.0002,0.9998,
47,0,4,2,,36,3,2,2,2765.0,901,0.898,,,0.905,0.326,True,False,False,False,False,False,False,False,False,True,False,0,0,0.9999,0.0001,
42,1,4,1,,27,5,1,2,1503.0,929,0.892,,,0.971,0.618,False,True,False,False,False,False,True,False,False,False,False,0,0,0.9999,0.0001,
50,0,3,2,,38,3,3,1,1438.3,663,0.384,,,0.622,0.461,False,False,True,False,False,False,False,False,False,True,False,0,0,0.9972,0.0028,
51,0,2,1,,43,3,2,3,11621.35,51,0.7943351,,,0.40952227,0.0043704063,False,True,False,False,True,False,False,False,True,False,True,1,1,0.0,1.0,
52,0,2,2,,44,6,3,3,2971.0,0,1.154,,,0.615,0.0,False,False,True,False,False,False,False,False,False,True,False,0,0,0.9834,0.0166,
48,0,3,1,,40,5,3,4,18965.0,2262,0.592,,,0.816,0.119,False,True,False,False,False,False,True,False,False,False,False,0,0,0.9998,0.0002,
50,0,4,1,,36,3,2,1,34516.0,2096,0.666,,,0.553,0.061,True,False,False,False,False,False,False,False,False,False,True,0,0,0.978,0.022,
48,0,1,1,,32,3,3,2,1876.823,0,0.8756681,,,0.5595225,0.0,False,True,True,False,False,False,True,False,False,False,False,1,1,0.0,1.0,
47,1,3,1,,29,2,3,3,6734.9785,531,0.60560524,,,0.50669795,0.07756006,True,True,False,False,False,False,True,False,True,False,False,1,1,0.0,1.0,
30,1,1,2,,36,6,1,2,11371.0,1015,1.483,,,0.889,0.089,False,True,False,False,False,False,False,True,False,False,False,0,0,1.0,0.0,
40,0,4,1,,36,3,2,3,3562.509,0,0.45085686,,,0.73454523,0.0,False,True,True,False,False,False,True,False,False,True,False,1,1,0.0149,0.9851,
52,0,3,2,,36,2,1,3,3240.0,0,0.812,,,0.804,0.0,False,False,False,False,True,False,False,False,False,True,False,0,0,0.9996,0.0004,
47,0,2,2,,39,2,1,5,3558.7312,2517,0.5370742,,,0.46608314,0.70792866,False,False,True,False,True,False,True,False,False,False,True,1,1,0.0007,0.9993,
44,1,5,2,,34,6,2,3,8206.0,763,0.87,,,0.72,0.093,False,False,False,False,False,True,False,False,True,False,False,0,0,0.9991,0.0009,
54,0,4,2,,46,3,2,1,4166.0,989,0.967,,,1.258,0.237,False,False,False,False,False,False,False,False,False,True,False,0,0,0.9999,0.0001,
46,0,3,1,,36,5,2,2,4668.0,0,0.89,,,1.474,0.0,False,False,True,False,False,False,False,False,False,False,True,0,0,0.992,0.008,
42,0,4,2,,32,6,3,2,13719.0,1384,1.201,,,0.658,0.101,False,False,False,False,False,True,False,False,False,True,False,0,0,0.9999,0.0001,
56,1,2,2,,51,1,1,2,4675.0,1340,0.68,,,0.852,0.287,False,True,False,False,False,False,False,False,False,False,False,0,0,0.9999,0.0001,
47,0,3,1,,36,4,1,0,1611.0,746,0.993,,,0.706,0.463,False,False,False,False,True,False,False,False,False,True,False,0,0,0.9966,0.0034,
48,0,3,1,,42,4,3,2,3531.5068,0,0.6909644,,,0.33389813,0.0,False,True,False,False,True,False,False,False,False,True,False,1,1,0.0003,0.9997,
43,1,1,1,,23,4,3,2,7189.0,1550,0.538,,,0.368,0.216,False,False,True,False,False,False,False,True,False,False,False,0,0,0.9574,0.0426,
50,0,5,1,,34,5,5,2,3317.0,1041,0.923,,,1.027,0.314,False,False,False,False,True,False,False,False,False,False,True,0,0,1.0,0.0,
41,0,1,1,,37,3,1,2,1808.6255,0,0.44453377,,,0.3392828,0.0,False,False,False,True,False,True,True,False,True,False,False,1,1,0.0025,0.9975,
38,0,3,0,,32,4,2,2,1646.4364,0,0.49733806,,,0.23949397,0.0,False,True,False,False,False,False,False,False,False,True,True,1,1,0.0002,0.9998,
53,0,4,1,,36,4,1,3,2972.0,2160,0.956,,,0.676,0.727,False,False,False,False,False,False,False,False,False,True,False,0,0,0.9984,0.0016,
51,1,2,1,,29,3,2,3,2921.5137,2517,0.67915994,,,0.43489602,0.8616256,False,False,False,False,False,True,False,False,True,True,False,1,1,0.0105,0.9895,
44,0,3,1,,35,2,2,5,3525.9321,2517,0.61144507,,,0.5581714,0.7142648,False,False,True,False,True,False,False,False,False,True,True,1,1,0.0007,0.9993,
39,0,3,2,,34,2,2,2,1810.726,0,0.5708045,,,0.79944474,0.0,True,False,True,False,False,False,False,False,False,True,False,1,1,0.0001,0.9999,
37,1,1,0,,26,2,3,4,12509.167,0,0.7202617,,,0.45929715,0.0,False,True,False,False,False,False,False,False,True,False,False,1,1,0.0034,0.9966,
41,0,3,1,,31,1,2,3,26213.24,0,0.509942,,,0.6147108,0.0,False,False,True,False,False,True,False,False,False,False,True,1,1,0.0001,0.9999,
50,0,4,2,,36,6,2,0,3125.0,1928,0.412,,,0.533,0.617,False,True,False,False,False,False,False,False,False,True,False,0,0,0.8971,0.1029,
52,1,1,2,,44,3,3,1,34516.0,0,0.551,,,0.9,0.0,False,True,False,False,False,False,False,False,True,False,False,0,1,0.143,0.857,
38,1,3,2,,20,1,3,3,10486.0,1544,0.716,,,0.925,0.147,False,True,False,False,False,False,True,False,False,False,False,0,0,0.9996,0.0004,
41,1,4,1,,32,2,3,3,7769.0,0,0.943,,,0.762,0.0,False,False,True,False,False,False,False,False,False,True,False,1,1,0.0008,0.9992,
43,1,2,1,,25,3,2,3,2049.0,1530,1.344,,,0.628,0.747,False,False,True,False,False,False,False,True,False,False,False,0,0,0.9999,0.0001,
60,0,1,1,,42,5,3,3,5903.0,1335,0.914,,,0.929,0.226,False,True,False,False,False,False,True,False,False,False,False,0,0,0.9957,0.0043,
36,1,1,2,,35,2,3,2,6840.068,1418,1.027354,,,0.37027165,0.20659612,False,True,False,False,False,True,True,False,False,False,False,1,1,0.0011,0.9989,
55,1,3,2,,36,1,3,3,10949.0,829,0.749,,,0.596,0.076,False,False,False,False,True,False,True,False,False,False,False,0,0,0.998,0.002,
46,0,3,2,,36,3,2,2,8078.704,0,0.5871692,,,0.44608465,0.0,False,True,True,False,False,False,False,True,False,True,False,1,1,0.0003,0.9997,
47,0,2,2,,41,2,3,3,3297.927,0,0.5592267,,,0.3839776,0.0,False,False,True,False,False,True,False,False,False,True,False,1,1,0.0,1.0,
55,1,3,1,,50,2,1,2,5282.0,1144,0.8,,,0.597,0.217,False,False,True,False,False,False,False,True,False,False,False,0,0,1.0,0.0,
27,1,0,2,,16,4,1,2,3178.0,1118,0.643,,,0.55,0.352,False,True,False,False,False,False,True,False,False,False,False,0,0,0.9948,0.0052,
45,0,1,1,,26,2,4,3,1438.3,0,0.6755673,,,0.39860892,0.0,False,True,False,False,False,False,False,True,False,True,False,1,1,0.0,1.0,
46,1,2,2,,36,2,2,3,34516.0,0,0.53411794,,,0.34011403,0.0,False,False,True,False,True,False,False,False,True,False,False,1,1,0.0,1.0,
39,0,3,1,,23,3,2,2,1758.9517,593,0.58733755,,,0.56559575,0.33777854,False,True,False,False,True,False,True,False,False,True,False,1,1,0.0001,0.9999,
37,0,3,1,,36,3,2,3,1686.4933,0,0.77329427,,,0.45669985,0.0,False,True,False,False,True,False,True,False,False,True,False,1,1,0.0002,0.9998,
38,1,1,1,,18,1,1,2,9664.0,1983,0.873,,,0.806,0.205,False,False,False,False,False,True,True,False,False,False,False,1,1,0.0288,0.9712,
47,1,1,1,,36,4,3,2,19063.0,1714,0.786,,,0.615,0.09,False,True,False,False,False,False,False,True,False,False,False,0,0,0.9992,0.0008,
41,0,3,1,,35,6,2,4,2255.0,1769,0.767,,,0.804,0.784,False,False,False,False,False,False,False,False,False,False,True,0,0,1.0,0.0,
29,1,1,1,,17,5,1,4,6500.0,2517,0.915,,,0.646,0.387,False,True,False,False,False,False,False,True,False,False,False,1,1,0.1954,0.8046,
43,1,2,1,,28,4,2,3,22157.0,1355,0.69,,,0.571,0.061,False,False,False,False,False,False,False,True,False,False,False,0,0,0.9992,0.0008,
43,0,2,1,,29,4,1,1,3327.0,2517,0.793,,,0.913,0.757,False,False,False,False,False,True,False,False,False,True,False,0,0,0.9998,0.0002,
46,1,2,3,,30,4,3,2,1438.3,681,0.731,,,0.583,0.473,False,False,False,False,True,False,False,True,False,False,False,1,1,0.0216,0.9784,
55,1,1,2,,42,5,2,4,10696.0,1206,0.958,,,0.9,0.113,False,False,False,False,False,False,False,False,True,False,False,0,0,0.681,0.319,
48,0,4,2,,36,1,1,2,6121.0,1679,0.705,,,0.887,0.274,False,False,False,False,False,True,True,False,False,False,False,0,0,1.0,0.0,
41,0,4,0,,33,1,3,1,10360.0,2517,0.632,,,0.273,0.243,False,True,False,False,False,False,True,False,False,False,False,1,1,0.0003,0.9997,
49,0,3,1,,36,4,2,4,1522.0,0,0.482,,,0.8,0.0,False,False,False,False,True,False,False,False,False,True,False,1,1,0.0012,0.9988,
47,0,2,1,,39,5,2,2,3292.1392,0,0.78138816,,,0.77028596,0.0,False,False,True,False,False,True,True,False,False,True,False,1,1,0.002,0.998,
41,0,3,1,,31,2,3,3,4411.364,793,0.8583266,,,0.6018259,0.17978545,False,True,False,False,False,False,False,False,False,False,True,1,1,0.0004,0.9996,
34,1,4,2,,20,5,1,2,2165.0,1952,0.822,,,0.841,0.902,False,False,False,False,False,False,False,True,False,False,False,0,0,0.9999,0.0001,
39,1,2,2,,22,5,2,2,26124.0,0,0.735,,,0.586,0.0,False,False,True,False,False,False,False,False,False,False,False,0,0,0.9999,0.0001,
40,0,3,1,,32,3,2,2,6927.708,0,0.85038483,,,0.53989375,0.0,False,True,False,False,False,False,False,False,True,True,False,1,1,0.0001,0.9999,
38,0,4,1,,26,4,2,4,4002.0,1402,0.579,,,0.514,0.35,True,False,False,False,False,False,False,False,False,True,False,0,0,0.5546,0.4454,
43,0,4,0,,23,6,3,2,3187.0,2430,0.617,,,1.357,0.762,False,True,False,False,False,False,False,False,False,False,True,0,0,0.9935,0.0065,
36,0,3,2,,36,4,3,0,1558.0,261,0.775,,,0.6,0.168,False,False,False,False,False,True,False,False,False,True,False,1,1,0.0029,0.9971,
36,1,1,1,,25,2,1,3,10482.949,372,0.85966384,,,0.7003949,0.036907565,False,True,False,False,True,False,True,False,False,True,False,1,1,0.0003,0.9997,
52,0,1,1,,40,3,3,2,1871.6028,0,0.82896286,,,0.6572387,0.0,False,True,False,False,False,True,False,False,False,True,True,1,1,0.0001,0.9999,
57,1,1,3,,39,3,1,1,1438.3,641,0.66,,,0.519,0.446,False,True,False,False,False,False,False,False,True,False,False,0,0,0.9997,0.0003,
46,1,3,1,,37,3,1,4,4786.0,0,0.789,,,0.683,0.0,False,True,False,False,False,False,False,False,True,False,False,0,0,0.9995,0.0005,
36,0,1,2,,30,6,1,2,5494.0,2078,0.79,,,0.871,0.378,False,False,False,False,True,False,False,False,False,True,False,0,0,0.9994,0.0006,
30,1,0,2,,36,4,3,3,12833.0,0,0.853,,,0.786,0.0,False,True,False,False,False,False,False,False,False,True,False,1,1,0.0055,0.9945,
46,0,3,1,,35,3,1,2,2292.9116,945,0.36819327,,,0.39136663,0.41230166,False,False,False,True,False,True,False,False,False,True,False,1,1,0.0654,0.9346,
41,1,2,1,,31,3,2,2,13116.0,1225,0.735,,,0.605,0.093,False,True,False,False,False,False,False,True,False,False,False,0,0,0.9777,0.0223,
45,0,3,1,,37,4,3,1,4602.0,1517,1.292,,,1.0,0.33,False,False,False,False,False,False,False,False,False,True,False,0,0,1.0,0.0,
56,1,1,1,,34,5,2,3,22766.625,0,0.76870656,,,0.83421385,0.0,False,True,False,False,False,False,False,True,True,False,False,1,1,0.0024,0.9976,
50,1,2,2,,40,6,2,2,5180.0,1211,0.809,,,0.85,0.234,False,False,True,False,False,False,False,True,False,False,False,0,0,1.0,0.0,
52,1,3,0,,42,6,2,3,34516.0,1230,0.608,,,0.407,0.036,False,True,False,False,False,False,False,False,False,False,False,0,1,0.1515,0.8485,
46,1,1,1,,39,4,3,3,5374.0,2324,0.423,,,0.4,0.432,False,False,False,False,False,True,False,True,False,False,False,0,0,0.5912,0.4088,
43,0,2,1,,37,3,3,1,1438.3,0,1.004,,,0.273,0.0,False,False,False,True,False,False,False,False,False,True,False,1,1,0.0026,0.9974,
55,0,3,2,,47,2,5,4,4841.0,859,1.003,,,0.977,0.177,False,False,False,False,True,False,False,False,False,True,False,1,1,0.1432,0.8568,
48,0,3,1,,40,3,3,3,1587.2589,755,0.7380654,,,0.50297505,0.4767486,False,False,False,False,False,True,True,False,False,True,False,1,1,0.0,1.0,
45,0,2,2,,34,1,3,3,1490.9779,0,0.5252807,,,0.28539747,0.0,False,True,False,False,False,False,False,False,False,True,False,1,1,0.0,1.0,
29,0,1,2,,36,3,2,4,2516.0,2312,0.625,,,0.5,0.919,False,False,False,False,True,False,False,False,False,True,False,1,1,0.4376,0.5624,
55,0,0,1,,49,2,2,2,2074.389,576,0.8229335,,,0.20831577,0.27967504,False,True,False,False,False,False,False,False,False,True,False,1,1,0.0075,0.9925,
32,1,0,2,,21,6,2,3,2801.0,1472,1.027,,,0.8,0.526,False,True,False,False,False,False,True,False,False,False,False,0,0,0.9993,0.0007,
48,0,3,1,,43,3,3,3,1670.0,0,0.707,,,0.321,0.0,False,False,True,False,False,False,False,False,False,True,False,1,1,0.0,1.0,
36,0,4,2,,26,3,2,3,1438.3,0,0.827,,,0.771,0.0,False,False,False,False,False,True,False,False,False,True,False,0,0,0.9996,0.0004,
46,0,2,3,,39,5,2,2,3003.0,1454,0.595,,,0.548,0.484,False,True,False,False,False,False,False,False,False,True,False,0,0,1.0,0.0,
46,0,3,1,,34,3,3,1,1438.3,0,0.714,,,0.654,0.0,False,True,False,False,False,False,False,False,False,True,False,1,1,0.0,1.0,
45,0,1,2,,36,4,1,4,1438.3,0,0.43068394,,,0.49669328,0.0,False,True,False,False,False,False,False,False,False,True,False,1,1,0.0011,0.9989,
56,0,1,1,,36,2,3,2,2442.7317,0,0.4820677,,,0.69006705,0.0,False,True,False,True,False,False,True,False,False,True,False,1,1,0.0001,0.9999,
45,0,3,1,,36,1,2,3,3606.6396,0,0.4557072,,,0.47998405,0.0,False,False,True,False,True,False,True,False,False,True,False,1,1,0.0,1.0,
50,0,3,2,,39,6,1,3,9966.0,0,0.966,,,1.069,0.0,True,False,False,False,False,False,False,False,False,True,False,0,0,0.9964,0.0036,
64,1,1,2,,56,3,1,5,2586.0,0,0.631,,,0.585,0.0,False,True,False,False,False,False,False,False,False,True,False,0,0,0.9997,0.0003,
51,1,4,2,,44,1,2,3,34516.0,180,0.09884723,,,0.046334643,0.005073307,False,True,True,False,False,False,False,False,True,False,False,1,1,0.0095,0.9905,
48,1,5,3,,36,4,1,2,4100.0,1956,0.617,,,0.743,0.477,False,False,False,False,False,True,False,True,False,False,False,0,0,0.9999,0.0001,
43,1,3,2,,31,4,2,1,11186.0,2231,0.708,,,0.647,0.199,False,False,False,True,False,False,False,True,False,False,False,0,0,0.9999,0.0001,
50,0,3,1,,36,3,2,2,2615.0,1404,0.503,,,1.161,0.537,False,False,False,False,True,False,False,False,False,True,False,0,0,1.0,0.0,
46,0,3,1,,34,5,2,4,4056.771,1761,0.97258955,,,0.17841218,0.43379116,False,True,False,False,False,False,False,False,False,True,False,1,1,0.0047,0.9953,
57,0,1,1,,41,2,2,4,1450.6909,0,0.66496694,,,0.43810728,0.0,False,True,False,False,True,False,False,False,True,True,False,1,1,0.0003,0.9997,
37,1,4,2,,31,6,3,0,1702.0,1018,0.645,,,0.72,0.598,True,False,False,False,False,False,False,True,False,False,False,0,0,1.0,0.0,
35,1,4,1,,27,6,2,3,5325.0,1318,1.045,,,0.593,0.248,False,False,True,False,False,False,True,False,False,False,False,0,0,0.9995,0.0005,
49,0,3,0,,41,3,3,3,1575.6072,734,0.72589815,,,0.5015155,0.4657318,False,True,False,False,False,False,False,False,False,True,False,1,1,0.0001,0.9999,
41,0,2,1,,31,3,3,3,14350.71,2517,0.90227914,,,0.7910822,0.1752793,False,True,False,False,False,False,True,False,True,False,False,1,1,0.0036,0.9964,
39,1,2,1,,36,1,3,3,8760.332,243,0.56767243,,,0.36049327,0.02779903,False,False,True,False,False,True,False,True,False,False,False,1,1,0.0003,0.9997,
42,1,2,2,,36,3,3,2,34516.0,0,0.774,,,0.737,0.0,False,True,False,False,False,False,False,True,False,False,False,0,0,0.9982,0.0018,
43,0,3,2,,35,1,3,2,1620.0,771,0.675,,,0.655,0.476,False,True,False,False,False,False,False,False,False,True,False,0,0,0.9999,0.0001,
51,1,3,1,,43,3,4,5,13933.0,1019,0.875,,,0.771,0.073,False,False,False,False,False,True,False,False,True,False,False,0,0,0.9954,0.0046,
45,1,2,2,,34,2,1,2,3363.1172,0,0.8554784,,,1.0469025,0.0,False,True,False,False,True,False,False,True,False,False,False,1,1,0.0004,0.9996,
41,1,4,1,,29,3,2,2,4573.0,0,0.703,,,0.944,0.0,False,False,True,False,False,False,False,True,False,False,False,0,0,0.9998,0.0002,
45,0,3,1,,33,4,3,1,2740.0,1786,0.597,,,1.333,0.652,False,False,False,False,True,False,False,False,False,True,False,0,0,1.0,0.0,
54,0,1,1,,48,4,3,2,6814.0,1570,0.653,,,0.364,0.23,False,True,False,False,False,False,False,False,False,True,False,0,0,0.9933,0.0067,
55,1,1,0,,50,4,4,3,24300.824,304,0.67480916,,,0.60193235,0.012095927,False,False,True,False,False,True,False,True,False,False,False,1,1,0.0006,0.9994,
38,0,1,2,,32,3,2,3,2211.5566,1993,0.70852417,,,0.64176476,0.9021616,False,False,True,False,False,False,False,False,False,True,False,1,1,0.0048,0.9952,
53,0,3,2,,42,4,3,3,2472.5186,480,0.51568705,,,0.5937591,0.19491962,False,False,False,True,False,True,False,False,False,True,False,1,1,0.0003,0.9997,
46,0,2,1,,28,2,2,3,5841.5444,1074,0.4606793,,,0.5903412,0.18484637,False,True,False,False,False,False,False,True,False,True,False,1,1,0.0011,0.9989,
54,0,1,1,,42,3,2,1,7452.201,154,0.84554344,,,0.76486826,0.020631216,False,False,True,False,False,False,False,False,False,True,False,1,1,0.0007,0.9993,
44,0,0,2,,32,4,2,3,1438.5652,1221,0.4869445,,,0.5755302,0.84859616,False,False,False,False,True,False,True,False,False,True,False,1,1,0.0007,0.9993,
48,0,2,1,,36,4,1,3,7083.2563,815,0.97832847,,,0.3912533,0.11538068,True,False,False,False,False,True,False,False,False,True,False,1,1,0.0057,0.9943,
54,1,2,2,,44,2,2,2,5961.5938,0,0.79770964,,,0.78222287,0.0,False,True,False,False,False,True,False,True,False,False,False,1,1,0.01,0.99,
48,1,4,2,,36,3,3,3,32838.0,1717,0.995,,,0.4,0.052,False,False,False,False,False,True,False,False,True,False,False,1,1,0.0112,0.9888,
47,1,2,2,,41,3,2,4,10614.0,784,0.73,,,0.638,0.074,False,True,False,False,False,False,False,False,False,False,False,0,0,1.0,0.0,
51,0,2,1,,45,2,2,3,10136.859,0,0.6160011,,,0.40768892,0.0,True,False,False,False,False,False,False,False,True,False,True,1,1,0.0001,0.9999,
41,1,3,1,,31,4,2,2,4740.0,1348,0.472,,,0.533,0.284,False,False,False,False,True,False,False,False,True,False,False,0,0,0.9743,0.0257,
38,0,1,1,,29,3,3,3,8953.714,0,0.41442457,,,0.3149958,0.0,False,True,False,True,False,False,False,False,True,False,True,1,1,0.0002,0.9998,
46,0,3,2,,38,3,3,3,1677.4404,0,0.76497906,,,0.48694175,0.0,False,True,False,False,False,False,False,False,False,True,False,1,1,0.0004,0.9996,
38,0,2,2,,27,4,2,3,13429.0,1246,1.055,,,0.737,0.093,False,True,False,False,False,False,False,False,False,False,True,0,0,0.9995,0.0005,
48,0,2,1,,38,1,2,4,3835.48,2517,0.6582667,,,0.5218343,0.6567591,True,False,False,False,False,False,False,False,False,True,True,1,1,0.0,1.0,
50,0,2,1,,36,5,4,1,2428.0,2005,0.835,,,0.659,0.826,False,False,False,False,False,False,True,False,False,False,False,0,0,0.9998,0.0002,
49,0,2,1,,41,3,5,2,3128.0,749,0.598,,,0.735,0.239,False,False,False,False,True,False,False,False,False,False,True,0,0,0.9979,0.0021,
42,1,2,1,,31,3,2,4,34516.0,1067,0.487,,,0.636,0.031,False,False,False,False,False,True,False,False,False,False,False,0,0,0.9998,0.0002,
43,0,4,1,,33,3,3,3,1473.3022,899,0.8275552,,,0.9716983,0.6094897,False,True,False,False,False,True,True,False,False,True,False,1,1,0.0006,0.9994,
53,0,3,1,,46,2,1,1,2304.0,1144,0.772,,,1.179,0.497,False,False,False,False,False,False,True,False,False,False,False,0,0,1.0,0.0,
58,1,4,1,,36,3,2,2,14607.0,1480,0.346,,,0.462,0.101,False,True,False,False,False,False,False,True,False,False,False,0,0,0.9587,0.0413,
46,1,3,0,,36,3,3,2,9994.042,0,0.6596601,,,0.5003037,0.0,True,False,True,False,False,False,False,True,True,False,False,1,1,0.0003,0.9997,
48,1,1,0,,36,3,2,3,34516.0,2512,0.38079542,,,0.45280603,0.07284328,False,False,True,False,False,False,False,False,True,False,False,1,1,0.0021,0.9979,
46,1,3,1,,36,3,2,2,23512.0,1562,0.632,,,0.538,0.066,False,False,False,False,True,False,False,False,True,False,False,0,0,0.9877,0.0123,
45,1,3,2,,35,5,3,3,7050.0,659,0.52,,,1.0,0.093,False,False,True,False,False,False,False,True,False,False,False,0,0,0.9945,0.0055,
49,0,2,1,,39,3,3,3,2796.0,1035,0.664,,,0.857,0.37,False,True,False,False,False,False,False,False,False,True,False,0,0,1.0,0.0,
63,1,1,2,,56,3,3,2,9569.0,0,0.94,,,0.581,0.0,False,True,False,False,False,False,False,True,False,False,False,1,1,0.017,0.983,
52,1,3,2,,41,6,3,3,4642.0,2413,0.797,,,0.674,0.52,False,False,True,False,False,False,False,False,True,False,False,0,0,0.9998,0.0002,
48,0,2,0,,32,4,2,3,1438.3,0,0.51552266,,,0.66331273,0.0,False,False,False,False,False,True,False,False,False,True,True,1,1,0.0074,0.9926,
44,0,2,2,,33,3,3,2,3051.471,0,0.5854367,,,0.40978706,0.0,False,True,False,True,False,False,False,False,True,True,False,1,1,0.0004,0.9996,
55,0,3,2,,35,2,3,3,15987.0,1973,0.705,,,0.463,0.123,False,False,False,False,False,False,False,False,False,True,False,0,0,0.9997,0.0003,
51,1,4,2,,46,6,3,3,34516.0,2274,0.788,,,0.679,0.066,False,False,True,False,False,False,False,False,False,False,False,0,0,0.999,0.001,
45,1,2,1,,34,1,1,2,17646.0,1396,0.851,,,0.893,0.079,False,False,False,False,False,False,False,True,False,False,False,0,0,0.9998,0.0002,
53,0,3,1,,43,3,2,2,3573.0,0,0.842,,,0.44,0.0,False,False,False,False,False,False,False,False,False,True,False,1,1,0.0,1.0,
46,0,4,2,,34,5,5,2,3322.0,2517,0.789,,,0.911,0.758,False,False,True,False,False,False,False,False,False,True,False,0,0,0.9999,0.0001,
46,0,2,2,,40,2,3,4,2443.31,103,0.7741223,,,0.47367832,0.04289229,False,False,True,False,False,True,True,False,False,True,False,1,1,0.0,1.0,
39,0,3,1,,26,4,2,2,1744.2106,0,0.44647366,,,0.33504826,0.0,True,False,False,False,False,False,True,False,False,True,False,1,1,0.0003,0.9997,
57,0,3,1,,49,4,2,3,7578.0,1628,0.721,,,1.231,0.215,False,False,False,False,True,False,True,False,False,False,False,0,0,0.9998,0.0002,
50,1,4,1,,43,2,2,5,16748.0,2413,0.769,,,0.635,0.144,False,False,True,False,False,False,False,False,True,False,False,0,0,0.999,0.001,
48,1,2,2,,39,3,2,2,10033.0,0,0.644,,,0.902,0.0,True,False,False,False,False,False,False,True,False,False,False,0,0,0.9999,0.0001,
42,0,2,2,,31,3,3,5,4495.8325,0,0.9421432,,,0.70223784,0.0,False,True,True,False,False,False,True,False,False,True,False,1,1,0.0,1.0,
45,0,2,1,,40,1,3,3,3592.0,865,0.663,,,0.727,0.241,False,True,False,False,False,False,True,False,False,False,False,0,0,0.9997,0.0003,
46,1,3,1,,39,3,3,2,13344.0,1907,0.832,,,0.83,0.143,False,False,False,False,False,False,False,True,False,False,False,1,0,0.9371,0.0629,
48,0,3,2,,35,2,3,3,7056.857,0,0.45444012,,,0.6462999,0.0,False,True,False,False,False,False,False,False,False,True,False,1,1,0.0001,0.9999,
45,0,3,1,,33,2,3,2,2863.061,129,0.9896744,,,0.53975725,0.04482739,False,False,False,False,True,True,False,False,False,True,True,1,1,0.0,1.0,
48,0,3,2,,40,1,3,3,3520.0,2149,0.539,,,0.696,0.611,False,False,True,False,False,False,False,False,False,True,False,0,0,0.9998,0.0002,
50,1,0,1,,30,3,4,2,4252.0,0,0.478,,,0.324,0.0,False,False,True,False,False,False,False,False,True,False,False,0,1,0.0193,0.9807,
38,0,1,1,,36,3,3,1,12621.0,912,0.64,,,0.56,0.072,False,False,False,False,True,False,False,False,False,False,True,0,0,0.9996,0.0004,
52,0,5,2,,36,3,1,3,3167.0,1387,0.899,,,0.551,0.438,False,False,False,False,False,True,False,False,False,False,True,0,0,0.9999,0.0001,
55,0,2,2,,39,3,2,3,2426.0,1589,0.87,,,0.822,0.655,False,False,False,False,False,True,False,False,False,True,False,0,0,0.9999,0.0001,
46,0,3,3,,30,3,2,1,8869.0,0,0.413,,,0.429,0.0,False,True,False,False,False,False,False,False,False,False,True,1,1,0.0016,0.9984,
47,0,3,3,,35,5,3,5,1443.9954,0,0.6582169,,,0.4548213,0.0,True,False,False,False,False,True,False,False,False,True,True,1,1,0.0001,0.9999,
51,0,0,1,,32,4,2,3,1757.0,331,0.879,,,0.516,0.188,False,True,False,False,False,False,False,False,False,True,False,1,1,0.0003,0.9997,
51,0,4,1,,41,2,2,3,2655.826,0,0.82101697,,,0.48103908,0.0,False,False,False,False,True,True,False,False,False,True,False,1,1,0.0002,0.9998,
44,1,2,0,,36,5,2,0,24016.0,0,0.748,,,0.722,0.0,False,True,False,False,False,False,False,False,False,False,False,0,0,0.9992,0.0008,
53,0,1,1,,37,2,3,1,11264.018,467,0.95916736,,,0.78134865,0.04240937,False,False,False,False,True,True,False,False,True,False,True,1,1,0.0132,0.9868,
56,1,1,1,,42,1,3,1,34516.0,0,0.97780585,,,0.5341942,0.0,False,False,True,False,False,False,False,False,False,False,False,1,1,0.0006,0.9994,
40,0,2,1,,32,2,3,2,1438.3,0,0.41182125,,,0.4569686,0.0,True,True,False,False,False,False,False,True,False,True,False,1,1,0.0,1.0,
40,0,3,1,,29,6,2,4,1479.0,458,0.466,,,0.517,0.31,False,True,False,False,False,False,False,False,False,True,False,1,1,0.0204,0.9796,
46,1,3,0,,35,5,3,3,9949.0,0,0.574,,,0.481,0.0,True,False,False,False,False,False,False,False,True,False,False,1,1,0.0001,0.9999,
58,1,2,1,,44,3,2,2,11811.0,2508,0.476,,,0.812,0.212,False,False,False,False,False,False,False,False,True,False,False,0,0,0.9785,0.0215,
38,0,3,2,,21,5,1,3,2348.0,1028,0.469,,,0.578,0.438,False,True,False,False,False,False,False,False,False,False,True,0,0,0.9983,0.0017,
35,1,2,1,,25,2,3,4,4628.458,0,0.47986534,,,0.48641944,0.0,False,True,False,False,False,False,True,True,False,False,False,1,1,0.0012,0.9988,
39,1,4,2,,26,6,2,0,4534.0,917,0.84,,,0.61,0.202,False,True,False,False,False,False,False,True,False,False,False,0,0,1.0,0.0,
50,1,4,1,,39,3,1,2,11900.0,1796,0.651,,,0.98,0.151,False,True,False,False,False,False,False,False,True,False,False,0,0,0.9998,0.0002,
46,0,1,1,,36,2,3,3,15003.584,0,0.5256179,,,0.47129834,0.0,False,False,False,False,True,True,True,True,False,False,False,1,1,0.0,1.0,
42,0,1,1,,29,3,3,3,8964.828,0,0.4250134,,,0.5444902,0.0,False,True,True,False,False,False,False,True,False,False,True,1,1,0.0,1.0,
49,0,3,0,,33,3,3,2,1589.7727,0,0.47568625,,,0.6425034,0.0,False,True,False,False,True,False,False,False,False,True,False,1,1,0.0,1.0,
47,0,4,2,,36,6,1,0,3054.0,1862,0.589,,,0.812,0.61,False,False,False,True,False,False,False,False,False,False,True,0,0,1.0,0.0,
50,0,4,2,,37,1,2,3,3699.0,913,0.866,,,0.69,0.247,False,True,False,False,False,False,False,False,False,True,False,1,0,0.5298,0.4702,
52,1,2,1,,46,5,3,0,14316.0,1081,0.67,,,0.636,0.076,False,False,True,False,False,False,False,True,False,False,False,0,0,0.9994,0.0006,
41,1,2,3,,24,3,2,4,14320.0,0,0.754,,,0.791,0.0,False,False,False,False,False,False,False,False,True,False,False,0,0,0.9998,0.0002,
42,1,2,1,,30,5,2,4,6807.315,2517,0.96906465,,,0.5976263,0.36992696,False,True,False,False,True,False,False,True,True,False,False,1,1,0.0002,0.9998,
41,0,3,1,,32,1,2,3,7711.006,0,0.8638778,,,0.74777097,0.0,False,False,True,False,False,True,False,False,False,True,False,1,1,0.0004,0.9996,
45,0,2,1,,37,5,2,3,11388.453,999,0.9689506,,,0.46390918,0.087909184,False,False,True,False,False,True,False,True,False,False,True,1,1,0.001,0.999,
43,1,5,1,,36,6,2,4,2621.0,598,0.967,,,0.771,0.228,False,False,False,False,True,False,False,True,False,False,False,0,0,0.9997,0.0003,
43,1,5,2,,36,3,2,2,1438.3,0,0.644,,,0.477,0.0,False,True,False,False,False,False,False,False,False,True,False,0,0,0.9967,0.0033,
54,0,0,1,,45,1,2,2,2254.6936,177,0.957711,,,0.5372048,0.08339486,False,True,False,False,False,False,False,False,False,True,False,1,1,0.0001,0.9999,
36,0,3,1,,22,5,3,3,12958.0,2273,0.608,,,0.627,0.175,False,False,False,False,False,True,True,False,False,False,False,0,0,0.9924,0.0076,
43,0,5,2,,33,4,3,4,5330.0,1161,0.558,,,0.387,0.218,False,False,False,False,False,True,True,False,False,False,False,0,0,0.9308,0.0692,
56,1,2,1,,45,4,2,2,11102.0,1946,0.625,,,1.0,0.175,False,False,False,False,True,False,False,False,True,False,False,0,0,0.999,0.001,
47,0,1,1,,35,2,2,3,7066.27,0,0.84237146,,,0.49992448,0.0,False,False,False,False,False,True,False,False,True,False,True,1,1,0.0,1.0,
47,1,4,0,,37,4,3,3,17654.902,397,0.8962926,,,0.7381557,0.022542285,False,True,True,False,False,False,False,True,True,False,False,1,1,0.0001,0.9999,
32,0,1,1,,19,1,1,3,3931.2124,587,0.72864175,,,0.7927599,0.15508586,True,True,False,False,False,False,False,False,False,True,False,1,1,0.0015,0.9985,
52,0,2,1,,36,5,3,4,2160.0,0,0.645,,,0.647,0.0,False,True,False,False,False,False,False,False,False,True,False,1,1,0.0113,0.9887,
40,1,4,1,,36,4,3,5,5869.0,0,0.642,,,0.519,0.0,False,False,True,False,False,False,False,True,False,False,False,1,1,0.0061,0.9939,
42,0,4,1,,30,3,1,3,3585.9106,0,0.7663588,,,0.43714848,0.0,False,False,True,False,True,False,False,False,False,False,True,1,1,0.0072,0.9928,
56,0,1,1,,48,5,2,3,5522.6113,0,0.6018435,,,0.68547887,0.0,False,True,True,False,False,False,True,False,False,False,True,1,1,0.0005,0.9995,
42,0,3,3,,34,1,3,1,2798.0,1049,0.89,,,0.706,0.375,False,False,True,False,False,False,False,False,False,False,True,0,0,0.9997,0.0003,
55,0,1,2,,48,2,4,2,2117.7107,550,0.61337304,,,0.7412402,0.25982496,False,False,False,False,False,True,False,True,False,True,False,1,1,0.0,1.0,
43,0,2,0,,30,2,2,3,1438.3,0,0.5771373,,,0.45234627,0.0,True,True,False,False,False,False,False,False,True,True,False,1,1,0.0,1.0,
53,0,4,2,,38,2,2,1,1777.6779,0,0.85804325,,,0.327988,0.0,False,True,False,False,False,False,True,False,False,True,False,1,1,0.0001,0.9999,
41,0,1,1,,39,4,2,4,1584.6356,0,0.30687287,,,0.32380816,0.0,False,True,False,False,False,False,True,False,False,True,False,1,1,0.0,1.0,
43,1,3,1,,38,3,5,1,23459.0,2305,0.636,,,0.627,0.098,False,True,False,False,False,False,False,False,True,False,False,0,0,0.9963,0.0037,
65,1,2,1,,56,4,2,4,2318.0,1010,0.81,,,0.591,0.436,False,False,False,False,False,True,False,False,False,True,False,0,0,0.9993,0.0007,
50,0,2,1,,39,3,3,2,2889.9827,348,0.8875447,,,0.6079682,0.120347254,True,False,False,False,True,False,False,False,False,True,True,1,1,0.0003,0.9997,
33,1,1,1,,21,4,1,3,4459.0,1899,1.349,,,1.0,0.426,False,True,False,False,False,False,False,False,False,False,False,0,0,0.9994,0.0006,
42,0,2,1,,33,1,2,2,13400.859,2517,0.5910469,,,0.44742066,0.18772417,True,False,False,False,True,False,False,True,False,True,False,1,1,0.0006,0.9994,
41,0,5,1,,32,5,2,2,1575.1896,0,0.6682605,,,0.5879269,0.0,False,True,False,False,False,True,True,False,False,True,False,1,1,0.0002,0.9998,
38,1,3,2,,27,2,4,1,34516.0,0,0.919,,,0.797,0.0,False,False,True,False,False,False,False,False,False,False,False,0,0,0.9924,0.0076,
47,0,1,2,,40,3,1,3,3811.0,1970,0.828,,,0.689,0.517,False,True,False,False,False,False,False,False,False,False,True,0,0,1.0,0.0,
38,0,3,1,,35,5,2,2,6058.4336,1471,0.75985044,,,0.41019246,0.24319875,False,False,True,False,False,False,False,True,False,True,False,1,1,0.0026,0.9974,
46,0,3,1,,39,2,3,3,6312.7935,2426,0.83997667,,,0.712793,0.3852604,False,False,False,False,True,False,False,False,True,False,True,1,1,0.0016,0.9984,
44,0,1,1,,33,5,1,3,1522.0,0,0.783,,,0.489,0.0,False,False,False,False,False,False,False,False,False,True,False,0,0,0.9962,0.0038,
49,1,2,1,,30,2,2,3,1740.7405,729,0.669968,,,0.6917488,0.4168602,False,False,False,False,True,True,True,False,True,False,False,1,1,0.0009,0.9991,
44,0,3,1,,38,4,6,4,26516.0,1434,0.472,,,0.551,0.054,False,False,True,False,False,False,False,False,False,False,True,0,0,0.9999,0.0001,
51,0,2,2,,37,5,1,1,2621.0,2426,0.727,,,1.114,0.926,False,False,True,False,False,False,True,False,False,False,False,0,0,0.9999,0.0001,
54,0,1,1,,39,3,2,4,2720.0,1694,0.843,,,0.761,0.623,False,False,False,False,False,True,False,False,False,True,False,0,0,0.9998,0.0002,
45,0,3,2,,36,6,1,2,3111.0,1994,0.753,,,0.697,0.641,False,False,True,False,False,False,False,False,False,False,True,0,0,0.9994,0.0006,
34,1,5,1,,27,5,2,2,2501.0,1909,0.956,,,1.125,0.763,False,True,False,False,False,False,False,True,False,False,False,0,0,1.0,0.0,
54,1,3,1,,35,3,1,3,20869.506,0,0.8762413,,,0.66072017,0.0,True,False,False,False,True,False,False,True,True,False,False,1,1,0.0009,0.9991,
41,0,2,1,,36,3,2,3,2997.0034,1838,0.5486969,,,0.42878515,0.6130751,False,True,False,False,False,False,True,False,False,True,False,1,1,0.0026,0.9974,
50,0,1,1,,40,6,3,3,13614.791,807,0.60585105,,,0.6055417,0.059,False,True,True,False,False,False,False,False,False,True,False,1,1,0.0008,0.9992,
48,0,3,1,,40,3,3,2,7335.4717,0,1.0225414,,,0.7565466,0.0,False,False,True,False,False,False,False,False,False,False,True,1,1,0.0076,0.9924,
46,0,1,1,,26,6,3,0,2933.0,1569,0.648,,,0.673,0.535,False,True,False,False,False,False,True,False,False,False,False,0,0,1.0,0.0,
47,0,2,1,,40,2,1,3,4074.0,1868,0.688,,,0.761,0.459,False,False,True,False,False,False,True,False,False,False,False,0,0,0.9999,0.0001,
44,1,4,1,,24,2,2,2,4752.0,0,0.679,,,0.617,0.0,False,True,False,False,False,False,False,True,False,False,False,0,1,0.3929,0.6071,
38,0,2,2,,36,4,2,3,2982.1963,2396,0.46084812,,,0.56894207,0.80398005,False,False,True,False,True,False,False,False,False,True,False,1,1,0.1084,0.8916,
47,1,3,2,,36,3,1,2,7421.0,0,0.708,,,0.786,0.0,False,False,False,False,False,True,False,False,True,False,False,0,0,0.9999,0.0001,
44,0,3,1,,37,5,1,3,7229.513,0,0.66214675,,,0.5391323,0.0,True,True,False,False,False,False,False,False,False,True,False,1,1,0.0025,0.9975,
58,1,1,1,,47,3,1,4,2212.0,1392,0.573,,,0.7,0.629,False,False,True,False,False,False,False,True,False,False,False,0,0,0.9997,0.0003,
54,0,0,1,,36,2,2,2,1494.0,706,1.674,,,3.0,0.473,False,False,False,False,True,False,False,False,False,True,False,0,0,0.9875,0.0125,
46,0,2,2,,35,2,3,3,1711.8918,0,0.6795718,,,0.5780932,0.0,False,False,False,False,True,True,False,False,False,True,True,1,1,0.0,1.0,
32,1,1,2,,15,2,2,1,3371.0,1530,0.828,,,0.815,0.454,False,False,False,False,True,False,False,False,True,False,False,0,0,0.9997,0.0003,
51,0,3,0,,34,3,1,2,34516.0,1578,0.725,,,0.481,0.046,False,False,False,True,False,False,False,False,False,False,True,0,0,0.7987,0.2013,
45,0,3,2,,33,5,3,4,4345.0,2198,0.465,,,0.292,0.506,False,False,False,False,False,False,False,False,False,False,True,1,1,0.0542,0.9458,
49,1,1,1,,39,3,2,3,34516.0,0,0.507,,,0.938,0.0,False,True,False,False,False,False,False,False,False,False,False,0,1,0.437,0.563,
51,1,1,2,,36,2,2,2,11843.512,0,0.61703825,,,0.3722474,0.0,False,False,True,False,False,False,False,True,True,False,False,1,1,0.0001,0.9999,
42,1,4,1,,30,6,2,4,34516.0,1045,0.848,,,0.923,0.03,False,False,True,False,False,False,False,False,False,False,False,0,0,0.9999,0.0001,
49,0,1,1,,36,1,3,2,5039.0,2489,0.875,,,0.947,0.494,False,False,False,False,False,False,False,False,False,False,True,0,0,0.998,0.002,
45,0,1,0,,36,3,2,3,1775.8273,1739,0.7010083,,,0.46019432,0.97908753,False,False,False,False,True,False,True,False,False,True,False,1,1,0.0001,0.9999,
44,0,4,2,,36,2,3,3,13067.0,1943,0.85,,,1.034,0.149,False,False,False,False,False,True,False,False,False,True,False,0,0,0.9995,0.0005,
56,1,0,1,,43,5,2,1,2852.0,1024,1.009,,,1.0,0.359,False,False,True,False,False,False,False,False,True,False,False,0,0,0.9999,0.0001,
36,1,2,1,,30,6,3,3,16050.0,1480,1.326,,,0.806,0.092,False,False,True,False,False,False,False,False,True,False,False,0,0,0.9997,0.0003,
44,0,2,1,,37,5,1,3,7213.2397,98,0.72213924,,,0.48457673,0.013819251,True,False,False,False,False,True,False,False,False,True,False,1,1,0.0018,0.9982,
48,0,3,1,,42,5,3,2,4814.655,0,0.8056735,,,0.64462614,0.0,False,False,False,False,True,False,False,False,False,True,False,1,1,0.0146,0.9854,
46,0,3,2,,40,1,3,3,8402.152,0,0.7715592,,,0.48229522,0.0,False,True,False,True,False,False,False,False,True,True,False,1,1,0.0,1.0,
53,0,3,1,,42,3,2,4,2773.0,1507,1.06,,,1.083,0.543,False,False,False,False,True,False,False,False,False,True,False,0,0,0.9996,0.0004,
46,1,3,1,,36,5,2,1,18233.535,2517,0.64803123,,,0.49976236,0.13828193,False,True,False,False,False,True,False,True,True,False,False,1,1,0.1105,0.8895,
33,1,0,1,,35,4,2,3,12380.57,0,0.83816224,,,0.786,0.0,False,True,False,False,True,False,True,False,False,True,False,1,1,0.0001,0.9999,
40,0,2,2,,29,4,2,5,4456.1636,0,0.93440187,,,0.71224684,0.0,False,True,False,False,False,True,False,True,False,True,False,1,1,0.0,1.0,
53,0,2,1,,38,3,2,1,1989.0,1003,0.677,,,0.75,0.504,False,True,False,False,False,False,True,False,False,False,False,0,0,0.9999,0.0001,
63,1,1,1,,56,2,1,2,2619.0,1779,1.259,,,0.947,0.679,False,True,False,False,False,False,True,False,False,False,False,0,0,0.995,0.005,
49,0,2,1,,37,5,2,3,1753.7032,0,0.9378033,,,0.4064121,0.0,True,True,False,False,False,False,False,False,False,True,False,1,1,0.0001,0.9999,
45,0,3,1,,36,3,3,1,2216.0,1992,0.789,,,0.711,0.899,False,True,False,False,False,False,True,False,False,False,False,0,0,1.0,0.0,
48,0,3,1,,36,4,1,2,3716.0,0,0.886,,,0.521,0.0,False,False,True,False,False,False,False,False,False,True,False,0,0,0.9353,0.0647,
43,1,2,1,,36,3,3,2,10700.0,1346,0.639,,,0.7,0.126,False,False,False,True,False,False,False,False,False,False,False,0,0,0.9997,0.0003,
43,0,2,1,,25,6,2,4,10388.0,1961,0.703,,,0.649,0.189,False,True,False,False,False,False,False,False,False,True,False,1,1,0.0431,0.9569,
37,0,4,1,,36,3,3,3,1586.0,0,0.497,,,0.414,0.0,False,False,False,True,False,False,False,False,False,True,False,1,1,0.0001,0.9999,
55,1,0,1,,35,5,1,4,3864.0,1901,0.289,,,0.391,0.492,False,False,True,False,False,False,False,False,True,False,False,0,0,0.9754,0.0246,
