tree
version=v4
num_class=1
num_tree_per_iteration=1
label_index=0
max_feature_idx=19
objective=binary sigmoid:1
feature_names=Gender Dependent_count Marital_Status Card_Category Total_Relationship_Count Months_Inactive_12_mon Contacts_Count_12_mon Total_Trans_Amt Avg_Utilization_Ratio Education_Level_Doctorate Education_Level_Graduate Education_Level_High_School Education_Level_Post-Graduate Education_Level_Uneducated Education_Level_Unknown Income_Category_$40K_-_$60K Income_Category_$60K_-_$80K Income_Category_$80K_-_$120K Income_Category_Less_than_$40K Income_Category_Unknown
feature_infos=[0:1] [0:5] [0:3] [0:3] [1:6] [0:6] [0:6] [530:17995] [0:0.995] [0:1] [0:1] [0:1] [0:1] [0:1] [0:1] [0:1] [0:1] [0:1] [0:1] [0:1]
tree_sizes=2988 3414 3426 3433 3423 3456 3417 3390 3415 3432 3444 3438 3440 3434 3444 3441 3404 3418 3438 3434 3434 3496 3437 3451 3437 3428 3442 3435 3432 3440 3444 3451 3466 3441 3468 3444 3448 3462 3453 3443 3448 3474 3470 3510 3486 3448 3456 3456 3525 3473 3513 3502 3500 3510 3488 3480 3458 3492 3485 3476 3469 3485 3508 3472 3506 3510 3464 3529 3491 3493 3494 3482 3508 3523 3507 3486 3503 3496 3496 3498 3509 3447 3515 3449 3467 3507 3509 3489 3511 3503 3487 3487 3502 3512 3486 3507 3484 3511 3485 3495

Tree=0
num_leaves=31
num_cat=0
split_feature=7 0 7 7 8 8 8 7 7 7 6 7 7 8 7 5 5 3 17 8 1 7 7 3 7 3 17 0 7 8
split_gain=2814.44 753.266 545.36 538.868 279.845 155.911 154.283 206.99 139.35 133.619 64.0988 60.4892 58.1985 102.061 65.3304 58.1828 55.2705 47.9596 43.9436 43.701 39.0958 37.3131 36.7216 36.5934 35.537 33.575 33.1157 41.2397 31.0779 45.165
threshold=2924.5000000000005 1.0000000180025095e-35 5314.0000000000009 12869.000000000002 0.03256019794322431 0.038968119222907653 0.15288517992323405 1851.5000000000002 1034.5000000000002 948.50000000000011 1.5000000000000002 1694.5000000000002 4721.5000000000009 0.26116732428670969 3333.5000000000005 1.5000000000000002 1.5000000000000002 1.0000000180025095e-35 1.0000000180025095e-35 0.54380178966833481 1.5000000000000002 1084.5000000000002 1694.5000000000002 2.5000000000000004 1137.5000000000002 2.5000000000000004 1.0000000180025095e-35 1.0000000180025095e-35 8031.5000000000009 0.16603900190247381
decision_type=2 2 2 2 2 2 2 2 2 2 2 2 2 2 2 2 2 2 2 2 2 2 2 2 2 2 2 2 2 2
left_child=1 6 12 5 21 -4 23 8 -8 -6 -7 24 14 17 26 -9 -13 -14 -10 25 -18 -3 -23 -1 -11 28 -2 -28 29 -12
right_child=2 4 3 -5 9 10 7 15 18 11 19 16 13 -15 -16 -17 20 -19 -20 -21 -22 22 -24 -25 -26 -27 27 -29 -30 -31
leaf_value=0.087622705932565104 -0.064000000000000001 0.096946564885496189 0.073875802997858675 -0.10000000000000001 0.094805194805194809 -0.068333333333333343 0.091228070175438603 -0.0090909090909090922 -0.0424 0.0014925373134328358 0.032800000000000003 -0.087037037037037038 -0.036103896103896103 -0.095225464190981435 -0.093959107806691464 0.075259515570934257 -0.051592356687898092 0.068000000000000005 0.10000000000000001 -0.070909090909090908 0.006954436450839329 -0.016831683168316833 0.051219512195121955 -0.039130434782608699 -0.076470588235294124 -0.075000000000000011 0.099999999999999978 -0.047826086956521734 0.05565217391304348 -0.077358490566037746
leaf_weight=585.75 50 32.75 116.75 112.25 19.25 30 28.5 22 93.75 16.75 31.25 27 96.25 94.25 538 289 39.25 12.499999999999998 5.7499999999999991 13.749999999999998 104.25 25.25 92.25 5.7499999999999991 114.75 7.9999999999999991 8 11.5 57.5 13.249999999999998
leaf_count=2343 200 131 467 449 77 120 114 88 375 67 125 108 385 377 2152 1156 157 50 23 55 417 101 369 23 459 32 32 46 230 53
internal_value=0.000231889 0.0457723 -0.057092 -0.00790333 -0.00657476 0.0303142 0.0697234 0.0472665 -0.00625 -0.0329183 -0.00276423 -0.0410596 -0.0803208 -0.0571429 -0.0880658 0.0692926 -0.0214076 -0.0241379 -0.0341709 0.0131313 -0.00905923 0.0497504 0.0365957 0.0863905 -0.0665399 0.0236364 -0.042446 0.0128205 0.0313725 0
internal_weight=2695.25 1502 1193.25 382.75 471.5 270.5 1030.5 439 128 321.25 153.75 302 810.5 203 607.5 311 170.5 108.75 99.5 123.75 143.5 150.25 117.5 591.5 131.5 110 69.5 19.5 102 44.5
internal_count=10781 6008 4773 1531 1886 1082 4122 1756 512 1285 615 1208 3242 812 2430 1244 682 435 398 495 574 601 470 2366 526 440 278 78 408 178
is_linear=0
shrinkage=0.05


Tree=1
num_leaves=31
num_cat=0
split_feature=7 0 4 7 7 8 4 7 8 4 7 6 5 7 8 7 8 7 17 7 1 4 4 7 8 8 7 5 8 0
split_gain=2544.26 681.199 503.133 493.761 472.91 210.341 184.694 273.952 151.567 141.061 85.4085 58.8307 57.3349 53.9502 63.3402 55.6084 53.1421 52.5285 51.7181 36.3135 34.2121 33.7224 31.4885 31.2642 30.2459 29.5529 42.7632 27.6858 27.0364 33.0494
threshold=2924.5000000000005 1.0000000180025095e-35 2.5000000000000004 5230.0000000000009 12869.000000000002 0.03256019794322431 3.5000000000000004 1884.5000000000002 0.038968119222907653 2.5000000000000004 1102.5000000000002 1.5000000000000002 1.5000000000000002 3561.5000000000005 0.26116732428670969 4721.5000000000009 0.54380178966833481 1034.5000000000002 1.0000000180025095e-35 1764.5000000000002 3.5000000000000004 5.5000000000000009 2.5000000000000004 3291.5000000000005 0.055780762221924733 0.093762847109027631 2030.5000000000002 1.5000000000000002 0.046561868968970167 1.0000000180025095e-35
decision_type=2 2 2 2 2 2 2 2 2 2 2 2 2 2 2 2 2 2 2 2 2 2 2 2 2 2 2 2 2 2
left_child=1 6 -3 9 8 21 22 10 -5 13 -8 -10 -9 -2 15 -15 20 -7 24 -19 -13 -4 -1 28 -12 -24 -27 -17 29 -11
right_child=3 2 5 4 -6 17 7 12 11 23 18 16 -14 14 -16 27 -18 19 -20 -21 -22 -23 25 -25 -26 26 -28 -29 -30 -31
leaf_value=0.094725341069284749 0.070017985490957543 0.08927305481231837 0.037388877084711461 0.069410014272512727 -0.095241872246060344 0.041823993629096438 0.064600651035720727 -0.011857259823637405 -0.066442984075954781 0.054295809976368493 -0.0043031459293502682 0.032836248201893486 0.070644853490219595 -0.067731994271500062 -0.08130871010818673 -0.06373300505827996 -0.072800046337860622 -0.082777900781427105 0.095658398547311368 -0.044488531030271838 -0.047676101671327333 -0.044232530745255516 0.087090888965219007 -0.089606070776088204 -0.07636575606895489 0.0185523541773004 0.076221775952467305 0.04325836086004748 -0.076452616884835012 -0.074978173343861795
leaf_weight=318.45448489487171 12.229480400681494 106.63966411352158 89.427714630961418 118.09036257863045 111.96984361112118 12.487095460295675 20.214625537395477 22.727540746331215 31.461610794067383 10.981749251484871 18.963960483670235 98.425227552652359 286.76733066141605 25.194353491067886 52.881838709115982 7.2476379573345175 16.97537362575531 121.59370408952236 5.7381089925765982 126.18293988704681 15.237181827425955 14.740556165575979 154.20535707473755 609.01894216239452 62.712713956832886 50.441230952739716 88.624580860137939 36.482095628976822 35.963805064558983 8.9924841821193695
leaf_count=1276 49 427 358 473 449 50 81 91 126 44 76 394 1149 101 212 29 68 487 23 505 61 59 618 2441 251 202 355 146 144 36
internal_value=0.000220495 0.0435454 -0.00625184 -0.054335 -0.00838513 -0.0342042 0.0663457 0.040691 0.0263247 -0.0768881 -0.0280215 -0.00506322 0.0645864 -0.0300942 -0.0401456 -0.00856336 0.00971892 -0.0582359 -0.0494403 -0.0632786 0.022043 0.0258389 0.0838391 -0.0863203 -0.059634 0.072018 0.0553042 0.0255259 -0.0505471 -0.00390388
internal_weight=2691.07 1499.92 471.072 1191.15 392.16 364.432 1028.85 417.124 280.19 798.992 107.629 162.099 309.495 134.035 121.806 68.9241 130.638 260.264 87.4148 247.777 113.662 104.168 611.726 664.957 81.6767 293.271 139.066 43.7297 55.938 19.9742
internal_count=10781 6008 1886 4773 1571 1459 4122 1671 1122 3202 431 649 1240 537 488 276 523 1042 350 992 455 417 2451 2665 327 1175 557 175 224 80
is_linear=0
shrinkage=0.05


Tree=2
num_leaves=31
num_cat=0
split_feature=7 0 4 7 7 8 4 7 4 8 8 7 8 7 8 7 7 5 7 4 7 4 4 7 8 7 18 18 5 16
split_gain=2306.79 618.308 455.474 448.823 443.154 190.399 168.299 249.095 129.435 127.791 98.8207 49.514 52.8087 48.6861 59.3037 50.7754 47.553 40.6853 33.2519 33.0391 31.9907 30.4612 28.9123 28.0139 27.1445 38.9584 26.7378 26.3547 24.8129 24.6355
threshold=2924.5000000000005 1.0000000180025095e-35 2.5000000000000004 5314.0000000000009 12869.000000000002 0.03256019794322431 3.5000000000000004 1971.5000000000002 2.5000000000000004 0.038968119222907653 0.15515501200874957 8031.5000000000009 0.15515501200874957 3561.5000000000005 0.26116732428670969 4721.5000000000009 1034.5000000000002 1.5000000000000002 1764.5000000000002 2.5000000000000004 1102.5000000000002 5.5000000000000009 2.5000000000000004 3291.5000000000005 0.093762847109027631 2030.5000000000002 1.0000000180025095e-35 1.0000000180025095e-35 1.5000000000000002 1.0000000180025095e-35
decision_type=2 2 2 2 2 2 2 2 2 2 2 2 2 2 2 2 2 2 2 2 2 2 2 2 2 2 2 2 2 2
left_child=1 6 -3 8 9 21 22 10 13 -5 -8 12 26 -2 15 -15 -7 -9 -18 27 -12 -4 -1 -10 -24 29 -11 -13 -17 -26
right_child=3 2 5 4 -6 16 7 17 23 11 20 19 -14 14 -16 28 18 -19 -20 -21 -22 -23 24 -25 25 -27 -28 -29 -30 -31
leaf_value=0.090533792795309626 0.066477688208874716 0.085093909535997034 0.035563487019083982 0.067066807174290005 -0.091131780775723592 0.039788270187891717 0.03347129685945318 -0.0027040830418868975 -0.048171411534883898 -0.018016546056000469 0.033256432255420791 -0.023412916492028032 -0.074665404185045206 -0.064630833613878599 -0.077249142867007181 -0.060680492643492762 -0.079001315515231874 0.070016649346901091 -0.042310005327098416 0.078345533656276278 -0.067332376198111984 -0.042006878443101137 0.083217544355276743 -0.085187606409375394 0.0021920358667100923 0.072722203762880119 0.072151542767829105 0.045954454174679311 0.040422269437860148 0.096743814159438987
leaf_weight=316.58128988742828 12.236414909362791 106.29043656587601 89.319507509469986 116.15279911458492 111.1870342195034 12.470083668828009 53.035746812820435 20.733024671673775 55.767186030745506 27.451723948121071 8.9613500535488111 32.920817896723747 36.378845542669296 25.085682213306427 54.332021668553352 7.2319640368223181 121.04854100942612 265.95431086421013 126.04901915788651 21.454209476709366 67.010868176817894 14.745289444923399 153.33396738767624 612.41431926190853 42.191588625311852 88.253554850816727 11.736807078123091 23.443407028913498 37.726725935935974 8.2334440201520902
leaf_count=1276 49 427 358 467 449 50 213 83 224 110 36 132 146 101 219 29 487 1070 505 86 269 59 618 2469 169 355 47 94 151 33
internal_value=0.000209722 0.0415313 -0.00595457 -0.0518714 -0.00714235 -0.0325682 0.0633168 0.0387937 -0.0730314 0.027504 -0.0189043 -0.00245524 -0.0312833 -0.0286855 -0.0380478 -0.00764013 -0.0554767 0.0647575 -0.0602844 0.0255389 -0.0554674 0.0245723 0.0800672 -0.0820982 0.06872 0.0526903 0.00898843 0.00543885 0.0241591 0.0176305
internal_weight=2679.73 1494.21 469.923 1185.52 380.726 363.632 1024.29 415.695 804.794 269.539 129.008 153.386 75.5674 136.613 124.376 70.0444 259.568 286.687 247.098 77.8184 75.9722 104.065 608.594 668.182 292.013 138.679 39.1885 56.3642 44.9587 50.425
internal_count=10781 6008 1886 4773 1531 1459 4122 1671 3242 1082 518 615 303 549 500 281 1042 1153 992 312 305 417 2451 2693 1175 557 157 226 180 202
is_linear=0
shrinkage=0.05


Tree=3
num_leaves=31
num_cat=0
split_feature=7 0 7 7 7 7 7 7 5 5 6 7 1 7 7 3 7 7 13 5 3 5 18 17 17 10 12 16 13 6
split_gain=2097.16 562.97 409.896 392.132 176.641 119.114 106.221 93.0206 80.0996 79.7806 78.3427 63.0762 55.1927 45.7287 43.9118 71.1905 51.2392 37.5207 32.7113 32.6411 31.839 31.7483 29.1179 27.691 26.4826 26.162 23.7104 22.7941 22.6238 24.8902
threshold=2924.5000000000005 1.0000000180025095e-35 5230.0000000000009 12869.000000000002 948.50000000000011 1971.5000000000002 1694.5000000000002 1102.5000000000002 1.5000000000000002 1.5000000000000002 1.5000000000000002 1475.5000000000002 1.5000000000000002 1137.5000000000002 4721.5000000000009 1.0000000180025095e-35 3333.5000000000005 8031.5000000000009 1.0000000180025095e-35 1.5000000000000002 2.5000000000000004 1.5000000000000002 1.0000000180025095e-35 1.0000000180025095e-35 1.0000000180025095e-35 1.0000000180025095e-35 1.0000000180025095e-35 1.0000000180025095e-35 1.0000000180025095e-35 3.5000000000000004
decision_type=2 2 2 2 2 2 2 2 2 2 2 2 2 2 2 2 2 2 2 2 2 2 2 2 2 2 2 2 2 2
left_child=1 5 14 10 -3 7 13 -1 -9 -8 -4 24 -11 -6 16 26 22 21 -14 -7 -19 -12 -2 -24 -10 -23 -16 -13 -15 -30
right_child=2 4 3 -5 6 19 9 8 11 12 17 27 18 28 15 -17 -18 20 -20 -21 -22 25 23 -25 -26 -27 -28 -29 29 -31
leaf_value=0.080128166524383967 -0.063619994782416603 0.08752649959857664 -0.035568922045040412 -0.087549100739152091 0.014909255044264949 0.031975050638594668 -0.06756496824325052 -0.046492464567213287 -0.025194573242556674 -0.028211707930103531 -0.051456555467029999 0.040241385008147078 0.015141276514364489 -0.068907918256497655 -0.062991921924892655 0.066149112329016435 -0.082321145365143733 0.062245170870212946 0.063983697691220767 0.076113589125930567 -0.032194414812090115 0.0018441108795684603 -0.023835072515845945 0.095518879560399964 0.089011589266892871 0.054894698381862929 0.0035295889320964449 0.090406748494706507 -0.047079146605451073 0.064000922104547497
leaf_weight=93.161886498332024 40.65914261341095 45.848545104265213 46.113167464733124 109.97969152033329 24.604599341750145 44.935567662119865 34.01775136590004 36.746169075369835 49.30690011382103 56.691352605819702 15.630049675703047 143.19948197901249 123.23249877989292 110.71451815962791 163.69041036069393 12.44351841509342 528.68485274910927 112.93730264902115 47.49093846976757 617.18180647492409 9.6904329657554609 52.123169735074043 22.100378394126896 6.2294440716505042 5.6585268229246131 41.938508853316307 14.589241743087767 26.897323414683342 18.301419258117679 6.9613175988197318
leaf_count=378 164 186 186 449 99 181 137 148 199 228 63 579 495 448 663 50 2152 455 191 2505 39 210 89 25 23 169 59 109 74 28
internal_value=0.000199996 0.0397092 -0.0496545 -0.00761289 -0.00568247 0.0605895 -0.0158089 0.0372204 0.0219521 0.00385099 0.0239616 0.0331271 0.0145337 -0.0478158 -0.0703668 -0.0494777 -0.0770327 0.0357778 0.028728 0.0731181 0.0547823 0.0145321 -0.0365054 0.00240967 -0.0134374 0.0254973 -0.0575482 0.048174 -0.0591657 -0.0164703
internal_weight=2661.76 1484.95 1176.81 388.412 467.863 1017.09 422.014 354.97 261.808 261.433 278.433 225.062 227.415 160.582 788.397 190.723 597.674 232.319 170.723 662.117 122.628 109.692 68.989 28.3298 54.9654 94.0617 178.28 170.097 135.977 25.2627
internal_count=10781 6008 4773 1571 1886 4122 1700 1436 1058 1051 1122 910 914 649 3202 772 2430 936 686 2686 494 442 278 114 222 379 722 688 550 102
is_linear=0
shrinkage=0.05


Tree=4
num_leaves=31
num_cat=0
split_feature=7 0 4 7 7 8 4 7 4 8 7 17 4 5 7 8 7 17 7 7 8 7 4 4 8 7 8 7 7 8
split_gain=1909.01 513.697 398.421 375.988 382.718 166.43 154.362 215.743 115.533 102.707 68.7917 53.6596 46.5044 45.6724 44.3373 58.4176 44.1081 39.9972 39.9028 34.9654 27.4156 27.3424 27.1593 26.7983 26.1221 33.8212 25.0521 33.6311 23.7461 23.7277
threshold=2924.5000000000005 1.0000000180025095e-35 2.5000000000000004 5427.0000000000009 12869.000000000002 0.03256019794322431 3.5000000000000004 1884.5000000000002 2.5000000000000004 0.038968119222907653 1034.5000000000002 1.0000000180025095e-35 3.5000000000000004 1.5000000000000002 3561.5000000000005 0.26116732428670969 4721.5000000000009 1.0000000180025095e-35 1034.5000000000002 9032.5000000000018 0.19108597569827787 1764.5000000000002 2.5000000000000004 5.5000000000000009 0.46470690663478503 2094.5000000000005 0.078953176871901218 2030.5000000000002 3291.5000000000005 0.046561868968970167
decision_type=2 2 2 2 2 2 2 2 2 2 2 2 2 2 2 2 2 2 2 2 2 2 2 2 2 2 2 2 2 2
left_child=1 6 -3 8 9 23 22 10 14 -5 -8 20 17 -9 -2 16 -16 19 -7 -11 -12 -20 -1 -4 -15 -26 -24 -28 29 -10
right_child=3 2 5 4 -6 18 7 13 28 12 11 -13 -14 24 15 -17 -18 -19 21 -21 -22 -23 26 -25 25 -27 27 -29 -30 -31
leaf_value=0.084516129360950362 0.065475894536727627 0.080289104481443704 0.033446461285161051 0.063984440895267655 -0.084401502427522396 0.035648504233557692 0.074567283443966278 -0.012272929979391937 -0.00035219135320503766 -0.045246082331765164 -0.017830587259444291 0.089098651227387485 0.069921708755192186 0.069294258654376925 -0.058333890805488092 -0.072312634606544093 0.024301021954630408 0.030294335438071557 -0.073488461770480448 0.037384503624006096 -0.076130332497028094 -0.040062858017591844 0.077907118004408943 -0.039392909657387461 -0.066200451674957236 0.046478211981930445 0.016610638589406253 0.066840773270908968 -0.078402696034860719 -0.068643732585980166
leaf_weight=310.46946242451668 12.215049773454664 105.03100283443928 89.00374148786068 110.58361248672009 108.41600632667542 12.384820401668547 14.493079528212546 22.713115200400352 19.817922443151474 70.751842901110649 32.820510745048523 7.1350811421871176 20.550169378519058 222.13756793737411 24.658087238669395 56.320696577429771 46.792805284261703 39.784051552414894 119.26305992901325 15.630995750427244 52.297426357865334 125.62755893170834 144.18827612698078 14.715142294764517 7.6509185135364524 51.396365761756897 52.667119905352592 90.73129503428936 605.34912224113941 35.509272024035454
leaf_count=1276 49 427 358 449 449 50 59 91 80 285 132 29 83 908 101 231 188 160 487 63 211 505 592 59 31 210 212 371 2491 144
internal_value=0.000190599 0.0379953 -0.00542014 -0.0476082 -0.00560433 -0.0303572 0.0580535 0.0344489 -0.0667942 0.0275976 -0.0267007 -0.04261 0.000172084 0.055928 -0.0255324 -0.0342329 -0.00421673 -0.0111888 -0.0519131 -0.0302941 -0.0536506 -0.0563413 0.0742612 0.0231124 0.0614371 0.0318781 0.0631903 0.0483923 -0.0755369 -0.044182
internal_weight=2641.11 1474.73 466.025 1166.38 365.717 360.994 1008.7 410.644 800.663 257.301 106.746 92.253 146.717 303.898 139.987 127.772 71.4509 126.167 257.275 86.3828 85.1179 244.891 598.056 103.719 281.185 59.0473 287.587 143.398 660.676 55.3272
internal_count=10781 6008 1886 4773 1489 1459 4122 1671 3284 1040 431 372 591 1240 569 520 289 508 1042 348 343 992 2451 417 1149 241 1175 583 2715 224
is_linear=0
shrinkage=0.05


Tree=5
num_leaves=31
num_cat=0
split_feature=8 4 0 16 17 5 4 6 8 18 15 19 3 6 3 1 6 8 6 0 4 17 13 8 0 4 0 5 4 11
split_gain=602.061 315.831 224.424 195.888 218.646 152.016 103.93 96.7007 96.6766 94.5012 83.8528 107.504 55.8634 46.6624 43.9799 43.2316 43.0906 39.175 37.4419 34.2577 28.8745 28.6763 32.1289 34.4813 32.5799 27.8342 32.1546 27.7475 22.7601 22.5492
threshold=0.038968119222907653 2.5000000000000004 1.0000000180025095e-35 1.0000000180025095e-35 1.0000000180025095e-35 1.5000000000000002 4.5000000000000009 1.5000000000000002 0.44750000000000006 1.0000000180025095e-35 1.0000000180025095e-35 1.0000000180025095e-35 2.5000000000000004 3.5000000000000004 2.5000000000000004 3.5000000000000004 1.5000000000000002 0.12128419810593716 1.5000000000000002 1.0000000180025095e-35 3.5000000000000004 1.0000000180025095e-35 1.0000000180025095e-35 0.32930541306743771 1.0000000180025095e-35 2.5000000000000004 1.0000000180025095e-35 1.5000000000000002 5.5000000000000009 1.0000000180025095e-35
decision_type=2 2 2 2 2 2 2 2 2 2 2 2 2 2 2 2 2 2 2 2 2 2 2 2 2 2 2 2 2 2
left_child=5 7 3 4 8 16 14 -2 9 -3 11 17 13 15 18 21 -1 -11 29 28 -18 22 23 24 -9 -20 -27 -10 -8 -7
right_child=1 2 -4 -5 -6 6 19 12 27 10 -12 -13 -14 -15 -16 -17 20 -19 25 -21 -22 -23 -24 -25 -26 26 -28 -29 -30 -31
leaf_value=-0.093037067176173924 -0.034348513299418494 -0.042752170563199902 -0.057850796774703443 0.088431727465627386 0.086821177084687853 -0.0016535720311562033 0.04164974681359028 0.049212888550593997 -0.077400130445472476 0.032531026089236428 0.089464934334607615 0.086384194293297079 -0.068054788731023802 0.082944391298947068 -0.028097616985021608 -0.020827226114380232 0.017080194701615769 -0.029238719340134379 0.069672035006619962 -0.02451839760683993 -0.036286549106132285 0.060906584463687088 0.056894535945760411 -0.013488733806233447 -0.013439282479555859 0.057550587489550845 0.02208225124628416 -0.040421171080182866 -0.0062807096142252486 0.059909129002478405
leaf_weight=17.283190488815308 76.718178436160088 136.5122856348753 480.61766691505909 43.814381167292595 44.527347266674042 47.531549468636513 62.74761438369751 73.846350729465485 63.811602786183357 31.758006051182747 28.928731337189674 29.381787896156311 14.868891090154646 38.46534089744091 17.541274070739746 44.966856837272644 54.682638213038445 133.86180508136749 233.0642374008894 60.90004700422287 47.244812533259392 65.770650178194046 54.726608112454414 72.171483412384987 28.858974128961563 207.71033847332001 92.293143436312675 247.42852246761322 40.920326039195061 21.648947268724442
leaf_count=71 317 564 1979 180 183 196 259 305 264 131 119 121 61 158 72 185 226 552 966 249 194 270 226 299 118 861 377 1024 169 89
internal_value=-0.000445642 -0.0178813 -0.0311087 -0.0141978 -0.0204762 0.0325713 0.0405666 0.0170055 -0.0275892 -0.00996218 0.0100272 -0.00175745 0.0270132 0.0307448 0.0499451 0.0248452 -0.0200346 -0.0173942 0.0522182 0.0052455 -0.00765604 0.0317982 0.02346 0.0129968 0.0316084 0.0567094 0.0466391 -0.0480027 0.0227304 0.0176115
internal_weight=2614.6 1711.04 1240.64 760.024 716.21 903.568 784.357 470.393 671.683 360.443 223.93 195.002 393.675 378.806 619.789 340.341 119.211 165.62 602.248 164.568 101.927 295.374 229.603 174.877 102.705 533.068 300.003 311.24 103.668 69.1805
internal_count=10785 7056 5117 3138 2958 3729 3238 1939 2775 1487 923 804 1622 1561 2561 1403 491 683 2489 677 420 1218 948 722 423 2204 1238 1288 428 285
is_linear=0
shrinkage=0.05


Tree=6
num_leaves=31
num_cat=0
split_feature=7 0 4 7 7 8 4 7 4 8 8 17 7 3 7 5 4 7 8 7 7 8 7 4 8 7 5 7 18 17
split_gain=1680.2 445.646 348.651 347.816 361.422 144.871 142.063 177.13 95.8839 82.5922 63.1314 57.0753 50.9196 39.3286 39.2336 32.309 29.3984 28.4324 28.0791 26.6576 34.7204 26.2902 29.3785 24.7632 27.7116 37.0825 23.7725 22.7679 22.655 24.2824
threshold=2970.5000000000005 1.0000000180025095e-35 2.5000000000000004 5427.0000000000009 12869.000000000002 0.024498552749877209 3.5000000000000004 1935.5000000000002 2.5000000000000004 0.038968119222907653 0.21422969394360128 1.0000000180025095e-35 8031.5000000000009 1.0000000180025095e-35 1137.5000000000002 1.5000000000000002 2.5000000000000004 1694.5000000000002 0.15288517992323405 1102.5000000000002 1694.5000000000002 0.47850000000000004 2295.5000000000005 2.5000000000000004 0.14448402798436091 2030.5000000000002 1.5000000000000002 3435.5000000000005 1.0000000180025095e-35 1.0000000180025095e-35
decision_type=2 2 2 2 2 2 2 2 2 2 2 2 2 2 2 2 2 2 2 2 2 2 2 2 2 2 2 2 2 2
left_child=1 6 -3 8 9 -4 23 10 11 -5 19 13 18 27 -7 -9 28 -16 -11 -8 -21 -17 -23 -1 -25 -26 -19 -2 29 -14
right_child=3 2 5 4 -6 14 7 15 -10 12 -12 -13 16 -15 17 21 -18 26 -20 20 -22 22 -24 24 25 -27 -28 -29 -30 -31
leaf_value=0.080045421352783891 0.054848653166527275 0.077918668732825214 0.025551458517469174 0.059531005782788506 -0.08111412500951394 0.019390900224024656 0.075684365571218201 -0.0083072414761983394 -0.07286492453284725 -0.00066731995177221615 -0.056750320888882738 0.045627453284440664 -0.052038253121894543 0.065276634006108405 -0.072078491611553872 0.065086846852450406 0.074893041552157313 -0.081377698209443516 -0.066123661878654053 -0.047669440883163418 0.039394428209312819 -0.028002218119218387 0.051369422241466928 0.072696300602145478 0.0054872523874380588 0.06283679419932868 -0.02832797142544299 -0.054702507215205198 0.044784076872795932 0.033344382865918391
leaf_weight=298.53812348842621 4.9826444536447516 98.88094100356102 93.680502444505692 109.16654695570469 111.76810163259506 20.756390154361725 14.318949237465857 20.197417572140694 639.54234997928143 35.977647364139557 58.693384170532227 22.829350262880325 20.33388689160347 8.0544904917478544 104.10472097992897 214.65159682929516 24.040041416883469 25.700183466076851 30.084000989794731 22.054119184613228 23.81834651529789 17.161882966756821 36.355174794793129 165.69110010564327 45.349883541464806 74.47913134098053 118.43980507552624 98.504303693771362 25.962215542793274 14.102129489183424
leaf_count=1259 20 410 378 450 473 84 59 81 2685 145 240 93 82 33 436 893 98 106 122 89 97 70 149 696 183 308 479 405 105 57
internal_value=-0.000424127 0.0352758 -0.00530689 -0.0457094 -0.00593708 -0.0279974 0.0541715 0.031504 -0.0647979 0.0264213 -0.0198524 -0.0264025 0.00240492 -0.041145 -0.0466459 0.0526767 0.0281296 -0.0521674 -0.0304757 0.0161273 -0.00246329 0.0572698 0.0259165 0.069977 0.0594494 0.0411326 -0.0377867 -0.0494279 0.00951652 -0.0170726
internal_weight=2598.22 1452.87 461.563 1145.35 371.435 362.682 991.309 407.251 773.913 259.666 118.885 134.371 150.5 111.541 269.001 288.366 84.4383 248.245 66.0616 60.1914 45.8725 268.169 53.5171 584.058 285.52 119.829 144.14 103.487 60.3982 34.436
internal_count=10785 6017 1893 4768 1532 1483 4124 1678 3236 1059 485 551 609 458 1105 1193 342 1021 267 245 186 1112 219 2446 1187 491 585 425 244 139
is_linear=0
shrinkage=0.05


Tree=7
num_leaves=31
num_cat=0
split_feature=7 0 4 7 7 8 4 7 4 8 8 17 7 7 3 7 4 8 7 8 7 7 7 4 8 7 7 7 7 1
split_gain=1538.5 406.063 316.914 313.4 332.388 131.523 129.571 165.016 88.8303 75.6491 57.386 51.129 46.1684 35.65 35.3402 27.666 26.9479 26.3637 33.3006 25.6435 24.5583 35.812 24.186 23.1628 25.6641 34.9824 21.9569 21.8958 23.89 21.4239
threshold=2924.5000000000005 1.0000000180025095e-35 2.5000000000000004 5427.0000000000009 12869.000000000002 0.024498552749877209 3.5000000000000004 1935.5000000000002 2.5000000000000004 0.038968119222907653 0.21422969394360128 1.0000000180025095e-35 8031.5000000000009 1137.5000000000002 1.0000000180025095e-35 1694.5000000000002 2.5000000000000004 0.4560222465959507 2295.5000000000005 0.15288517992323405 1171.0000000000002 1694.5000000000002 3435.5000000000005 2.5000000000000004 0.14705579009951528 2030.5000000000002 1034.5000000000002 994.50000000000011 1712.5000000000002 1.5000000000000002
decision_type=2 2 2 2 2 2 2 2 2 2 2 2 2 2 2 2 2 2 2 2 2 2 2 2 2 2 2 2 2 2
left_child=1 6 -3 8 9 27 23 10 11 -5 20 14 19 -7 22 -15 -14 -9 -19 -11 -8 -22 -2 -1 -25 26 -26 -4 -29 -30
right_child=3 2 5 4 -6 13 7 17 -10 12 -12 -13 16 15 -16 -17 -18 18 -20 -21 21 -23 -24 24 25 -27 -28 28 29 -31
leaf_value=0.077555499362569807 0.055758991080022073 0.075201057672527202 0.087112845232171845 0.057189930848320164 -0.078691851098502491 0.018422768113365962 0.068200830767890519 0.059544118251391415 -0.069588555521871834 -0.00063394781124993848 -0.054278988815806298 0.043311607608885576 0.0090655739232290231 -0.069636472486054729 0.062326289260830593 -0.035527888659221449 0.071916534532749973 -0.029713355950390846 0.048626253651170653 -0.063319733943438317 -0.053158822023569363 0.037585635417500707 -0.052386833148288951 0.070115161586915484 0.081899098285072816 0.061091904052497342 -0.011467733830464942 -0.033940538055044121 -0.019155623556477618 0.047867754100530999
leaf_weight=292.28519430756569 5.4586730301380149 97.369604423642159 12.200458854436873 107.98356425762177 109.50514571368694 20.754822999238968 16.103637203574181 219.47826266288757 637.99416354298592 35.97796542942524 58.307133957743645 22.846958249807358 60.241378515958786 102.41056349873543 8.0149448066949827 141.72448575496674 23.789519876241684 20.411312773823738 40.444609791040421 29.851180896162987 20.074317529797554 23.71889491379261 97.735097944736481 164.59373153746128 7.5982683151960364 71.18320295214653 36.764899060130119 18.901809930801392 16.154908940196037 45.515330955386162
leaf_count=1257 22 410 50 450 473 84 67 923 2722 145 240 93 244 436 33 578 98 83 167 122 81 97 405 703 31 298 148 76 65 184
internal_value=-0.000408472 0.034203 -0.00477216 -0.0437259 -0.00571006 -0.026544 0.0524684 0.0305783 -0.0618142 0.025285 -0.018969 -0.0248149 0.00229551 -0.0444876 -0.038811 -0.0498359 0.026859 0.0514701 0.0223508 -0.0290597 0.0154039 -0.00401061 -0.0466662 0.0677088 0.0574352 0.0393729 0.0045236 0.0246898 0.0152376 0.0303106
internal_weight=2565.39 1426 455.032 1139.4 367.349 357.662 970.963 398.538 772.05 257.844 118.204 134.056 149.86 264.89 111.209 244.135 84.0309 280.334 60.8559 65.8291 59.8968 43.7932 103.194 572.425 280.14 115.546 44.3632 92.7725 80.572 61.6702
internal_count=10785 5978 1883 4807 1532 1473 4095 1658 3275 1059 485 553 609 1098 460 1014 342 1173 250 267 245 178 427 2437 1180 477 179 375 325 249
is_linear=0
shrinkage=0.05


Tree=8
num_leaves=31
num_cat=0
split_feature=7 0 7 7 4 4 7 8 4 8 7 17 4 17 2 6 7 3 8 7 4 8 7 7 12 7 7 8 8 7
split_gain=1410.45 376.113 295.143 306.319 292.357 123.899 149.163 120.494 84.6995 69.9142 58.4162 47.0938 46.2982 40.1837 35.6924 33.2056 33.0659 32.5549 31.248 28.7494 22.8744 24.8066 31.7708 20.7009 20.5981 20.4103 21.2747 19.9687 19.933 19.6369
threshold=2970.5000000000005 1.0000000180025095e-35 5427.0000000000009 12869.000000000002 2.5000000000000004 3.5000000000000004 1867.5000000000002 0.024498552749877209 2.5000000000000004 0.022926376248720529 948.50000000000011 1.0000000180025095e-35 3.5000000000000004 1.0000000180025095e-35 1.5000000000000002 1.5000000000000002 1034.5000000000002 1.0000000180025095e-35 0.54380178966833481 2094.5000000000005 2.5000000000000004 0.14448402798436091 2030.5000000000002 1694.5000000000002 1.0000000180025095e-35 994.50000000000011 1712.5000000000002 0.1940853065540428 0.27314794216319577 1034.5000000000002
decision_type=2 2 2 2 2 2 2 2 2 2 2 2 2 2 2 2 2 2 2 2 2 2 2 2 2 2 2 2 2 2
left_child=1 5 8 9 -3 20 10 25 11 -4 -7 17 14 27 15 -11 -9 24 -8 -20 -1 -22 29 -18 -2 -6 -27 -12 -25 -23
right_child=2 4 3 -5 7 6 18 16 -10 12 13 -13 -14 -15 -16 -17 23 -19 19 -21 21 22 -24 28 -26 26 -28 -29 -30 -31
leaf_value=0.075360275079208561 -0.051252840747296018 0.072740996648091485 0.059246455109345841 -0.076522235402274652 0.084027031169096142 0.07855357409986212 0.054237675136462542 0.034480752909601384 -0.068204088248903949 -0.050585848029568808 -0.017921736982560402 0.041153539818622908 0.064594705671694161 0.082954642908411619 -0.035561163078038818 0.03208755863007378 -0.063462374433702826 0.05960890604267588 -0.071474125574146022 0.028272770695502582 0.068052542950378547 0.078802623894831447 0.058309188842281992 -0.019563528530212357 0.040604841150232898 -0.032228255817472844 0.028333550264209195 -0.067767274543440489 -0.0578989489471083 -0.0097559795168698175
leaf_weight=286.49340525269508 95.293246030807495 95.67235566675663 91.476510465145111 107.04168005287647 12.020566016435621 12.346886843442915 246.92714676260948 13.111728891730307 617.56063666939735 15.144458293914793 34.584455505013466 22.842807844281197 26.986245080828667 6.4232167154550543 61.003413051366806 61.336239844560623 108.2049817442894 7.9626116603612891 8.703140437602995 42.501190632581711 159.90382745862007 7.5043324679136267 72.62799260020256 87.24093621969223 6.5204823762178412 18.910481482744217 62.194162771105766 47.950694099068642 55.468240022659302 37.740840375423431
leaf_count=1259 398 410 386 473 50 52 1048 53 2685 62 140 93 112 27 249 250 467 33 35 176 696 31 308 357 27 76 252 200 228 152
internal_value=-0.000393513 0.032703 -0.0425096 -0.00549758 -0.00488281 0.0503637 0.0290553 -0.0256764 -0.0604185 0.0242062 -0.0233608 -0.0241638 0.00471727 -0.0375059 -0.00703585 0.0157168 -0.0429243 -0.0377553 0.0468663 0.0113189 0.0654476 0.0552238 0.0378207 -0.0469692 -0.04537 0.0232245 0.0142129 -0.0468806 -0.0344637 0.00493229
internal_weight=2529.7 1416.53 1113.17 362.989 452.823 963.707 399.437 357.151 750.18 255.947 101.305 132.619 164.47 88.9584 137.484 76.4807 264.026 109.776 298.131 51.2043 564.27 277.777 117.873 250.914 101.814 93.1252 81.1046 82.5351 142.709 45.2452
internal_count=10785 6017 4768 1532 1893 4124 1678 1483 3236 1059 419 551 673 367 561 312 1105 458 1259 211 2446 1187 491 1052 425 378 328 340 585 183
is_linear=0
shrinkage=0.05


Tree=9
num_leaves=31
num_cat=0
split_feature=7 4 7 7 7 0 4 0 7 4 8 7 8 17 7 8 7 12 5 8 8 3 8 7 10 8 7 7 0 8
split_gain=1294.42 347.057 266.93 267.706 256.071 126.552 98.3125 95.983 83.6553 80.9973 78.1933 53.0705 47.4244 41.6453 38.4471 37.882 31.3193 26.8374 26.4401 26.1363 25.2002 24.712 23.1883 29.9761 22.4292 20.8751 24.7529 19.1402 23.4791 22.7425
threshold=2924.5000000000005 3.5000000000000004 5230.0000000000009 12869.000000000002 1935.5000000000002 1.0000000180025095e-35 2.5000000000000004 1.0000000180025095e-35 911.50000000000011 2.5000000000000004 0.038968119222907653 8031.5000000000009 0.035770800379660912 1.0000000180025095e-35 1137.5000000000002 0.043934788671410534 1694.5000000000002 1.0000000180025095e-35 1.5000000000000002 0.15288517992323405 0.024498552749877209 2.5000000000000004 0.14705579009951528 2030.5000000000002 1.0000000180025095e-35 0.47850000000000004 2295.5000000000005 3291.5000000000005 1.0000000180025095e-35 0.048033252089865905
decision_type=2 2 2 2 2 2 2 2 2 2 2 2 2 2 2 2 2 2 2 2 2 2 2 2 2 2 2 2 2 2
left_child=1 6 9 10 8 18 -1 22 -3 13 -4 19 -9 17 -14 16 -10 -2 -6 -12 -7 -13 -8 -24 -17 -20 -27 28 29 -11
right_child=2 4 3 -5 5 20 7 12 15 27 11 21 14 -15 -16 24 -18 -19 25 -21 -22 -23 23 -25 -26 26 -28 -29 -30 -31
leaf_value=0.072621150431064541 -0.043172747716755694 0.075163095142857322 0.052141507425391254 -0.074569858525593002 -0.0089789381618067213 0.019276006926162836 0.06585901835975487 0.043134601747928873 -0.040949987796866982 0.056222352563811966 -0.0028088813941565326 0.032594392662930093 0.075050019758565983 0.039135742007594204 -0.034058079561441905 -0.067336577541159751 0.033405474860673912 0.048714493000891375 0.059201076764976157 -0.060644553456141996 -0.038222897030982896 -0.075457432959513474 0.0040613233780582153 0.056779120353925662 -0.031126769536616514 -0.025307611081825068 0.047898563332051967 -0.068809133489942012 -0.070211534217159213 -0.039763054131945523
leaf_weight=373.11877590417862 94.91248707473278 16.22814017534256 110.0246756374836 104.41841278970242 19.157593503594398 27.411708950996399 158.34527061879635 42.709655970335007 30.682649850845337 9.8557887375354785 38.551775261759758 77.698474049568176 9.0863709747791273 22.820048436522484 72.468319714069366 111.02379730343819 26.302333638072014 8.6724795997142774 202.44773830473423 39.598571062088013 62.51208683848381 5.6782697588205329 44.178464263677597 69.205824717879295 69.561152622103691 17.231650486588478 35.002359762787819 549.25639167428017 27.00594137609005 16.50691694021225
leaf_count=1667 400 69 469 473 77 111 703 175 125 40 156 319 37 93 307 475 108 36 879 165 257 23 179 298 294 70 147 2447 116 70
internal_value=-0.000379877 0.0317905 -0.0407507 -0.0065305 0.00387548 0.0307689 0.0542049 0.0368526 -0.0346702 -0.0583986 0.0196323 -0.00251139 0.000451171 -0.0220092 -0.0219019 -0.0421728 -0.00663003 -0.0354796 0.0476688 -0.0321141 -0.0206954 0.0252357 0.0534993 0.0362384 -0.0533886 0.0519299 0.0237483 -0.0660315 -0.0374448 -0.00387858
internal_weight=2491.67 1386.67 1105 375.97 617.561 363.763 769.113 395.994 253.798 729.03 271.552 161.527 124.264 126.405 81.5547 237.57 56.985 103.585 273.839 78.1503 89.9238 83.3767 271.73 113.384 180.585 254.682 52.234 602.625 53.3686 26.3627
internal_count=10785 5978 4807 1605 2612 1541 3366 1699 1071 3202 1132 663 519 529 344 1002 233 436 1173 321 368 342 1180 477 769 1096 217 2673 226 110
is_linear=0
shrinkage=0.05


Tree=10
num_leaves=31
num_cat=0
split_feature=7 0 7 4 7 7 4 7 7 7 12 6 5 4 7 4 7 7 7 1 4 4 14 17 0 17 11 7 4 3
split_gain=1185.21 336.364 240.433 232.038 161.553 130.353 112.034 71.0721 63.8483 60.1877 56.3336 55.522 52.073 49.6424 46.2078 44.1328 68.2094 40.9764 48.5949 36.3528 35.7447 32.5767 30.7978 28.4545 26.4586 32.5095 25.9136 25.4608 43.2012 23.8689
threshold=2892.5000000000005 1.0000000180025095e-35 4721.5000000000009 2.5000000000000004 12869.000000000002 8031.5000000000009 5.5000000000000009 1034.5000000000002 1694.5000000000002 3333.5000000000005 1.0000000180025095e-35 1.0000000180025095e-35 1.5000000000000002 2.5000000000000004 1979.5000000000002 2.5000000000000004 2094.5000000000005 1102.5000000000002 1601.5000000000002 1.5000000000000002 2.5000000000000004 5.5000000000000009 1.0000000180025095e-35 1.0000000180025095e-35 1.0000000180025095e-35 1.0000000180025095e-35 1.0000000180025095e-35 5532.5000000000009 3.5000000000000004 1.0000000180025095e-35
decision_type=2 2 2 2 2 2 2 2 2 2 2 2 2 2 2 2 2 2 2 2 2 2 2 2 2 2 2 2 2 2
left_child=1 6 9 -3 5 10 11 -5 -9 13 22 -1 -10 -2 -8 -13 17 -17 23 -14 -7 -21 26 -19 25 -15 27 29 -29 -4
right_child=2 3 4 7 -6 20 14 8 12 -11 -12 15 19 24 -16 16 -18 18 -20 21 -22 -23 -24 -25 -26 -27 -28 28 -30 -31
leaf_value=-0.051144438470109035 0.081822381725043997 0.066851108190595365 -0.066491336388086464 0.059004692765038613 -0.072849705875359064 0.018646715782133144 -0.060018046829967357 -0.056905961570589247 -0.070276394982138488 -0.068054374371364149 0.040366844540466199 0.071755486181055803 -0.037348726714500666 -0.028627128565965762 0.022004389580665851 0.071944135014924415 0.060779831803762521 -0.037504737815929147 0.032091931550328204 0.023985981533365661 0.070661827088052867 -0.043874322083850649 0.0082376830166754084 0.083247538089037468 -0.068546132174442748 0.095948138895986024 -0.0097728918261735798 -0.040928917342824396 0.07032669458789767 0.048259081901924045
leaf_weight=12.439274072647093 10.242130652070044 92.303569033741951 98.48752997815609 25.155492752790451 97.868549853563309 91.120995864272118 29.107005432248116 122.28073078393936 31.992715090513229 471.57454280555248 34.180555418133736 274.4013914167881 49.780581086874008 29.337056666612625 41.871612295508385 38.555871993303299 357.78797736763954 47.448816925287247 124.91741681098938 108.4556809514761 51.807523056864738 21.131196200847626 49.110554277896881 5.4377692788839331 32.887012794613838 6.3750970959663382 68.735800504684448 44.765867277979851 10.838039010763167 4.7502972632646552
leaf_count=53 44 412 434 105 455 379 122 537 136 2143 144 1266 206 125 180 168 1581 199 535 444 222 86 210 23 144 26 294 187 45 20
internal_value=0.000768408 0.0315916 -0.0379134 -0.00385034 -0.0145859 -0.00202039 0.0487465 -0.0220389 -0.0281494 -0.0612939 -0.0201911 0.053724 -0.0115125 -0.0208571 -0.0116315 0.0552613 0.0473783 0.0252165 0.0150838 -0.00103108 0.0375007 0.0129203 -0.0276721 -0.0250891 -0.0361875 -0.00638878 -0.0354213 -0.0465201 -0.0192435 -0.0612113
internal_weight=2485.15 1383.07 1102.08 451.1 551.666 453.797 931.967 358.796 333.641 550.416 310.869 860.989 211.36 78.8413 70.9786 848.549 574.148 216.36 177.804 179.367 142.929 129.587 276.688 52.8866 68.5992 35.7122 227.578 158.842 55.6039 103.238
internal_count=10925 6053 4872 1926 2390 1935 4127 1514 1409 2482 1334 3825 872 339 302 3772 2506 925 757 736 601 530 1190 222 295 151 980 686 232 454
is_linear=0
shrinkage=0.05


Tree=11
num_leaves=31
num_cat=0
split_feature=7 0 7 4 7 8 4 8 7 8 7 4 5 4 7 7 16 7 7 17 7 12 7 0 17 5 17 10 11 14
split_gain=1088.48 310.318 225.127 213.493 150.935 191.652 103.789 87.6249 56.7231 52.5947 66.5356 69.1526 52.2604 45.6082 42.0646 41.5362 36.9534 35.5993 33.9497 31.0088 30.4804 27.7005 25.8362 24.6687 29.5541 24.2184 22.795 20.975 21.4217 27.2366
threshold=2892.5000000000005 1.0000000180025095e-35 4721.5000000000009 2.5000000000000004 12869.000000000002 0.31942788265514288 5.5000000000000009 0.03256019794322431 3333.5000000000005 0.16317331111954816 2094.5000000000005 2.5000000000000004 1.5000000000000002 2.5000000000000004 1979.5000000000002 1102.5000000000002 1.0000000180025095e-35 8853.0000000000018 8031.5000000000009 1.0000000180025095e-35 1137.5000000000002 1.0000000180025095e-35 1764.5000000000002 1.0000000180025095e-35 1.0000000180025095e-35 1.5000000000000002 1.0000000180025095e-35 1.0000000180025095e-35 1.0000000180025095e-35 1.0000000180025095e-35
decision_type=2 2 2 2 2 2 2 2 2 2 2 2 2 2 2 2 2 2 2 2 2 2 2 2 2 2 2 2 2 2
left_child=1 6 8 -3 5 12 9 -5 13 -1 11 -11 -4 -2 -8 -13 19 26 21 -17 -9 27 -22 24 -15 -24 -7 -14 29 -29
right_child=2 3 4 7 -6 17 14 20 -10 10 -12 15 18 23 -16 16 -18 -19 -20 -21 22 -23 25 -25 -26 -27 -28 28 -30 -31
leaf_value=0.062512773652645612 0.07938067829873241 0.064968921499766574 -0.028653030888279637 0.016516732754979408 -0.071245491315621398 -0.07242267032851761 -0.057523976696987861 0.026263136587198217 -0.066271285757108625 0.067123618404049318 0.055913014492358894 0.066929190603760777 -0.012818379222567199 -0.027337549870189166 0.021024153384501594 -0.039065530140991282 0.084291959574062575 0.044417178355219633 0.048292422555979798 0.08581641317244762 -0.060659266184710993 0.059738211340720077 -0.07305119964268271 -0.066529336630752375 0.091868595499770944 -0.016588446782245869 0.010008118541785758 -0.00054307000211213402 0.092934906293005409 0.09559915668944774
leaf_weight=494.90237981081009 10.034549891948698 90.28024160861969 52.588565662503242 107.77128680050373 95.137825578451157 97.573259443044662 28.856879413127899 17.433858618140221 460.33527360856533 40.969791516661644 201.57885220646858 15.366644054651259 82.678347945213318 29.18874891102314 41.638718008995056 79.580792427062988 7.5322497040033332 7.9375260323286048 104.31305046379566 5.301969736814498 104.67061169445515 26.355057582259178 23.306306645274162 32.20704360306263 6.3264335244894019 102.58376866579056 9.1755880415439588 51.490899607539177 9.8003107905387861 8.5963975936174375
leaf_count=2280 44 412 224 442 455 437 122 72 2143 190 904 65 350 125 180 332 32 33 445 22 476 111 102 144 26 422 39 219 41 36
internal_value=0.000741431 0.0304995 -0.0366511 -0.0036996 -0.0140206 -0.00193598 0.0471577 -0.0211251 -0.0595993 0.052019 0.0371947 0.0118288 0.017122 -0.0201 -0.011129 -0.00918973 -0.0218467 -0.0577412 0.0256211 -0.0312651 -0.0374832 0.0124034 -0.0423034 -0.0348403 -0.00610298 -0.0270415 -0.0653373 0.00422659 0.0243911 0.0132115
internal_weight=2445.51 1361.77 1083.74 446.046 545.647 450.509 915.728 355.766 538.092 845.233 350.33 148.751 335.823 77.7568 70.4956 107.782 92.415 114.686 283.234 84.8828 247.995 178.921 230.561 67.7222 35.5152 125.89 106.749 152.566 69.8876 60.0873
internal_count=10925 6053 4872 1926 2390 1935 4127 1514 2482 3825 1545 641 1426 339 302 451 386 509 1202 354 1072 757 1000 295 151 524 476 646 296 255
is_linear=0
shrinkage=0.05


Tree=12
num_leaves=31
num_cat=0
split_feature=7 0 7 7 8 7 8 8 7 7 7 5 7 5 7 0 7 5 7 5 12 7 1 6 17 1 6 14 11 15
split_gain=1000.89 286.769 210.998 141.225 176.118 97.3342 78.7609 77.5194 80.9546 53.5344 49.0485 47.395 36.0818 33.9724 32.8958 31.6071 31.2563 29.9757 28.1444 27.1883 25.149 23.832 22.4796 22.1854 21.4206 21.2512 20.4448 19.5121 20.1977 22.9945
threshold=2892.5000000000005 1.0000000180025095e-35 4721.5000000000009 12869.000000000002 0.31942788265514288 994.50000000000011 0.050284974931843793 0.16317331111954816 2094.5000000000005 3333.5000000000005 1034.5000000000002 1.5000000000000002 1736.5000000000002 1.5000000000000002 8853.0000000000018 1.0000000180025095e-35 8031.5000000000009 1.5000000000000002 1764.5000000000002 1.5000000000000002 1.0000000180025095e-35 1680.5000000000002 1.0000000180025095e-35 1.0000000180025095e-35 1.0000000180025095e-35 1.5000000000000002 1.5000000000000002 1.0000000180025095e-35 1.0000000180025095e-35 1.0000000180025095e-35
decision_type=2 2 2 2 2 2 2 2 2 2 2 2 2 2 2 2 2 2 2 2 2 2 2 2 2 2 2 2 2 2
left_child=1 7 9 4 11 -3 13 23 10 15 -9 26 -12 -7 24 19 20 -8 -19 -2 27 -15 -23 -1 -6 -20 -4 28 29 -13
right_child=2 5 3 -5 14 6 17 8 -10 -11 12 16 -14 21 -16 -17 -18 18 25 -21 -22 22 -24 -25 -26 -27 -28 -29 -30 -31
leaf_value=-0.028551798380293099 -0.080477782552297261 0.067927570404386697 -0.086834075159539351 -0.069785565819695736 -0.070450508816450638 -0.051951945182473903 -0.06377360712023343 0.067477951496161412 0.04895093780170804 -0.064618839258349006 -0.033286308602751599 -0.032645575029986322 0.016914974943513416 -0.011554549505901845 0.042494897519718543 -0.055743988600685579 0.046382674385562171 -0.041031060428994313 -0.038785250758780608 0.026646882049874001 0.057037834314190475 -0.047504288753942719 0.045005297840561259 0.059591952348738292 0.0094971139898876681 0.0095165016842273711 -0.010921845789099764 0.040273379580604077 0.02389937776635967 0.033140057896269802
leaf_weight=7.2405534833669654 7.0923141539096823 42.972873911261559 11.301398977637289 92.342583104968071 95.345980167388916 15.524272561073301 47.968588694930077 24.863309815526009 215.45664927363396 448.795250415802 72.79119785130024 64.888363093137741 70.420205339789391 31.523343339562416 7.8831462860107413 33.58151963353157 103.20600181818008 88.639485940337181 31.227459877729416 35.925446048378944 26.225870415568352 7.0734717845916739 91.678609356284142 507.83224414288998 9.18556299805641 84.098369017243385 41.218425959348679 29.848842054605484 40.825091987848282 16.702297508716583
leaf_count=31 31 198 48 455 437 65 218 114 979 2143 314 277 305 134 33 153 445 407 132 155 111 29 389 2384 39 354 176 126 172 71
internal_value=0.000715233 0.0294779 -0.0354773 -0.0134975 -0.00185976 -0.00355941 -0.0112832 0.0456805 0.0286619 -0.0580251 0.00265317 0.0163496 -0.00860123 0.0179647 -0.0559975 -0.0193924 0.0244797 -0.0282096 -0.0198456 0.0089853 0.011815 0.0262963 0.038379 0.0583529 -0.0634252 -0.00356245 -0.0272569 0.00402592 -0.00481236 -0.0191787
internal_weight=2403.68 1339.31 1064.37 538.974 446.631 440.706 397.734 898.604 383.531 525.395 168.075 334.216 143.211 145.8 112.415 76.5993 281.696 251.934 203.965 43.0178 178.49 130.275 98.7521 515.073 104.532 115.326 52.5198 152.265 122.416 81.5907
internal_count=10925 6053 4872 2390 1935 1926 1728 4127 1712 2482 733 1426 619 617 509 339 1202 1111 893 186 757 552 418 2415 476 486 224 646 520 348
is_linear=0
shrinkage=0.05


Tree=13
num_leaves=31
num_cat=0
split_feature=7 4 0 7 7 8 7 4 0 7 7 5 4 7 8 8 17 7 7 8 5 12 0 17 17 10 6 7 7 8
split_gain=919.865 285.988 199.767 197.697 132.342 162.021 112.376 72.8488 58.6307 51.1081 49.5907 43.0015 41.0489 36.8666 33.1685 31.4324 30.7477 30.446 28.8275 24.8417 24.7238 22.8783 21.415 26.4308 20.1818 19.7196 18.8301 18.182 17.3947 17.2517
threshold=2892.5000000000005 3.5000000000000004 1.0000000180025095e-35 4721.5000000000009 12869.000000000002 0.31942788265514288 1867.5000000000002 2.5000000000000004 1.0000000180025095e-35 3333.5000000000005 1034.5000000000002 1.5000000000000002 2.5000000000000004 1102.5000000000002 0.050284974931843793 0.03256019794322431 1.0000000180025095e-35 8853.0000000000018 8031.5000000000009 0.20200244866430014 1.5000000000000002 1.0000000180025095e-35 1.0000000180025095e-35 1.0000000180025095e-35 1.0000000180025095e-35 1.0000000180025095e-35 1.5000000000000002 7583.0000000000009 4814.5000000000009 0.19108597569827787
decision_type=2 2 2 2 2 2 2 2 2 2 2 2 2 2 2 2 2 2 2 2 2 2 2 2 2 2 2 2 2 2
left_child=1 7 6 9 5 11 10 -1 -9 12 -3 26 -2 -10 -15 -4 29 24 21 -8 -21 25 23 -14 -7 -13 -5 28 -28 -12
right_child=3 2 15 4 -6 17 19 8 13 -11 16 18 22 14 -16 -17 -18 -19 -20 20 -22 -23 -24 -25 -26 -27 27 -29 -30 -31
leaf_value=0.066360872849501526 0.077022662560411195 0.065423090440200185 -0.0032178261632798155 -0.083612437792527972 -0.068452832743138833 -0.068638230087007493 0.054712633667006218 0.048285667849399451 0.071889963993814698 -0.063080430172488211 -0.015074300990915057 -0.012692403367461198 -0.02619758346629399 0.029710357787335412 -0.028052794608258803 -0.045232963926359421 0.077203793427535097 0.04067908993985489 0.04457418567684053 -0.054620783596961923 0.031031888456295995 0.054527064859956044 -0.063164684996991988 0.08732467361182597 0.0090130830313439672 0.023450380357914274 0.020582598480513824 0.018916577852357022 -0.083185880141550525 -0.062973357288876611
leaf_weight=343.96237908303738 9.773276209831236 14.306963518261908 60.786993756890297 11.153691545128821 89.505348294973373 93.029117807745934 158.1561266630888 251.50368492305279 18.129181027412415 437.05228409171104 31.682856574654579 82.564119398593903 28.980893462896347 40.926809012889862 63.274570167064667 166.29369978606701 5.6599254161119452 7.8247755616903296 102.05328398942947 9.1285745948553068 109.32243423163891 26.0658318400383 30.868904158473015 6.2293892949819556 9.1946732550859434 69.513467609882355 6.1073860079050091 23.174563109874725 11.922279402613638 46.224603444337845
leaf_count=1687 44 65 249 48 455 437 734 1171 78 2143 130 350 125 169 280 738 25 33 445 37 486 111 144 26 39 296 27 97 52 204
internal_value=0.000688186 0.028444 0.00301533 -0.0343543 -0.0130028 -0.00178947 0.0254524 0.0497549 0.0344758 -0.0565051 -0.0205932 0.0156129 -0.0186192 0.00608374 -0.00536536 -0.033986 -0.0353194 -0.0543776 0.0233851 0.0417452 0.024431 0.0112464 -0.0327648 -0.00611327 -0.0616538 0.00382818 -0.0259801 -0.0103794 -0.0480352 -0.0434941
internal_weight=2364.37 1319.36 601.562 1045.01 532.109 442.603 374.481 717.797 373.834 512.905 97.8743 332.555 75.8525 122.331 104.201 227.081 83.5674 110.049 280.197 276.607 118.451 178.143 66.0792 35.2103 102.224 152.078 52.3579 41.2042 18.0297 77.9075
internal_count=10925 6053 2668 4872 2390 1935 1681 3385 1698 2482 424 1426 339 527 449 987 359 509 1202 1257 523 757 295 151 476 646 224 176 79 334
is_linear=0
shrinkage=0.05


Tree=14
num_leaves=31
num_cat=0
split_feature=7 4 7 7 7 8 0 4 0 7 7 7 8 5 4 7 8 7 7 5 18 0 17 17 0 1 7 11 8 16
split_gain=846.999 265.428 185.724 183.726 124.178 149.222 85.8798 70.5556 54.3339 53.6624 49.138 48.3858 42.3142 39.0788 37.8543 33.8852 30.6113 28.2188 26.6141 24.9943 21.4601 20.0699 24.1735 19.0595 18.9678 18.481 18.0717 17.6639 19.4544 19.0096
threshold=2892.5000000000005 3.5000000000000004 4721.5000000000009 2094.5000000000005 12869.000000000002 0.31942788265514288 1.0000000180025095e-35 2.5000000000000004 1.0000000180025095e-35 863.50000000000011 1751.5000000000002 3333.5000000000005 0.44750000000000006 1.5000000000000002 2.5000000000000004 1102.5000000000002 0.099041711255127882 8853.0000000000018 8031.5000000000009 1.5000000000000002 1.0000000180025095e-35 1.0000000180025095e-35 1.0000000180025095e-35 1.0000000180025095e-35 1.0000000180025095e-35 2.5000000000000004 1560.5000000000002 1.0000000180025095e-35 0.15515501200874957 1.0000000180025095e-35
decision_type=2 2 2 2 2 2 2 2 2 2 2 2 2 2 2 2 2 2 2 2 2 2 2 2 2 2 2 2 2 2
left_child=1 7 11 9 5 13 -5 -1 -9 -3 20 14 19 25 -2 -10 26 23 27 -12 -11 22 -16 -7 -21 -4 -17 28 29 -15
right_child=2 3 4 6 -6 17 -8 8 15 10 12 -13 -14 18 21 16 -18 -19 -20 24 -22 -23 -24 -25 -26 -27 -28 -29 -30 -31
leaf_value=0.064950640014980229 0.075066148066211077 0.073859294405139261 -0.0015083943957995981 0.045828883626246819 -0.067232782226102961 -0.066964982252702199 -0.017051962297601676 0.046674692661975992 0.069515582364459136 -0.059587893816294563 -0.047601986826233358 -0.06164189978454853 -0.065141676226788417 -0.0011039087254347752 -0.02502189835339675 -0.041213561474765903 -0.034185769389185709 0.038959283590530074 0.042856499868921032 0.045223075173644087 -0.020621096085963537 -0.061529961681778392 0.084294001874858734 0.0085544781191602796 -0.0033754620830050959 -0.062940885557491777 0.033605855610545195 0.035624645824308132 -0.041269594640340752 0.051402392213798637
leaf_weight=334.10943503677845 9.5326967835426313 13.139768585562704 32.141853973269463 225.63827303051949 86.64560230076313 90.646507024765015 71.50741682946682 247.28353445231915 17.818851664662361 112.13137783110142 15.966642901301382 425.19105352461338 23.625118717551231 82.606082454323769 28.829399511218071 9.8156917393207532 48.338249340653419 7.7632625848054877 100.86691719293594 40.104457035660744 51.589113935828209 30.12356261909008 6.1330965757369986 9.2029979377984983 40.206015184521675 19.7742068618536 45.398099884390831 50.795852482318878 22.646560907363892 21.78396050632
leaf_count=1687 44 61 139 1052 455 437 300 1171 78 513 68 2143 100 353 125 43 216 33 445 180 228 144 26 39 166 85 190 215 97 92
internal_value=0.000664309 0.0275128 -0.0333108 0.00290502 -0.0125385 -0.00172449 0.0306968 0.048309 0.0332268 -0.0249226 -0.029499 -0.0551247 -0.00517998 0.0149214 -0.0179888 0.00582767 -0.00513151 -0.0528651 0.0223407 0.00953382 -0.0473093 -0.0316179 -0.00584578 -0.0600045 0.0208931 -0.0249073 0.0203048 0.0107041 0.000739501 0.00985303
internal_weight=2321.36 1296.67 1024.68 593.908 524.874 438.228 297.146 702.764 368.654 296.762 283.623 499.81 119.902 330.615 74.6188 121.371 103.552 107.613 278.699 96.2771 163.72 65.0861 34.9625 99.8495 80.3105 51.9161 55.2138 177.832 127.037 104.39
internal_count=10925 6053 4872 2668 2390 1935 1352 3385 1698 1316 1255 2482 514 1426 339 527 449 509 1202 414 741 295 151 476 346 224 233 757 542 445
is_linear=0
shrinkage=0.05


Tree=15
num_leaves=31
num_cat=0
split_feature=7 4 7 7 0 7 4 4 8 0 8 8 4 7 7 8 17 8 4 7 7 7 7 3 6 0 17 11 16 0
split_gain=780.713 249.925 185.051 184.364 180.316 99.7077 93.4088 69.7528 65.4423 55.0974 42.1146 36.8036 34.1308 31.8254 30.7916 30.5643 27.5262 23.9908 23.871 22.7638 21.5907 49.5443 21.1409 17.4734 17.337 16.3071 15.9645 18.1148 16.1626 15.1584
threshold=2924.5000000000005 3.5000000000000004 5427.0000000000009 12869.000000000002 1.0000000180025095e-35 2094.5000000000005 2.5000000000000004 2.5000000000000004 0.038968119222907653 1.0000000180025095e-35 0.31942788265514288 0.30012134949978758 3.5000000000000004 1034.5000000000002 3561.5000000000005 0.03256019794322431 1.0000000180025095e-35 0.13619715735679044 4.5000000000000009 8853.0000000000018 1583.0000000000002 1171.0000000000002 3291.5000000000005 1.0000000180025095e-35 3.5000000000000004 1.0000000180025095e-35 1.0000000180025095e-35 1.0000000180025095e-35 1.0000000180025095e-35 1.0000000180025095e-35
decision_type=2 2 2 2 2 2 2 2 2 2 2 2 2 2 2 2 2 2 2 2 2 2 2 2 2 2 2 2 2 2
left_child=1 7 6 8 5 10 11 -1 -4 20 18 23 16 -11 -13 -6 19 -15 -3 -10 21 -9 29 26 -7 -18 27 28 -2 -8
right_child=2 4 3 -5 15 24 22 9 12 13 -12 14 -14 17 -16 -17 25 -19 -20 -21 -22 -23 -24 -25 -26 -27 -28 -29 -30 -31
leaf_value=0.063760977468217267 -0.051857051738312558 0.037755602709328852 0.050705746501264887 -0.066094554286835222 -0.0020952906035645721 0.050134040948255722 -0.00090059859228992225 0.055156360875432513 -0.042345484092957762 0.072175435593053408 -0.046410756748341241 0.079730724841514694 0.05549192527781991 0.013918412627059154 -0.055478475157648512 -0.044847315282500938 0.087760594200768371 -0.034884575414027598 -0.013758138291754358 0.019381833170783722 0.052275116596846853 -0.055113684876031556 -0.059950477167940941 0.068607269129410425 0.01264491532034885 0.0066959278337384246 0.044658078179279054 0.031908603153169034 0.034776554349619293 -0.056466127965491358
leaf_weight=324.19315861165524 25.46684218943119 43.12854690849781 100.98354491591454 83.731447204947472 56.543378576636314 191.77308604121208 27.483897879719734 26.889036282896996 64.652728319168091 15.025634452700613 49.766320616006851 4.6505098044872275 22.145341575145721 62.864623799920082 44.529451936483383 160.40254966914654 7.7098478227853766 42.010484829545021 46.991769805550575 19.422860860824585 203.16759359836578 16.398607820272446 490.19524136185646 11.833114877343176 36.748802810907364 31.757704794406891 16.684580355882645 15.716221719980238 6.8268526494503012 22.178350880742073
leaf_count=1689 113 193 458 455 232 910 119 128 273 68 220 20 96 267 216 731 32 188 205 82 989 70 2518 51 174 132 71 66 30 109
internal_value=0.000597732 0.026494 -0.0325772 -0.00198815 0.00245847 0.023754 -0.0477624 0.0468681 0.0197724 0.0319194 -0.00949245 -0.00894486 -0.00166894 0.00411957 -0.0426929 -0.0337047 -0.0119151 -0.00563091 0.0108946 -0.0280854 0.045444 0.0133829 -0.0568011 0.0127431 0.0441054 0.0225316 0.00252515 -0.012117 -0.0335428 -0.0257153
internal_weight=2271.87 1275.9 995.969 330.403 585.354 368.409 665.565 690.549 246.672 366.356 139.887 125.708 145.688 119.901 49.18 216.946 123.543 104.875 90.1203 84.0756 246.455 43.2876 539.857 76.5276 228.522 39.4676 64.6945 48.0099 32.2937 49.6622
internal_count=10905 6064 4841 1528 2665 1702 3313 3399 1073 1710 618 567 615 523 236 963 519 455 398 355 1187 198 2746 331 1084 164 280 209 143 228
is_linear=0
shrinkage=0.05


Tree=16
num_leaves=31
num_cat=0
split_feature=7 4 7 7 7 4 4 8 18 8 7 7 6 8 7 7 8 5 2 7 7 7 7 8 4 5 5 7 7 17
split_gain=719.766 232.68 172.338 167.583 154.16 89.9269 67.6401 66.7878 53.1339 48.4585 39.0098 58.6866 32.9982 32.4028 28.2041 28.0513 27.4468 27.2794 22.1994 20.9378 19.5249 37.5923 18.7743 18.6157 19.0285 18.3066 16.5752 15.5629 15.4127 15.1681
threshold=2924.5000000000005 3.5000000000000004 5314.0000000000009 12869.000000000002 2094.5000000000005 2.5000000000000004 2.5000000000000004 0.038968119222907653 1.0000000180025095e-35 0.043934788671410534 1913.5000000000002 1034.5000000000002 1.5000000000000002 0.30012134949978758 863.50000000000011 3561.5000000000005 0.222082876496004 1.5000000000000002 1.5000000000000002 3291.5000000000005 994.50000000000011 1694.5000000000002 2613.5000000000005 0.1940853065540428 5.5000000000000009 1.5000000000000002 1.5000000000000002 1583.0000000000002 1171.0000000000002 1.0000000180025095e-35
decision_type=2 2 2 2 2 2 2 2 2 2 2 2 2 2 2 2 2 2 2 2 2 2 2 2 2 2 2 2 2 2
left_child=1 6 5 7 9 13 -1 -4 17 20 11 -8 -9 26 -11 -15 27 -6 -14 -7 -3 -22 -19 -10 -25 -12 -2 28 -13 -28
right_child=2 4 3 -5 8 19 10 12 23 14 25 16 18 15 -16 -17 -18 22 -20 -21 21 -23 -24 24 -26 -27 29 -29 -30 -31
leaf_value=0.062542912493074962 -0.038654029492074367 0.074535053400738974 0.048832115154151062 -0.065065840231140676 -0.064686950273113136 -0.02471811884490881 0.068556651042412736 -0.05252486980613278 0.060612027912538113 0.072607367745800303 -0.0037786714170618056 0.034903094025293076 0.024723101215781952 0.076793622328323763 -0.040707100609575136 -0.05340229482856787 -0.041377356699986254 0.019128737875191894 -0.019038389757688123 -0.05902077639604511 -0.04764486568484208 0.026402154481346602 -0.040147617656680012 0.037996102645691927 -0.030563064334883889 0.04870185259648882 0.0079960180869130208 0.031760333907381109 -0.038226614922289265 0.063475271492015914
leaf_weight=314.23473529517651 13.020979955792425 9.7182465791702253 102.15036563575268 80.87491974234581 13.437156796455382 49.113364979624748 33.704644054174423 28.017611458897591 93.49809804558754 5.6520092636346808 18.142337068915367 10.66212375462055 74.303656160831451 4.5885172784328452 193.21363374590874 42.054015666246414 37.794958472251892 94.730197951197624 47.509614661335945 472.07701975107193 27.131731480360031 46.546116888523102 15.550768390297888 66.905048221349716 11.924603328108786 197.63633109629154 44.186746805906296 40.608134180307388 22.220296069979668 17.083004206418991
leaf_count=1689 59 45 470 455 60 228 163 121 464 27 86 47 316 20 890 209 164 428 201 2498 113 202 69 314 53 962 191 187 101 73
internal_value=0.000578814 0.0256427 -0.0316401 -0.00244276 0.00236745 -0.0467751 0.0455837 0.0176565 0.0275745 -0.0240706 0.0308119 0.0107544 -0.00359813 -0.00793048 -0.0374866 -0.0405941 -0.00675194 0.00257468 0.00765524 -0.0557883 0.007921 -0.000865524 0.0107702 0.0455225 0.0276251 0.0442894 0.012577 0.0110553 -0.0145143 0.0234645
internal_weight=2228.29 1253.31 974.98 332.856 578.308 642.124 675.004 251.981 296.046 282.262 360.769 144.99 149.831 120.933 198.866 46.6425 111.286 123.718 121.813 521.19 83.3961 73.6778 110.281 172.328 78.8297 215.779 74.2907 73.4906 32.8824 61.2698
internal_count=10905 6064 4841 1563 2665 3278 3399 1108 1388 1277 1710 662 638 552 917 229 499 557 517 2726 360 315 497 831 367 1048 323 335 148 264
is_linear=0
shrinkage=0.05


Tree=17
num_leaves=31
num_cat=0
split_feature=7 4 0 7 8 7 7 8 8 7 16 17 8 7 18 7 7 4 5 7 8 4 7 7 5 7 10 6 9 7
split_gain=663.374 216.547 213.239 164.372 115.175 91.0371 67.7688 56.9043 54.5653 40.2218 37.6486 39.845 31.8421 44.7825 30.2148 29.4779 29.1029 26.703 24.7673 24.2007 28.0761 22.0412 21.0231 20.5623 18.8699 18.6976 18.1064 17.9715 17.5835 17.2605
threshold=2924.5000000000005 2.5000000000000004 1.0000000180025095e-35 4721.5000000000009 0.057937491808450578 2107.5000000000005 12869.000000000002 0.03256019794322431 0.12326681555627843 3333.5000000000005 1.0000000180025095e-35 1.0000000180025095e-35 0.31942788265514288 12869.000000000002 1.0000000180025095e-35 1034.5000000000002 8177.5000000000009 2.5000000000000004 1.5000000000000002 5314.0000000000009 1.0000000180025095e-35 5.5000000000000009 1137.5000000000002 1034.5000000000002 1.5000000000000002 1726.5000000000002 1.0000000180025095e-35 3.5000000000000004 1.0000000180025095e-35 1726.5000000000002
decision_type=2 2 2 2 2 2 2 2 2 2 2 2 2 2 2 2 2 2 2 2 2 2 2 2 2 2 2 2 2 2
left_child=1 -1 5 9 6 8 18 23 21 17 11 15 13 14 16 -10 -6 -2 -5 20 -20 -3 26 -4 -24 -26 -9 -7 -17 -25
right_child=3 2 7 4 12 27 -8 22 10 -11 -12 -13 -14 -15 -16 28 -18 -19 19 -21 -22 -23 24 29 25 -27 -28 -29 -30 -31
leaf_value=0.061402899381882037 0.073387466677898042 0.041059750594672755 0.072381993698468719 -0.013034217149359659 -0.040533786068600822 0.05173103935909619 -0.064336732523908396 -0.027860449054134075 0.054734218254183099 -0.058298350056012395 0.078192956209824319 0.076517085142460139 -0.051225422574799222 -0.06402967694178778 0.028380782100812921 -0.042557190422738443 0.022929292730231705 -0.027189125249143416 -0.017851965237550768 0.049194309039318193 0.067000216361721751 -0.033567534176703211 -0.067920338499732211 -0.034789615151005447 -0.051500090243693064 -0.017452263832050643 0.075565760458510545 0.0210108325650816 0.046617793956593177 0.01629530778253126
leaf_weight=304.31742426753044 7.5001786202192298 97.212556630373001 12.362877428531645 31.17696550488472 59.728044450283051 297.45381161570549 22.485195070505142 9.0641623288393038 9.4202049225568754 394.20065258443356 10.178764745593069 9.5085780024528486 117.69092217087746 39.824241563677788 47.510224238038063 99.274150192737579 25.897558555006981 54.950702548027039 34.200360953807831 105.746786698699 13.635597258806227 11.015282139182089 40.818212196230888 22.044541969895363 64.206614643335342 108.3973932415247 7.9371856003999701 56.679046392440796 5.8538650274276725 66.160681053996086
leaf_count=1689 35 472 59 139 259 1498 130 39 43 2163 47 43 609 233 204 434 110 259 149 491 60 47 205 90 326 458 34 280 25 275
internal_value=0.000560551 0.0248037 0.0127965 -0.0307268 -0.0108563 0.0306529 0.0176226 -0.0193888 0.00704814 -0.052392 -0.01425 -0.0218348 -0.0311629 -0.0175113 -0.00359643 -0.029999 -0.0213393 -0.0151102 0.027597 0.0358451 0.00633507 0.0334643 -0.033085 0.0119922 -0.0373476 -0.0301176 0.0204247 0.0468143 -0.0375916 0.00352799
internal_weight=2186.45 1231.91 927.588 954.547 497.896 596.596 207.245 330.992 242.463 456.652 134.236 124.057 290.651 172.96 133.136 114.548 85.6256 62.4509 184.76 153.583 47.836 108.228 230.424 100.568 213.422 172.604 17.0013 354.133 105.128 88.2052
internal_count=10905 6064 4375 4841 2384 2889 969 1486 1111 2457 592 545 1415 806 573 502 369 294 839 700 209 519 1062 424 989 784 73 1778 459 365
is_linear=0
shrinkage=0.05


Tree=18
num_leaves=31
num_cat=0
split_feature=7 4 7 0 8 7 4 7 0 7 7 8 17 16 7 8 7 7 4 8 7 1 13 17 7 7 7 8 16 17
split_gain=611.902 207.225 154.756 144.364 106.78 77.7816 62.1417 47.0057 46.7787 38.6716 38.5081 53.1267 37.0763 40.5342 28.1154 44.8256 26.3047 25.1014 24.6117 24.3262 24.0809 20.2985 20.0766 21.8971 19.3921 40.6064 19.1639 21.3042 18.139 16.8316
threshold=2924.5000000000005 3.5000000000000004 4721.5000000000009 1.0000000180025095e-35 0.038968119222907653 2094.5000000000005 2.5000000000000004 12869.000000000002 1.0000000180025095e-35 3333.5000000000005 12869.000000000002 0.31942788265514288 1.0000000180025095e-35 1.0000000180025095e-35 5230.0000000000009 1.0000000180025095e-35 1034.5000000000002 1034.5000000000002 2.5000000000000004 0.03256019794322431 8853.0000000000018 2.5000000000000004 1.0000000180025095e-35 1.0000000180025095e-35 1583.0000000000002 1171.0000000000002 1712.5000000000002 0.52209054947660249 1.0000000180025095e-35 1.0000000180025095e-35
decision_type=2 2 2 2 2 2 2 2 2 2 2 2 2 2 2 2 2 2 2 2 2 2 2 2 2 2 2 2 2 2
left_child=1 6 9 5 7 12 -1 14 24 18 11 21 13 17 15 29 -10 -3 -2 -5 -13 -6 23 -18 25 -8 -19 -28 -25 -4
right_child=2 3 4 19 10 -7 8 -9 16 -11 -12 20 -14 -15 -16 -17 22 26 -20 -21 -22 -23 -24 28 -26 -27 27 -29 -30 -31
leaf_value=0.060332169102717687 0.071751957294160798 0.05672624934206788 -0.03579683994501031 -0.0027330506819336787 0.013750471052565882 0.040034865580368818 0.051138541900076974 -0.063669777949359949 0.067725090211586694 -0.057144251102799172 -0.063180075632199309 -0.054669896629577608 0.072025251219624165 0.077868759822361355 0.04557208378356245 0.089712199243343838 -0.037152618433266976 -0.054267180798852434 -0.026054964228703972 -0.041200502822966195 0.038271211758117082 -0.022078664945642725 0.036291444044950875 -0.0015882120178080583 0.048843889812018614 -0.049886815024859844 0.0061254383169623595 -0.067305390915490551 0.09898429117142965 0.058107291494799332
leaf_weight=294.48222862184048 7.2928356528282157 8.6223605722188932 36.063029780983925 56.061045184731483 94.004564985632896 216.71691060066223 25.14858877658844 14.655219256877897 13.991644456982611 382.3555730432272 60.693941131234169 92.40092870593071 13.04853907227516 10.400922179222105 100.49044722318649 11.104668721556662 50.457193046808243 50.300241678953171 54.487579330801964 153.98749342560768 7.5379841476678839 68.216284081339836 22.616269141435623 24.59160499274731 191.51622830331326 16.454586341977119 41.312304079532623 12.981307640671728 5.4828343838453284 5.4996768385171881
leaf_count=1689 35 41 163 232 404 1084 128 87 68 2163 368 485 63 48 477 49 225 228 259 731 32 295 98 109 989 70 182 56 23 24
internal_value=0.000543734 0.0240454 -0.0298306 0.00189409 -0.0104754 0.0214067 0.0434031 0.0218774 0.0291698 -0.0512136 -0.0272917 -0.018983 -0.00813271 -0.0165939 0.0300632 0.000471887 0.00339256 -0.0252719 -0.0145094 -0.0309337 -0.0476597 -0.00131621 -0.00533391 -0.0170239 0.0421226 0.0111817 -0.0320316 -0.0114315 0.016747 -0.0233712
internal_weight=2142.98 1208.17 934.803 563.431 490.667 353.383 644.741 167.813 350.259 444.136 322.854 262.16 136.666 123.617 153.158 52.6674 117.14 113.216 61.7804 210.049 99.9389 162.221 103.148 80.5316 233.119 41.6032 104.594 54.2936 30.0744 41.5627
internal_count=10905 6064 4841 2665 2384 1702 3399 800 1710 2457 1584 1216 618 555 713 236 523 507 294 963 517 699 455 357 1187 198 466 238 132 187
is_linear=0
shrinkage=0.05


Tree=19
num_leaves=31
num_cat=0
split_feature=7 4 0 7 8 7 8 8 7 7 7 8 18 17 7 7 7 8 4 4 7 7 4 17 10 4 5 8 18 7
split_gain=564.852 196.805 181.772 151.915 97.9607 77.2704 48.4529 47.6739 43.5576 37.2127 50.6465 42.4417 37.2574 29.5964 28.8299 27.4215 26.0687 40.0392 22.7787 22.4914 21.7418 20.3776 19.6374 25.3265 20.3801 19.4527 19.0275 27.7734 18.7471 18.1766
threshold=2970.5000000000005 2.5000000000000004 1.0000000180025095e-35 4721.5000000000009 0.038968119222907653 2107.5000000000005 0.03256019794322431 0.12326681555627843 12869.000000000002 12869.000000000002 8031.5000000000009 0.27621132483933553 1.0000000180025095e-35 1.0000000180025095e-35 3333.5000000000005 1034.5000000000002 5314.0000000000009 1.0000000180025095e-35 2.5000000000000004 2.5000000000000004 2648.5000000000005 1736.5000000000002 5.5000000000000009 1.0000000180025095e-35 1.0000000180025095e-35 5.5000000000000009 1.5000000000000002 0.041149139531945732 1.0000000180025095e-35 1283.5000000000002
decision_type=2 2 2 2 2 2 2 2 2 2 2 2 2 2 2 2 2 2 2 2 2 2 2 2 2 2 2 2 2 2
left_child=1 -1 5 14 8 7 20 25 16 10 11 12 -6 15 18 -9 17 -5 -2 28 -4 -17 23 -8 -25 -3 27 -7 -12 -26
right_child=3 2 6 4 9 26 22 13 -10 -11 19 -13 -14 -15 -16 21 -18 -19 -20 -21 -22 -23 -24 24 29 -27 -28 -29 -30 -31
leaf_value=0.059341226582239594 0.070175622587720865 0.038828360080580111 0.016851068189517104 -0.020663467619343512 -0.031388801765418285 0.062134679043916431 -0.037508896005809617 0.054162814112750306 -0.062826950323318517 -0.062373532415042204 -0.024955339955062005 -0.057527435023133004 0.034024941868687854 0.073389044972596781 -0.056044701784302854 -0.04884873626169605 0.044485376362893493 0.086441236850137465 -0.0289320005450448 0.063238784139147644 -0.077926566463681443 -0.0059872659809601285 -0.058743856567898871 -0.021476794383452874 0.10715025270635688 -0.031606820115690833 0.046560052065553324 -0.049143388541203911 0.033973223139179248 0.011467412549052456
leaf_weight=285.18465486168861 6.6596645563840857 94.131271541118622 93.858988702297211 42.921876505017281 65.359830483794212 9.9324879646301287 111.96870686113834 11.264208033680914 14.122721642255781 58.461391255259514 31.352240160107613 87.398744061589241 32.637644752860069 9.0815398246049863 370.66202768683434 56.239431887865067 97.028139218688011 10.952441051602362 44.793856590986252 19.2182856798172 6.4679195433855048 54.70415686070919 49.78852604329586 37.863859489560127 6.6735651195049313 10.942049056291578 324.3673307299614 12.876513287425039 23.698030203580856 19.369476437568665
leaf_count=1691 33 472 400 194 283 48 529 55 87 368 131 476 139 43 2163 257 470 49 218 87 27 237 242 179 31 47 1705 57 100 87
internal_value=0.000527326 0.0231001 0.0117367 -0.0292629 -0.0101178 0.0284435 -0.0181692 0.00639252 0.0211415 -0.0263333 -0.0182191 -0.0321954 -0.00960303 -0.0136962 -0.0511762 -0.0201677 0.0289999 0.00111051 -0.0161044 0.0166697 0.0107409 -0.0277146 -0.0310222 -0.0231745 0.00194029 0.0314934 0.0434561 -0.00068585 0.000412217 0.0359863
internal_weight=2099.98 1194.71 909.53 905.267 483.151 583.539 325.991 236.363 165.025 318.126 259.665 185.396 97.9975 131.289 422.116 122.208 150.902 53.8743 51.4535 74.2686 100.327 110.944 225.664 175.876 63.9069 105.073 347.176 22.809 55.0503 26.043
internal_count=10905 6107 4416 4798 2384 2921 1495 1111 800 1584 1216 898 422 592 2414 549 713 243 251 318 427 494 1068 826 297 519 1810 105 231 118
is_linear=0
shrinkage=0.05


Tree=20
num_leaves=31
num_cat=0
split_feature=7 4 0 7 7 4 7 4 16 17 6 4 13 7 7 2 6 7 5 12 3 7 5 10 4 4 3 17 1 7
split_gain=517.985 185.271 158.783 138.931 125.987 69.4943 64.1791 48.7039 47.7806 54.8509 36.6624 35.8803 37.4367 33.6435 33.0394 32.4503 30.6972 29.3443 25.4056 25.1138 21.3903 21.3435 20.5949 19.9305 17.9831 16.7945 16.3718 17.129 16.3206 15.8593
threshold=2970.5000000000005 2.5000000000000004 1.0000000180025095e-35 5314.0000000000009 12869.000000000002 2.5000000000000004 2119.5000000000005 3.5000000000000004 1.0000000180025095e-35 1.0000000180025095e-35 1.5000000000000002 5.5000000000000009 1.0000000180025095e-35 1034.5000000000002 1475.5000000000002 2.5000000000000004 3.5000000000000004 911.50000000000011 1.5000000000000002 1.0000000180025095e-35 2.5000000000000004 1751.5000000000002 1.5000000000000002 1.0000000180025095e-35 4.5000000000000009 5.5000000000000009 1.0000000180025095e-35 1.0000000180025095e-35 1.5000000000000002 5532.5000000000009
decision_type=2 2 2 2 2 2 2 2 2 2 2 2 2 2 2 2 2 2 2 2 2 2 2 2 2 2 2 2 2 2
left_child=1 -1 6 5 7 16 8 10 9 13 -5 12 17 -3 -15 20 19 -4 -16 26 -12 -19 -23 -14 -20 -8 27 -2 -24 -9
right_child=3 2 11 4 -6 -7 25 29 -10 -11 15 -13 23 14 18 -17 -18 21 24 -21 -22 22 28 -25 -26 -27 -28 -29 -30 -31
leaf_value=0.058007531137454327 -0.037969392209710011 0.059649276201193029 0.068577721136350064 -0.043178845180307429 -0.06170761334153757 -0.051681492489469898 0.045382297416917829 -0.026853970529082668 0.070421693696305479 0.068433736790333113 0.024287729106593686 -0.051392685768020502 0.01717201381537006 -0.051520082229063749 -0.049477270284639677 -0.073218942064227271 0.10595383101408436 -0.042124163731533826 0.024370305133247169 0.054145471508570887 -0.052239378433080644 -0.055831353665660721 -0.034375075595241784 0.1087870695236452 -0.018563317204756742 0.0054356943586130278 0.046565885134734558 0.021722255451240711 0.011463343463632673 0.066614021646370244
leaf_weight=273.20925031602383 76.203726515173912 16.139617785811424 9.3256304711103422 34.841020956635475 68.790413841605186 466.00790549814701 290.11939059197903 5.0202406197786322 26.962163746356964 25.676762476563454 139.84402990341187 61.129459664225578 44.731205388903618 47.222913682460785 23.502538830041885 10.120697170495985 5.584003120660781 80.580000683665276 64.364488422870636 11.978920385241507 9.7690269351005536 19.719220474362373 25.941923052072525 6.8447968661785117 39.270861357450485 28.935783430933952 7.8850183039903632 14.268730476498602 77.22364054620266 47.280648708343506
leaf_count=1674 384 84 48 157 448 2721 1556 22 139 134 637 291 201 215 105 44 24 401 308 56 42 94 113 31 176 142 35 63 326 229
internal_value=-5.16933e-05 0.0220028 0.0109214 -0.0285757 -0.00186719 -0.0430638 0.027012 0.014807 0.00765984 -0.000167972 0.00329305 -0.0168701 -0.00888747 -0.00941451 -0.0158074 0.0134295 -0.00841989 -0.0181507 -0.00254257 -0.0142082 0.0192909 -0.0221258 -0.00901222 0.0293305 0.00810134 0.0417595 -0.022533 -0.0285552 -6.31456e-05 0.0576422
internal_weight=2058.49 1160.9 887.69 897.594 315.666 581.928 562.195 246.876 243.139 216.177 194.575 325.496 264.366 190.5 174.361 159.734 115.92 212.79 127.138 110.336 149.613 203.465 122.885 51.576 103.635 319.055 98.3575 90.4725 103.166 52.3009
internal_count=10900 6038 4364 4862 1579 3283 2859 1131 1161 1022 880 1505 1214 888 804 723 562 982 589 538 679 934 533 232 484 1698 482 447 439 251
is_linear=0
shrinkage=0.05


Tree=21
num_leaves=31
num_cat=0
split_feature=8 4 5 5 6 4 3 8 18 8 4 8 6 14 19 0 10 11 13 14 6 18 15 15 18 6 0 0 16 11
split_gain=215.566 116.21 84.6413 66.5968 55.6345 43.2633 42.4439 49.3905 53.8745 28.2888 25.3238 21.6595 21.293 20.7297 19.5388 18.6858 18.4207 26.8819 29.9458 24.6383 16.8162 16.4718 20.3113 16.4051 15.1879 14.2906 14.0543 13.4288 13.0712 12.9429
threshold=0.038968119222907653 4.5000000000000009 1.5000000000000002 1.5000000000000002 1.5000000000000002 5.5000000000000009 2.5000000000000004 0.39154825900979523 1.0000000180025095e-35 1.0000000180025095e-35 5.5000000000000009 0.024498552749877209 1.5000000000000002 1.0000000180025095e-35 1.0000000180025095e-35 1.0000000180025095e-35 1.0000000180025095e-35 1.0000000180025095e-35 1.0000000180025095e-35 1.0000000180025095e-35 1.5000000000000002 1.0000000180025095e-35 1.0000000180025095e-35 1.0000000180025095e-35 1.0000000180025095e-35 1.0000000180025095e-35 1.0000000180025095e-35 1.0000000180025095e-35 1.0000000180025095e-35 1.0000000180025095e-35
decision_type=2 2 2 2 2 2 2 2 2 2 2 2 2 2 2 2 2 2 2 2 2 2 2 2 2 2 2 2 2 2
left_child=3 2 21 12 25 9 7 8 13 20 16 -11 -1 23 -9 -13 -3 18 19 -18 29 -2 -23 -6 -16 -4 -22 28 -14 -5
right_child=1 10 4 5 6 -7 -8 14 -10 11 -12 15 27 -15 24 -17 17 -19 -20 -21 26 22 -24 -25 -26 -27 -28 -29 -30 -31
leaf_value=-0.076548744480750178 -0.049106211778554842 -0.034858249442175075 -0.070011680285852154 -0.017495038062000309 -0.0077348231240743541 -0.013238727439231282 -0.067684095062154129 -0.012648863776171346 0.045273285404893504 0.069603324595678792 -0.049019387625351754 0.058588617481956179 -0.00095549338176227389 0.036824466562925449 0.0015949139463651521 -0.0054071354107451449 -0.030153357891085641 0.093328932678274912 0.089771890141311247 0.077560956648600798 0.037409898762228493 -0.024225442625004159 0.081665697968393028 0.024321281293112906 0.072530525530905623 -0.020107116494125082 0.016740393453381922 -0.030577335898682209 0.071881046244101257 0.03634925828523608
leaf_weight=12.759824171662329 92.277646198868752 141.03173951804638 16.83083239197731 34.650024697184563 145.94237031042576 55.916564702987671 16.952711760997772 189.55045096576214 161.10286770761013 79.371500864624977 169.97762767970562 22.657714784145355 39.714768022298813 50.65254171192646 18.914421617984772 22.969995751976967 71.216784581542015 6.3449293673038474 6.4830183982849112 5.7365285009145728 244.33359244465828 60.155878603458405 4.897199645638465 54.934470251202583 12.55436021089554 97.141046091914177 123.96791277825832 34.966431736946106 7.2904009968042365 16.463612094521523
leaf_count=67 501 775 90 183 749 283 90 1039 879 433 928 129 210 262 104 118 383 31 32 28 1402 326 24 302 69 529 627 182 40 85
internal_value=-4.92836e-05 -0.0118963 -0.0021244 0.0224954 0.0047481 0.0286434 0.0103932 0.0124821 0.0226985 0.0329451 -0.0343737 0.0538228 -0.0164659 0.00823956 -0.00659154 0.0263717 -0.0235882 -0.00588471 -0.0134294 -0.0221237 0.0267229 -0.0355225 -0.016254 0.00103167 0.0298944 -0.0274768 0.0304527 -0.00711327 0.0103413 -0.000151885
internal_weight=2017.76 1322.7 921.907 695.062 764.576 600.331 650.604 633.651 412.632 544.414 400.791 124.999 94.7314 251.529 221.019 45.6277 230.813 89.7813 83.4363 76.9533 419.415 157.331 65.0531 200.877 31.4688 113.972 368.302 81.9716 47.0052 51.1136
internal_count=10900 7141 4964 3759 4113 3260 3494 3404 2192 2977 2177 680 499 1313 1212 247 1249 474 443 411 2297 851 350 1051 173 619 2029 432 250 268
is_linear=0
shrinkage=0.05


Tree=22
num_leaves=31
num_cat=0
split_feature=7 4 0 7 7 4 7 8 4 8 6 2 6 17 8 7 8 17 7 7 4 13 10 8 0 14 8 19 4 4
split_gain=469.971 165.186 136.818 120.247 115.473 68.2196 62.2352 48.5945 45.1903 40.2615 31.5101 28.9803 27.9837 22.6311 22.2956 21.1126 20.5675 20.7124 28.9124 19.5223 19.2534 22.2962 21.4283 19.1034 19.1734 18.1006 16.8 16.7477 15.8494 15.7831
threshold=2892.5000000000005 2.5000000000000004 1.0000000180025095e-35 5314.0000000000009 12869.000000000002 2.5000000000000004 2119.5000000000005 0.15792459645776052 3.5000000000000004 0.024498552749877209 1.5000000000000002 2.5000000000000004 3.5000000000000004 1.0000000180025095e-35 0.4021351778769528 1034.5000000000002 0.057937491808450578 1.0000000180025095e-35 8107.5000000000009 3291.5000000000005 5.5000000000000009 1.0000000180025095e-35 1.0000000180025095e-35 0.046561868968970167 1.0000000180025095e-35 1.0000000180025095e-35 0.44750000000000006 1.0000000180025095e-35 4.5000000000000009 5.5000000000000009
decision_type=2 2 2 2 2 2 2 2 2 2 2 2 2 2 2 2 2 2 2 2 2 2 2 2 2 2 2 2 2 2
left_child=1 -1 6 5 8 12 7 28 10 -4 -5 16 14 15 25 -9 -12 18 -18 23 21 -11 -23 24 -7 -2 -8 -17 -3 -28
right_child=3 2 9 4 -6 19 26 13 -10 20 11 -13 -14 -15 -16 27 17 -19 -20 -21 -22 22 -24 -25 -26 -27 29 -29 -30 -31
leaf_value=0.056729301032972745 -0.011568188690978082 0.041575090944645204 0.012949410740501183 -0.040475863085039004 -0.060866598028252727 0.060202184987765167 0.047637126315795565 0.052922931109765238 0.055961377997648235 -0.027604537099149208 0.036238284999052656 -0.069733718439609862 0.093588173231005545 0.070789894522535299 -0.045634342020994298 -0.035924092447321629 -0.061351149069710453 0.038222415435227294 0.015358315528170425 -0.052887890140884297 -0.055411201580919313 0.00069276420512451753 0.11178787924134403 -0.043851082187516911 -0.041761659463677929 0.044549502468214881 0.028158418065640196 0.017558245648852177 0.00065610714488394497 -0.046835981834661283
leaf_weight=257.41322068870068 56.356227084994316 84.690943643450737 91.087566167116165 34.43242222070694 65.527937695384026 11.494640067219736 236.64635574817657 9.0045139044523221 50.61623826622963 144.96907636523247 75.183026820421219 10.074594333767889 6.5878354012966147 7.2171485573053351 34.766750857234001 86.551973193883896 22.378458306193352 22.924820587038994 27.230580285191536 410.68114311993122 45.733611434698105 28.875608325004578 5.1083368062973014 31.83278001844883 7.6982281506061545 19.286820337176323 55.380820348858833 17.617177739739418 32.841632425785065 8.0334406793117505
leaf_count=1655 262 452 392 157 448 51 1335 46 251 701 365 44 31 36 196 396 99 98 117 2534 235 133 23 161 40 92 283 81 150 36
internal_value=-4.5245e-05 0.0216203 0.0110348 -0.0271841 -0.00196555 -0.0406221 0.0263695 0.00727147 0.0139283 -0.0150911 0.00286019 0.0123168 -0.00651924 -0.0150554 -0.0124924 -0.0205298 0.0179128 -0.00108206 -0.019245 -0.0492638 -0.0264586 -0.0190595 0.0173922 -0.0200956 0.0193047 0.00274022 0.0415127 -0.0268791 0.0301413 0.018658
internal_weight=1998.24 1111.17 853.758 887.073 308.368 578.704 537.984 237.923 242.84 315.774 192.224 157.791 116.998 120.391 110.41 113.174 147.717 72.5339 49.609 461.707 224.687 178.953 33.9839 51.0256 19.1929 75.643 300.061 104.169 117.533 63.4143
internal_count=10900 5954 4299 4946 1579 3367 2815 1161 1131 1484 880 723 581 559 550 523 679 314 216 2786 1092 857 156 252 91 354 1654 477 602 319
is_linear=0
shrinkage=0.05


Tree=23
num_leaves=31
num_cat=0
split_feature=7 0 7 7 7 7 6 5 12 7 7 5 1 3 6 7 0 7 7 14 10 17 3 13 7 1 2 7 3 3
split_gain=433.812 136.347 113.847 75.0703 62.2697 50.774 47.6772 41.1928 39.0527 37.0993 33.009 32.5564 28.529 27.9924 26.2407 24.0287 22.7298 21.5198 30.4762 20.9528 27.9771 20.1526 20.0444 18.1677 16.9822 16.6741 15.9595 15.6285 15.6048 30.0767
threshold=2892.5000000000005 1.0000000180025095e-35 4721.5000000000009 12869.000000000002 8031.5000000000009 911.50000000000011 1.0000000180025095e-35 1.5000000000000002 1.0000000180025095e-35 1694.5000000000002 3392.5000000000005 1.5000000000000002 1.5000000000000002 2.5000000000000004 2.5000000000000004 1137.5000000000002 1.0000000180025095e-35 1680.5000000000002 1171.0000000000002 1.0000000180025095e-35 1.0000000180025095e-35 1.0000000180025095e-35 2.5000000000000004 1.0000000180025095e-35 1475.5000000000002 3.5000000000000004 1.0000000180025095e-35 1102.5000000000002 1.0000000180025095e-35 2.5000000000000004
decision_type=2 2 2 2 2 2 2 2 2 2 2 2 2 2 2 2 2 2 2 2 2 2 2 2 2 2 2 2 2 2
left_child=1 6 10 4 8 -3 -1 27 19 14 16 15 -11 17 -9 -8 21 18 -13 -4 -21 -2 -6 26 -20 -17 -16 -7 -12 -30
right_child=2 5 3 -5 22 7 11 9 -10 12 28 13 -14 -15 23 25 -18 -19 24 20 -22 -23 -24 -25 -26 -27 -28 -29 29 -31
leaf_value=-0.064864544932543289 -0.0073535494104916182 0.06230870741563832 -0.028226571296453867 -0.060225632471931148 0.033527662569685736 0.024293064128830547 0.056976535562206436 -0.055037458277049693 0.039291989474136563 -0.021996292461018491 -0.055051776730775437 0.050251858697713925 0.022146529578775994 -0.089181985555805143 0.068849535605814569 0.00043630930028400308 -0.047586913626450816 0.044781499411123415 -0.027318992622427055 -0.010651206752971886 0.086865547389441494 0.082833293671671152 -0.042845450323593937 0.043578132858392314 0.023287490682278068 -0.078139823208463244 -0.031848805214090621 -0.058460362113842479 0.082065065105269452 -0.052322906223540591
leaf_weight=12.025540217757223 33.244898870587349 27.373034670948982 200.70441569387913 62.978617072105408 115.28649987280369 6.4826937764883033 17.492968767881393 43.724404752254486 29.784016504883766 48.411717846989632 314.56325474381447 50.399447694420815 150.04576487839222 4.2047488987445822 4.4212930947542182 53.639404684305191 30.511156633496284 499.75364072620869 32.27044352889061 35.31121663749218 9.2900510281324369 7.6125737428665152 9.2829065918922407 15.090423449873922 34.089862287044525 7.7236988842487326 35.754833176732063 47.582149177789688 6.1939468234777459 12.700097233057022
leaf_count=58 166 169 1016 448 554 29 100 235 141 222 2039 308 702 20 23 267 174 2926 167 176 43 35 42 75 178 36 187 252 32 80
internal_value=-4.40319e-05 0.0209471 -0.0264319 -0.0094878 -0.0014925 -0.00328253 0.033848 -0.00839025 -0.0147735 -0.00109295 -0.0457957 0.0355448 0.0113783 0.0393893 -0.0260954 0.00528258 -0.0149341 0.0402662 0.0209399 -0.0213379 0.00966067 0.00945008 0.0278363 -0.00319782 -0.00132201 -0.00945397 -0.0207672 -0.0485377 -0.0524009 -0.00826712
internal_weight=1957.95 1090.49 867.464 462.638 399.659 378.886 711.6 351.513 275.09 297.448 404.826 699.574 198.457 620.718 98.991 78.8561 71.3686 616.513 116.76 245.306 44.6013 40.8575 124.569 55.2665 66.3603 61.3631 40.1761 54.0648 333.457 18.894
internal_count=10900 5954 4946 2420 1972 1894 4060 1725 1376 1444 2526 4002 924 3599 520 403 375 3579 653 1235 219 201 596 285 345 303 210 281 2151 112
is_linear=0
shrinkage=0.05


Tree=24
num_leaves=31
num_cat=0
split_feature=7 4 0 7 8 7 7 8 8 7 14 4 11 15 4 7 7 4 13 10 10 7 8 8 7 7 1 3 3 7
split_gain=399.257 155.836 115.221 107.845 74.2502 70.2234 57.0747 44.655 35.5717 31.8606 26.7117 25.1463 23.9004 24.205 19.5411 18.4118 42.182 18.1862 19.5721 18.8072 17.9001 17.8349 16.679 15.3951 15.2877 15.3084 22.0383 14.9997 27.1437 14.7791
threshold=2892.5000000000005 2.5000000000000004 1.0000000180025095e-35 4721.5000000000009 0.15515501200874957 12869.000000000002 2119.5000000000005 0.31942788265514288 0.024498552749877209 3392.5000000000005 1.0000000180025095e-35 3.5000000000000004 1.0000000180025095e-35 1.0000000180025095e-35 4.5000000000000009 8031.5000000000009 9893.0000000000018 5.5000000000000009 1.0000000180025095e-35 1.0000000180025095e-35 1.0000000180025095e-35 1034.5000000000002 0.44750000000000006 1.0000000180025095e-35 1034.5000000000002 1935.5000000000002 1.5000000000000002 1.0000000180025095e-35 2.5000000000000004 1876.5000000000002
decision_type=2 2 2 2 2 2 2 2 2 2 2 2 2 2 2 2 2 2 2 2 2 2 2 2 2 2 2 2 2 2
left_child=1 -1 6 9 5 10 7 14 23 11 12 -2 13 -5 -3 -6 -17 18 -10 29 -14 -9 -8 24 -4 -26 -27 -11 -29 -20
right_child=3 2 8 4 15 -7 22 21 17 27 -12 -13 20 -15 -16 16 -18 -19 19 -21 -22 -23 -24 -25 25 26 -28 28 -30 -31
leaf_value=0.05542956689446922 0.020755975618875658 0.033557348689802667 0.063635621125111105 -0.01635411338236608 -0.046307032521149656 -0.059570538376125505 0.045525971263748882 0.05348652251746553 -0.025982174096681659 -0.054161195986173007 0.047163843339908841 -0.039772884311713864 0.017480629088211918 0.03684005018694847 -0.0051065405993077108 0.024036598795546489 -0.059108672371914639 -0.053741990408723787 -0.033706649454707055 0.10456097130138704 0.079309737221008786 -0.031734631184041955 0.016168733480254487 0.074936867082327302 -0.029384331323676668 -0.041942913403988619 0.040020479158031544 0.075947721351136949 -0.051287630511132144 0.038062960573129384
leaf_weight=243.18514122068882 29.561653032898903 106.22491523623466 9.9106955826282483 100.18716633319855 115.08427193760872 34.813032880425453 225.50302137434483 6.7058153748512259 142.03645542263985 304.01719480752945 54.562223300337791 40.897824242711067 48.033055275678635 27.188983485102654 47.20073464512825 34.71832387149334 27.209385946393013 44.11250875890255 15.012634813785555 5.1242922991514197 15.478167966008185 72.664663925766945 61.597265318036079 8.8307309448719007 30.598417609930038 11.336308464407919 29.654922842979431 6.3538431972265252 12.318375736474991 13.736349463462828
leaf_count=1655 157 568 53 471 645 259 1335 35 701 2039 264 218 227 130 219 152 196 235 75 23 76 339 319 39 127 46 127 32 80 58
internal_value=-4.52344e-05 0.0202288 0.00991824 -0.0256358 -0.009126 0.00688612 0.0243096 0.00591195 -0.0141898 -0.0448385 0.0163119 -0.0143777 0.00749336 -0.00499959 0.0216626 -0.034478 -0.0124952 -0.0250361 -0.0178375 0.0163144 0.0325489 -0.0245345 0.0392274 0.0122287 0.00543416 -0.00262311 0.0173531 -0.0514896 -0.00799157 0.000585082
internal_weight=1923.86 1073.43 830.25 850.424 457.275 280.263 519.896 232.796 310.353 393.149 245.45 70.4595 190.887 127.376 153.426 177.012 61.9277 220.022 175.91 33.8733 63.5112 79.3705 287.1 90.3311 81.5003 71.5896 40.9912 322.689 18.6722 28.749
internal_count=10900 5954 4299 4946 2420 1427 2815 1161 1484 2526 1168 375 904 601 787 993 348 1092 857 156 303 374 1654 392 353 300 173 2151 112 133
is_linear=0
shrinkage=0.05


Tree=25
num_leaves=31
num_cat=0
split_feature=7 4 7 7 7 7 4 7 0 16 17 0 4 5 4 3 6 4 7 3 7 7 7 0 7 7 5 6 4 7
split_gain=371.122 170.093 103.368 89.6805 68.2672 53.0466 48.1168 37.6559 33.5477 26.6708 27.3661 25.6859 25.5645 23.906 23.5275 24.9134 23.4019 22.4685 30.1875 21.1408 21.0422 19.9378 19.5668 18.8443 18.3004 20.6619 16.6391 15.3201 15.0567 14.7234
threshold=2970.5000000000005 3.5000000000000004 4721.5000000000009 1971.5000000000002 12869.000000000002 8031.5000000000009 2.5000000000000004 911.50000000000011 1.0000000180025095e-35 1.0000000180025095e-35 1.0000000180025095e-35 1.0000000180025095e-35 5.5000000000000009 1.5000000000000002 3.5000000000000004 2.5000000000000004 3.5000000000000004 2.5000000000000004 3657.5000000000005 1.0000000180025095e-35 7096.5000000000009 1102.5000000000002 1751.5000000000002 1.0000000180025095e-35 1867.5000000000002 1034.5000000000002 1.5000000000000002 1.5000000000000002 5.5000000000000009 3291.5000000000005
decision_type=2 2 2 2 2 2 2 2 2 2 2 2 2 2 2 2 2 2 2 2 2 2 2 2 2 2 2 2 2 2
left_child=1 6 17 7 5 9 -1 -3 16 10 19 -12 22 21 15 27 26 18 -2 -4 -21 -8 -9 -11 25 -15 -5 -7 -18 -19
right_child=2 3 4 8 -6 14 13 12 -10 23 11 -13 -14 24 -16 -17 28 29 -20 20 -22 -23 -24 -25 -26 -27 -28 -29 -30 -31
leaf_value=0.055314975167031849 0.054868126068937532 0.062732729287670708 -0.036151706918050606 -0.015656447673863927 -0.059078426240883955 -0.028943135180102317 0.058701426431989494 -0.033730682805283276 -0.010570861066434076 0.097814409351607845 0.079137112215686756 -0.0076946508744247097 -0.060724473279158857 0.059370204006563204 0.065011672221607739 -0.064993206974853598 0.0054499663146458334 -0.021089984130148984 -0.036601689491139337 0.063764605132953608 -0.05291435957792856 -0.028661654891713597 0.0029846854202630019 0.0072088544902935946 0.040317344141938299 0.0021828864923398297 0.038762839679818653 0.030519163917646943 -0.077653357823743441 -0.054837400918296308
leaf_weight=236.47173449397087 11.895845100283621 11.410139068961142 158.90299481153488 15.364020347595213 60.824672691524029 12.752738982439039 8.2257965952157956 100.25452572107315 83.41316419839859 7.0434993654489508 10.977562829852102 37.994102776050568 52.558597043156624 19.703917309641838 28.390066862106323 9.217934310436247 27.965869978070259 36.644571647047997 37.312971442937851 10.959385454654695 5.9684245139360419 31.692436888813972 56.87447090446949 30.976920917630196 178.04763785004616 79.610817342996597 163.78883247077465 71.930837288498878 6.7698774337768546 273.84052762389183
leaf_count=1667 56 63 852 67 469 54 43 510 376 31 52 174 275 118 156 40 154 191 215 52 26 160 263 150 1005 390 928 342 32 1940
internal_value=-0.000294822 0.0189736 -0.0259376 -0.00160951 -0.00985256 -0.00207787 0.0382426 -0.0257248 0.0163246 -0.014736 -0.0212864 0.0117697 -0.0305383 0.0255185 0.0251264 0.0130675 0.0268134 -0.0458794 -0.0144896 -0.030493 0.0226258 -0.0106591 -0.0204412 0.023994 0.0307252 0.0135288 0.0340959 0.0215646 -0.0107466 -0.0508544
internal_weight=1877.78 1072.15 805.633 518.399 445.939 385.114 553.752 221.098 297.302 262.823 224.802 48.9717 209.688 317.281 122.292 93.9015 213.889 359.694 49.2088 175.831 16.9278 39.9182 157.129 38.0204 277.362 99.3147 179.153 84.6836 34.7357 310.485
internal_count=10851 6051 4800 2668 2398 1929 3383 1111 1557 1337 1156 226 1048 1716 592 436 1181 2402 271 930 78 203 773 181 1513 508 995 396 186 2131
is_linear=0
shrinkage=0.05


Tree=26
num_leaves=31
num_cat=0
split_feature=7 4 7 7 7 7 4 7 0 12 10 14 11 4 0 4 3 4 7 13 7 5 7 5 13 7 1 7 10 3
split_gain=342.282 157.967 97.969 81.9972 64.7749 48.4932 47.5128 34.7057 30.8147 26.6871 26.1669 31.1762 31.7961 24.2311 22.835 22.4149 22.5425 21.5814 27.6621 20.8763 18.2369 17.303 16.8782 19.9754 15.9989 15.9941 14.6676 14.6481 15.349 14.4596
threshold=2970.5000000000005 3.5000000000000004 4721.5000000000009 1971.5000000000002 12869.000000000002 8031.5000000000009 2.5000000000000004 911.50000000000011 1.0000000180025095e-35 1.0000000180025095e-35 1.0000000180025095e-35 1.0000000180025095e-35 1.0000000180025095e-35 5.5000000000000009 1.0000000180025095e-35 3.5000000000000004 2.5000000000000004 2.5000000000000004 3657.5000000000005 1.0000000180025095e-35 1694.5000000000002 1.5000000000000002 1102.5000000000002 1.5000000000000002 1.0000000180025095e-35 1102.5000000000002 3.5000000000000004 3291.5000000000005 1.0000000180025095e-35 1.0000000180025095e-35
decision_type=2 2 2 2 2 2 2 2 2 2 2 2 2 2 2 2 2 2 2 2 2 2 2 2 2 2 2 2 2 2
left_child=1 6 17 7 5 9 -1 -3 21 10 -4 12 19 20 -8 16 26 18 -2 29 25 -5 -16 -24 -25 -9 -7 28 -19 -12
right_child=2 3 4 8 -6 15 14 13 -10 -11 11 -13 -14 -15 22 -17 -18 27 -20 -21 -22 -23 23 24 -26 -27 -28 -29 -30 -31
leaf_value=0.054552980729472317 0.052571214175056939 0.061582472250736667 -0.03337579375213217 -0.020078798718388351 -0.058558138296645051 0.029080930272229716 0.034235891307852637 0.021067691795114762 -0.010063003260474849 0.032526009046121129 -0.034128033753840929 0.087100604096327916 0.083120396382149742 -0.059177359891285808 0.059261246889569998 0.063924359994250071 -0.06163190363819615 -0.048304522818704815 -0.035472730865938919 0.08089404479181822 -0.00032108474539876703 0.030333229185555279 -0.062617773404045438 -0.0050091082158219107 0.04748679983768464 -0.042959192019282409 -0.031296505608843672 -0.054084396950378644 0.017396546068283062 0.03626777457179188
leaf_weight=228.0012170150876 11.797336176037787 11.051221385598181 139.20389914512634 18.676152214407921 58.359234429895878 72.251178905367851 206.9306692481041 11.189487114548681 83.246078565716743 27.422427862882614 62.806611135601997 9.4125442802906019 8.4583611786365491 51.268981248140335 12.941384449601172 27.453095108270645 9.2341379672288877 20.794712767004967 36.59400749206543 4.8860357999801627 68.851631343364716 192.09387257695198 11.751643240451811 62.944543957710266 18.863249599933624 76.021659299731255 11.685811519622801 264.01998156309128 15.527044266462324 8.2531849443912488
leaf_count=1667 56 63 723 81 469 341 1213 49 376 134 336 44 40 275 68 156 40 113 215 22 320 1100 63 289 83 404 55 1940 78 38
internal_value=-0.000285153 0.0183546 -0.025208 -0.00154464 -0.00950395 -0.00199145 0.0371867 -0.0247528 0.0156935 -0.0141301 -0.0196207 0.000788882 -0.00883639 -0.0293547 0.0245539 0.0242174 0.0125177 -0.0449961 -0.0140085 -0.0190779 -0.0195575 0.0258663 0.00574193 -0.001661 0.0070954 -0.0347443 0.0206751 -0.0499888 -0.0202182 -0.025952
internal_weight=1841.99 1053.83 788.16 512.399 439.427 381.067 541.433 218.383 294.016 260.443 233.021 93.8167 84.4042 207.332 313.431 120.624 93.1711 348.733 48.3913 75.9458 156.063 210.77 106.501 93.5594 81.8078 87.2111 83.937 300.342 36.3218 71.0598
internal_count=10851 6051 4800 2668 2398 1929 3383 1111 1557 1337 1203 480 436 1048 1716 592 436 2402 271 396 773 1181 503 435 372 453 396 2131 191 374
is_linear=0
shrinkage=0.05


Tree=27
num_leaves=31
num_cat=0
split_feature=7 4 7 7 8 7 4 7 5 0 7 8 4 7 7 8 2 8 7 4 11 14 17 7 17 5 10 7 13 4
split_gain=315.976 143.495 86.1994 78.5614 62.4596 69.6947 44.8683 32.033 29.6406 28.9273 25.7138 24.9861 22.9275 22.3363 21.3882 21.2705 20.6147 20.542 22.6806 19.3629 19.0684 18.5609 17.9656 17.4148 14.1389 14.0711 13.6091 13.5185 12.8971 12.8869
threshold=2892.5000000000005 3.5000000000000004 4721.5000000000009 1971.5000000000002 0.30410917416037248 12869.000000000002 2.5000000000000004 911.50000000000011 1.5000000000000002 1.0000000180025095e-35 3392.5000000000005 0.11204720088264718 5.5000000000000009 2240.5000000000005 1034.5000000000002 0.54380178966833481 2.5000000000000004 0.051509839187185276 1694.5000000000002 3.5000000000000004 1.0000000180025095e-35 1.0000000180025095e-35 1.0000000180025095e-35 9032.5000000000018 1.0000000180025095e-35 1.5000000000000002 1.0000000180025095e-35 2252.5000000000005 1.0000000180025095e-35 2.5000000000000004
decision_type=2 2 2 2 2 2 2 2 2 2 2 2 2 2 2 2 2 2 2 2 2 2 2 2 2 2 2 2 2 2
left_child=1 6 10 7 5 8 -1 -3 23 15 19 -8 17 14 -13 -5 20 18 -9 25 21 26 -6 -4 -19 -2 -10 -11 -28 -12
right_child=2 3 4 9 22 -7 11 12 16 27 29 13 -14 -15 -16 -17 -18 24 -20 -21 -22 -23 -24 -25 -26 -27 28 -29 -30 -31
leaf_value=0.053752811192473209 -0.069917652810057671 0.0604994945575619 -0.042164164483537554 0.034231069688220532 -0.050963426239758663 -0.058066669995517656 0.037789380933908864 -0.028988719816627796 -0.017334535477333754 0.014167748992743409 -0.023104349450280059 0.061012649394449142 -0.0577026884746214 0.034802422326187861 -0.014480187043393947 -0.0067448452992365168 -0.045672888910787635 -0.041947375755459912 0.037681718224177541 -0.037146297933368239 0.042788936209580672 0.039477914916081491 0.017225384840031013 0.0407998589766502 0.0014490537434577889 0.03262210958667263 0.0076539046339393849 -0.02692224593172142 0.071690584405844249 -0.053277435905595083
leaf_weight=217.57110891491175 3.9042266011238125 10.695630975067614 36.263286054134369 163.46313597261906 89.977089047431946 43.040275946259499 157.80875776708126 23.573264360427856 54.568415939807892 35.507796078920364 41.345008358359337 10.598928228020666 49.983124494552612 53.445088490843773 81.725605458021164 39.28166452050209 12.488966226577757 78.692060053348541 27.800084471702576 38.355698153376579 66.942865893244743 42.912043064832687 10.821265153586863 7.6616480797529212 24.648348569869995 23.385857626795769 59.180491417646408 45.881860211491585 9.0674380213022214 245.58009292185307
leaf_count=1651 22 63 173 963 586 361 926 106 260 159 238 61 275 311 390 195 57 408 129 213 326 212 56 37 130 126 283 208 47 1879
internal_value=-0.000277617 0.0180685 -0.0241167 -0.00108042 -0.00916925 0.00129335 0.036423 -0.0238546 0.0101311 0.0161839 -0.0424708 0.024003 -0.0282621 0.00907792 -0.00581355 0.026292 0.016908 -0.0187508 0.0070892 -0.0142408 0.0202672 0.0111699 -0.043643 -0.0276931 -0.0315966 0.0179524 0.00127909 -0.00899595 0.0161618 -0.0489296
internal_weight=1806.17 1020.68 785.495 499.527 432.924 332.125 521.149 215.393 289.085 284.134 352.571 303.578 204.697 145.77 92.3245 202.745 245.16 154.714 51.3733 65.6458 232.671 165.728 100.798 43.9249 103.34 27.2901 122.816 81.3897 68.2479 286.925
internal_count=10851 5975 4876 2636 2398 1756 3339 1111 1395 1525 2478 1688 1048 762 451 1158 1185 773 235 361 1128 802 642 210 538 148 590 367 330 2117
is_linear=0
shrinkage=0.05


Tree=28
num_leaves=31
num_cat=0
split_feature=7 4 7 7 7 7 8 0 4 8 4 5 7 7 1 7 2 4 11 8 14 14 1 13 7 18 7 3 3 8
split_gain=291.291 134.051 85.3069 81.4904 71.3207 58.608 66.022 43.802 29.8593 28.5453 27.8329 26.9527 25.726 24.905 20.1057 19.0957 18.6857 17.7433 17.459 17.0224 19.3106 16.9438 16.7915 15.7497 15.6957 20.8449 15.538 15.5116 25.5772 15.2217
threshold=2892.5000000000005 2.5000000000000004 1867.5000000000002 4721.5000000000009 1034.5000000000002 12869.000000000002 0.30410917416037248 1.0000000180025095e-35 4.5000000000000009 0.22836930786730533 5.5000000000000009 1.5000000000000002 7746.0000000000009 3392.5000000000005 1.5000000000000002 1680.5000000000002 2.5000000000000004 3.5000000000000004 1.0000000180025095e-35 0.024498552749877209 1.0000000180025095e-35 1.0000000180025095e-35 2.5000000000000004 1.0000000180025095e-35 1171.0000000000002 1.0000000180025095e-35 2464.5000000000005 1.0000000180025095e-35 2.5000000000000004 0.10602580882527092
decision_type=2 2 2 2 2 2 2 2 2 2 2 2 2 2 2 2 2 2 2 2 2 2 2 2 2 2 2 2 2 2
left_child=1 -1 4 13 -3 6 11 10 9 15 -4 22 -8 17 -9 24 18 -2 21 26 23 -13 -5 -21 -6 -26 -16 -15 -29 -12
right_child=3 2 7 5 8 -7 12 14 -10 -11 29 16 -14 27 19 -17 -18 -19 -20 20 -22 -23 -24 -25 25 -27 -28 28 -30 -31
leaf_value=0.05304287617968953 0.017147044867221108 0.04703993734654785 0.035085451357367715 -0.0014383566716285677 0.035054558489406702 -0.05764252415133321 -0.055373467718146233 -0.031964011734166992 -0.045148633372409222 -0.040447233719425942 0.027926996920273131 0.0012221849662461355 0.009304834562569253 -0.051092278586254362 0.051793732637792279 0.033698366704692138 -0.04348417758320608 -0.035859125078327496 0.041031939679045802 -0.035560633693375865 0.051752869849995754 0.03785265550171623 -0.064963237343219266 0.024827320328585794 -0.044242120393935949 0.02465068594933717 -0.028515328547934746 0.08185321940283824 -0.047462686525668714 -0.035752938847261224
leaf_weight=209.65995062887669 27.131124570965767 42.016533315181732 315.05506473779678 26.300154015421867 14.579588070511816 53.775253422558308 65.844118818640709 41.311135366559029 96.634207785129547 50.939822122454643 15.853057891130446 122.52509254217148 20.057631134986877 260.844861112535 30.483992412686348 37.623194485902786 12.462361752986906 37.761231333017349 66.334625825285912 38.94058895111084 11.820705637335776 42.52678419649601 17.209617644548416 14.939501777291296 36.657480284571648 15.674658372998236 7.5058790892362586 5.9440512508153924 10.719505622982979 22.997801333665848
leaf_count=1651 148 248 1915 128 69 469 443 195 531 258 87 590 91 2007 135 189 57 213 326 177 53 212 82 63 187 77 32 30 80 108
internal_value=-0.000270582 0.0174872 0.00808707 -0.0234117 -0.0132709 -0.00884124 -0.00181049 0.0206784 -0.0233223 -0.00975636 0.0301615 0.00968685 -0.0402714 -0.0415836 -0.00246694 0.00519929 0.0161552 -0.0136975 0.0193673 0.00928491 -0.00612 0.0106603 -0.0265646 -0.0188167 -0.0108252 -0.0236072 0.0359266 -0.0481045 -0.00133446 -0.0097684
internal_weight=1772.13 1002.69 793.033 769.436 294.125 427.036 373.26 498.908 252.109 155.475 353.906 287.359 85.9017 342.401 145.002 104.535 243.849 64.8924 231.387 103.691 65.7008 165.052 43.5098 53.8801 66.9117 52.3321 37.9899 277.508 16.6636 38.8509
internal_count=10851 5975 4324 4876 1559 2398 1929 2765 1311 780 2110 1395 534 2478 655 522 1185 361 1128 460 293 802 210 240 333 264 167 2117 110 195
is_linear=0
shrinkage=0.05


Tree=29
num_leaves=31
num_cat=0
split_feature=7 4 7 7 7 7 5 7 3 4 4 12 7 10 14 11 4 0 3 13 13 4 7 3 3 5 5 7 6 5
split_gain=268.702 127.454 78.1833 76.9928 65.6169 55.6636 41.1445 40.7758 29.6277 27.72 27.2675 24.3901 24.2558 23.5405 26.9076 27.2335 21.2125 20.6953 20.13 17.8843 16.861 16.2548 16.0777 14.8332 23.0843 14.7767 14.3406 14.0871 13.2932 12.8933
threshold=2892.5000000000005 2.5000000000000004 1867.5000000000002 4721.5000000000009 1034.5000000000002 12869.000000000002 1.5000000000000002 8031.5000000000009 2.5000000000000004 4.5000000000000009 5.5000000000000009 1.0000000180025095e-35 3392.5000000000005 1.0000000180025095e-35 1.0000000180025095e-35 1.0000000180025095e-35 3.5000000000000004 1.0000000180025095e-35 2.5000000000000004 1.0000000180025095e-35 1.0000000180025095e-35 3.5000000000000004 1641.5000000000002 1.0000000180025095e-35 2.5000000000000004 1.0000000180025095e-35 3.5000000000000004 1171.0000000000002 1.5000000000000002 1.5000000000000002
decision_type=2 2 2 2 2 2 2 2 2 2 2 2 2 2 2 2 2 2 2 2 2 2 2 2 2 2 2 2 2 2
left_child=1 -1 4 12 -3 7 25 11 10 22 17 13 21 -5 15 19 18 -8 28 -15 26 29 27 -14 -25 -4 -19 -6 -9 -2
right_child=3 2 6 5 9 -7 8 16 -10 -11 -12 -13 23 14 -16 -17 -18 20 -20 -21 -22 -23 -24 24 -26 -27 -28 -29 -30 -31
leaf_value=0.052354827988136135 -0.069062601770729634 0.045738486571929603 0.069886264466654663 -0.031682410074101296 0.017970481597200157 -0.057214829052027932 0.038229026160176996 -0.027945007541512992 -0.077245290110720455 -0.04374586985536727 -0.0066280844933066414 0.031938093581888878 -0.050325976184834781 -0.023780203277864023 0.08316341756884589 0.079588155926220899 0.062504732827920989 -0.0069166068357177151 -0.058813084563611839 0.07729424270383578 0.048183740002215508 -0.034610548687233109 0.010716021618627482 0.076247018646813824 -0.046545838290608973 -0.030593973750072109 0.065616072439129869 -0.03172513434156559 0.027701473829240927 0.030192506500446921
leaf_weight=201.98942049592733 3.8052906841039684 41.075645565986633 3.9698310047388068 134.85517457872629 17.563534587621689 51.525283306837082 279.228820130229 12.688025951385496 6.9949806779623023 94.793637424707413 54.390000715851784 26.889697194099426 251.80590177327394 68.814822785556316 9.0314232409000379 8.0373247712850553 25.937519147992134 68.84212338924408 9.2121884524822217 4.6737703233957282 24.160710677504539 37.182271473109722 60.458612769842148 6.0589148253202447 10.392477266490459 46.722777739167213 7.5632422715425482 75.819940969347954 69.628595307469368 23.342015475034714
leaf_count=1651 22 248 19 723 83 469 1769 54 32 531 269 134 2007 374 44 40 156 302 40 22 105 213 300 30 80 236 33 397 342 126
internal_value=-0.000264956 0.0169496 0.00779967 -0.0227245 -0.0128058 -0.00852728 0.0199362 -0.00174292 0.0248381 -0.0224776 0.0264828 -0.0130722 -0.0407084 -0.0184415 0.00127637 -0.00779506 0.0225909 0.0312245 0.0112801 -0.017352 0.011776 -0.0131347 -0.00937258 -0.0473207 -0.00132222 -0.0227252 0.000263285 -0.0223784 0.0191243 0.0162797
internal_weight=1737.45 983.573 781.584 753.881 289.711 421.294 491.872 369.769 441.18 248.636 434.185 252.302 332.587 225.413 90.5573 81.5259 117.466 379.795 91.5288 73.4886 100.566 64.3296 153.842 268.257 16.4514 50.6926 76.4054 93.3835 82.3166 27.1473
internal_count=10851 5975 4324 4876 1559 2398 2765 1929 2510 1311 2478 1337 2478 1203 480 436 592 2209 436 396 440 361 780 2117 110 255 335 480 396 148
is_linear=0
shrinkage=0.05


Tree=30
num_leaves=31
num_cat=0
split_feature=7 4 7 4 18 8 7 8 8 15 19 17 7 7 5 7 7 4 17 14 7 7 8 18 8 7 5 0 8 6
split_gain=237.502 125.877 99.936 85.0324 64.3711 59.6321 52.2928 41.7601 28.4445 30.3178 31.0628 27.2734 26.7114 23.5339 22.8492 23.2013 19.812 18.9631 18.2034 17.4353 17.1634 16.6896 16.0873 15.9139 23.3202 19.2833 17.9943 14.9128 14.3996 14.3001
threshold=2892.5000000000005 5.5000000000000009 4721.5000000000009 2.5000000000000004 1.0000000180025095e-35 0.12128419810593716 12869.000000000002 0.035770800379660912 0.1940853065540428 1.0000000180025095e-35 1.0000000180025095e-35 1.0000000180025095e-35 2312.5000000000005 3392.5000000000005 1.5000000000000002 2017.5000000000002 1102.5000000000002 2.5000000000000004 1.0000000180025095e-35 1.0000000180025095e-35 1171.0000000000002 1601.5000000000002 0.54380178966833481 1.0000000180025095e-35 1.0000000180025095e-35 5314.0000000000009 1.5000000000000002 1.0000000180025095e-35 0.019830051785312244 1.5000000000000002
decision_type=2 2 2 2 2 2 2 2 2 2 2 2 2 2 2 2 2 2 2 2 2 2 2 2 2 2 2 2 2 2
left_child=1 3 13 -1 7 6 19 -5 -6 10 11 12 -10 17 16 20 -9 -2 22 23 -16 -22 29 26 25 -25 -4 -20 -19 -7
right_child=2 -3 5 4 8 18 -8 14 9 -11 -12 -13 -14 -15 15 -17 -18 28 27 -21 21 -23 -24 24 -26 -27 -28 -29 -30 -31
leaf_value=0.05170436415773999 0.056949237717237006 -0.034907940773030152 -0.048606539243808561 0.023219583969435256 0.043846570967893433 -0.058893011191797566 -0.056788991310709538 0.039894657743502829 -0.032828712202042053 0.074714481242457137 0.070924024901562369 0.076778459211961039 0.018326586649665542 -0.048746344215004289 0.031056864379432919 0.013773587768605995 -0.062202333533116785 0.010302496563090858 0.089199926895377396 0.046359152022241917 -0.056844917167836462 -0.012485891338749961 -0.057973591784295356 -0.03518981230355759 0.067391347051833125 0.041081369512617372 0.0088094985075756905 -0.0067758400287530295 -0.043116018361767379 -0.013624702713753392
leaf_weight=195.49558566510677 8.0129683464765531 106.48202162981033 16.022961437702179 116.29866587370634 174.32183131575584 21.852155290544033 25.277158848941326 5.5152622014284125 59.787330642342567 18.075187966227531 15.963577024638651 9.6708315908908826 44.521137699484825 260.53353583067656 13.202695928514002 80.611118525266647 34.318397417664528 18.966114692389965 5.0715371817350414 46.455530852079391 35.102511137723923 53.554505556821823 46.260721139609814 15.915569037199019 26.541482880711555 17.289435967803001 91.993072718381882 20.042837254703045 37.67641681432724 86.517369411885738
leaf_count=1661 49 578 77 617 1111 140 241 27 306 104 95 58 263 2133 71 416 199 98 22 240 210 250 332 80 131 94 453 104 220 503
internal_value=-3.54203e-05 0.0163614 -0.0212447 0.0227358 0.0141673 -0.0051102 0.0112263 -0.00105724 0.03016 0.0140413 0.00560163 -0.00354721 -0.0109945 -0.0420456 -0.0137577 -0.00626805 -0.0480663 -0.0150448 -0.0268772 0.0192519 -0.0221289 -0.0300492 -0.0332898 0.0117456 0.0324517 0.00452365 0.000292476 0.0126053 -0.0252294 -0.0227528
internal_weight=1707.35 962.921 744.429 856.439 660.943 419.24 239.495 338.603 322.34 148.018 129.943 113.979 104.308 325.189 222.304 182.471 39.8337 64.6555 179.745 214.218 101.86 88.657 154.63 167.763 59.7465 33.205 108.016 25.1144 56.6425 108.37
internal_count=10883 5966 4917 5388 3727 2417 1316 1790 1937 826 722 627 569 2500 1173 947 226 367 1101 1075 531 460 975 835 305 174 530 126 318 643
is_linear=0
shrinkage=0.05


Tree=31
num_leaves=31
num_cat=0
split_feature=7 4 7 4 18 7 8 8 15 8 19 14 10 7 5 7 18 8 7 7 7 4 11 7 7 12 11 8 16 7
split_gain=219.038 116.58 94.2405 80.5635 59.5621 56.1707 63.0084 38.0738 27.2702 32.0028 29.1092 24.5846 23.7247 22.7515 21.3481 21.1741 19.7285 21.7041 19.2044 18.4249 17.9399 17.5053 16.0835 15.6934 15.9886 14.9176 13.4689 13.3661 12.3903 12.3674
threshold=2892.5000000000005 2.5000000000000004 4721.5000000000009 5.5000000000000009 1.0000000180025095e-35 12869.000000000002 0.31942788265514288 0.035770800379660912 1.0000000180025095e-35 0.1940853065540428 1.0000000180025095e-35 1.0000000180025095e-35 1.0000000180025095e-35 3392.5000000000005 1.5000000000000002 2017.5000000000002 1.0000000180025095e-35 0.024498552749877209 8853.0000000000018 1102.5000000000002 2119.5000000000005 2.5000000000000004 1.0000000180025095e-35 1171.0000000000002 1601.5000000000002 1.0000000180025095e-35 1.0000000180025095e-35 0.019830051785312244 1.0000000180025095e-35 9032.5000000000018
decision_type=2 2 2 2 2 2 2 2 2 2 2 2 2 2 2 2 2 2 2 2 2 2 2 2 2 2 2 2 2 2
left_child=1 -1 13 4 7 6 11 -3 9 -6 12 16 20 21 19 23 17 -4 -8 -9 -11 -2 -22 -16 -25 29 -14 -23 -17 -19
right_child=2 3 5 -5 8 -7 18 14 -10 10 -12 -13 26 -15 15 28 -18 25 -20 -21 22 27 -24 24 -26 -27 -28 -29 -30 -31
leaf_value=0.051053877847352262 0.055725878700805968 0.022241281396423521 0.019626989230736247 -0.03337436663602502 0.039515754039825442 -0.056522219753222726 -0.045394439093299391 0.03830036347675507 0.067784773856823188 -0.052864714699845654 0.069863203897109913 0.041371818836772961 0.011771823138506401 -0.047969344233156117 0.029685310763131252 0.0016738122051661653 0.02440501331456886 -0.033957126103880221 0.039210157990143046 -0.060782195465413691 -0.031040233947514824 0.0097672395813425614 0.039116211103849344 -0.055730659947235452 -0.011887822630305614 0.038096504965227297 0.087404247430457244 -0.041845539525768194 0.046775148136492917 0.032504083396801726
leaf_weight=188.27067817002535 7.7852492630481711 115.36770100146532 52.219300121068954 105.82333227247 147.66082920134068 46.786946460604668 72.62147468328476 5.4590523242950431 40.051196381449699 29.019411012530327 15.409719973802565 58.975608170032501 44.396944463253021 251.74001302570105 13.124112233519552 60.038179934024811 83.97974357008934 74.198286533355713 7.3898987621068946 33.387983173131943 17.85303807258606 19.004200734198093 15.061095148324965 34.041178017854691 53.439373806118965 9.6309343874454481 6.7862307727336875 36.899300597608089 20.403030917048454 7.7288476079702368
leaf_count=1661 49 617 272 578 959 460 498 27 256 148 95 302 244 2133 71 314 420 348 34 199 105 98 90 210 250 46 40 220 102 37
internal_value=-3.46564e-05 0.0158428 -0.0206306 0.00708927 0.0136618 -0.00492932 0.00165258 -0.00102118 0.029228 0.0236367 0.00539359 0.0126003 -0.00338901 -0.0412151 -0.0132259 -0.00600938 0.00515021 -0.00609643 -0.0375803 -0.0468584 -0.0242055 -0.0145177 0.00106248 -0.0212994 -0.0289483 -0.0207675 0.0217997 -0.0243 0.0131133 -0.0276873
internal_weight=1674.55 945.593 728.96 757.322 651.499 413.531 366.744 335.261 316.238 276.187 128.526 286.733 113.117 315.429 219.893 181.046 227.757 143.777 80.0114 38.847 61.9335 63.6888 32.9141 100.605 87.4806 91.5581 51.1832 55.9035 80.4412 81.9271
internal_count=10883 5966 4917 4305 3727 2417 1957 1790 1937 1681 722 1425 627 2500 1173 947 1123 703 532 226 343 367 195 531 460 431 284 318 416 385
is_linear=0
shrinkage=0.05


Tree=32
num_leaves=31
num_cat=0
split_feature=7 4 7 4 6 7 18 17 16 5 7 7 15 19 17 16 7 7 7 7 7 16 4 18 17 15 18 15 16 10
split_gain=201.967 110.901 88.8395 73.4491 56.0735 53.1748 49.2572 35.8418 37.8326 27.5772 23.9391 35.3106 23.8887 27.2444 27.1177 31.0666 27.9712 21.9868 20.0622 18.76 16.4817 16.1779 16.1621 15.1204 14.8688 13.1206 12.9202 13.7229 12.4249 12.3252
threshold=2892.5000000000005 2.5000000000000004 4721.5000000000009 5.5000000000000009 1.0000000180025095e-35 12869.000000000002 1.0000000180025095e-35 1.0000000180025095e-35 1.0000000180025095e-35 1.5000000000000002 1694.5000000000002 1171.0000000000002 1.0000000180025095e-35 1.0000000180025095e-35 1.0000000180025095e-35 1.0000000180025095e-35 2119.5000000000005 3392.5000000000005 1102.5000000000002 1102.5000000000002 9032.5000000000018 1.0000000180025095e-35 2.5000000000000004 1.0000000180025095e-35 1.0000000180025095e-35 1.0000000180025095e-35 1.0000000180025095e-35 1.0000000180025095e-35 1.0000000180025095e-35 1.0000000180025095e-35
decision_type=2 2 2 2 2 2 2 2 2 2 2 2 2 2 2 2 2 2 2 2 2 2 2 2 2 2 2 2 2 2
left_child=1 -1 17 4 -3 7 9 8 20 18 11 -11 13 14 15 16 19 22 -6 -8 29 -12 -2 25 -23 -10 27 28 -9 -4
right_child=2 3 5 -5 6 -7 12 26 23 10 21 -13 -14 -15 -16 -17 -18 -19 -20 -21 -22 24 -24 -25 -26 -27 -28 -29 -30 -31
leaf_value=0.050418014752034349 0.054543413328448011 -0.077468792696177957 -0.030386207914639946 -0.031905994381081486 0.047737300708628937 -0.05616411950933381 0.049035393534574312 0.0038142748418053211 0.0045437802348107471 0.03279291620638769 0.0072101138027450985 -0.04255777684886719 0.066906672703649223 0.064762131865574155 0.066332268790652738 0.065693072943822914 0.023571812921610712 -0.047204055922289635 -0.044781659828185195 -0.024416113030518723 0.027469229350552477 0.02773094263738168 -0.023401384620181525 0.076818277765823673 0.09609425719060706 0.082322203650970593 0.071627173368634611 0.076437486285858267 0.072472059050891352 -0.004407664749122386
leaf_weight=181.29022922366858 7.5620280951261512 16.622880414128304 127.53020843863487 105.1757003441453 6.7788704186677924 44.781692303717136 9.8364669382572156 54.336086094379425 39.911221668124199 23.478366307914257 136.85368233919144 46.029538333415985 38.251574851572514 36.549841612577438 26.057647250592709 23.93681276589632 95.808821611106396 243.24670722335577 43.201111361384392 74.781564697623253 19.163326621055603 55.028794780373573 55.181803032755852 12.645014449954031 9.2975836247205716 6.2746572941541663 15.134496495127676 9.5850397348403913 7.4989586323499671 71.117065608501434
leaf_count=1661 49 89 719 578 37 460 62 263 203 139 723 267 254 245 177 156 631 2133 245 384 103 277 318 65 41 31 80 48 42 403
internal_value=-3.44928e-05 0.0153341 -0.0200314 0.00682744 0.0131679 -0.0047568 0.0155751 0.00158167 -0.00720412 0.00189034 0.00819092 -0.0171058 0.0299523 0.0246575 0.018296 0.0121711 0.00507046 -0.040397 -0.0322332 -0.0158777 -0.0168138 0.016931 -0.0140073 0.0283739 0.037612 0.0151105 0.0296624 0.0207697 0.0121407 -0.0210857
internal_weight=1642.95 928.979 713.968 747.689 642.514 407.978 625.891 363.196 276.641 320.668 270.688 69.5079 305.223 266.971 230.421 204.364 180.427 305.991 49.98 84.618 217.811 201.18 62.7438 58.8309 64.3264 46.1859 86.5546 71.4201 61.835 198.647
internal_count=10883 5966 4917 4305 3727 2417 3638 1957 1524 1729 1447 406 1909 1655 1410 1233 1077 2500 282 446 1225 1041 367 299 318 234 433 353 305 1122
is_linear=0
shrinkage=0.05


Tree=33
num_leaves=31
num_cat=0
split_feature=7 4 7 4 7 8 7 7 5 8 14 7 3 7 7 5 4 10 11 8 5 1 12 10 9 7 8 7 11 15
split_gain=186.025 105.46 83.7788 66.9755 50.8053 56.8994 49.491 40.885 29.7513 26.7242 23.031 21.3951 20.6739 20.3869 19.0495 20.8429 18.5563 17.9002 30.9832 17.5444 20.2932 15.4185 14.9447 15.8055 14.2602 13.507 12.8662 12.5044 12.0031 11.5048
threshold=2892.5000000000005 2.5000000000000004 4721.5000000000009 5.5000000000000009 9893.0000000000018 0.31942788265514288 2005.5000000000002 1102.5000000000002 1.5000000000000002 0.043934788671410534 1.0000000180025095e-35 3435.5000000000005 2.5000000000000004 8853.0000000000018 9032.5000000000018 1.5000000000000002 2.5000000000000004 1.0000000180025095e-35 1.0000000180025095e-35 0.064011150828225283 1.5000000000000002 1.5000000000000002 1.0000000180025095e-35 1.0000000180025095e-35 1.0000000180025095e-35 1283.5000000000002 0.019830051785312244 1475.5000000000002 1.0000000180025095e-35 1.0000000180025095e-35
decision_type=2 2 2 2 2 2 2 2 2 2 2 2 2 2 2 2 2 2 2 2 2 2 2 2 2 2 2 2 2 2
left_child=1 -1 11 6 5 10 7 -3 -9 27 14 16 19 -7 15 -4 -2 24 21 -8 -21 -19 23 -17 -11 -23 -18 -10 29 -25
right_child=2 3 4 -5 -6 13 12 8 9 17 -12 -13 -14 -15 -16 22 26 18 -20 20 -22 25 -24 28 -26 -27 -28 -29 -30 -31
leaf_value=0.049794753135867634 0.055479473410809492 0.042453806412331901 -0.035968029077775965 -0.030499620696699137 -0.052046264684119853 -0.044069190270535928 0.040171016452052427 -0.048241516254055934 -0.017514429188109675 -0.03896325911532586 0.040846540321233277 -0.046768867763723437 -0.079901669424417426 0.046910549835263542 0.052810494529288224 -0.014338044595100808 0.0085893507622805867 -0.052617765520897843 0.11660558522779525 -0.034346688349912169 0.022307727472167038 0.083937390799177225 0.044659203880001823 -0.00091817138110657128 0.024394981333519316 -0.0019302458615788568 -0.04121375790488304 0.033747297907710382 0.075314058940529172 0.049419110485820768
leaf_weight=174.55261304229498 8.275985047221182 43.453582286834717 32.485835298895836 104.54074410349131 49.446741461753845 69.930431321263313 145.86913733929396 42.43185269087553 15.153508320450781 68.447502352297306 57.2766108289361 230.56922330707312 4.5722277760505667 6.7519928961992255 19.215141758322716 74.237326368689537 19.49801654368639 13.372378170490263 5.6890819966793051 17.408475205302238 171.71217112243176 5.2763717025518408 23.612325951457024 47.160815641283989 10.20506279915571 34.686764642596245 38.72282961755991 55.348474837839603 8.2716159373521787 14.949243530631064
leaf_count=1661 53 276 163 578 496 498 962 244 68 372 298 2095 21 32 107 357 103 73 27 92 1036 28 118 231 52 171 249 305 44 73
internal_value=-3.01552e-05 0.0148438 -0.019413 0.00657908 -0.00457224 0.00206097 0.0126966 -0.00231939 -0.0100826 -0.00230496 0.0126056 -0.0395628 0.0257007 -0.0360583 0.00525091 0.000697916 -0.0145765 -0.0151245 0.0056872 0.027142 0.0170927 -0.00614401 0.00777819 0.00175653 -0.0307426 0.00940694 -0.0245348 0.0227292 0.0187328 0.0111975
internal_weight=1613.12 912.72 700.404 738.167 403.338 353.891 633.627 294.065 250.611 208.179 277.209 297.066 339.562 76.6824 219.932 200.717 66.4968 137.677 59.0246 334.99 189.121 53.3355 168.231 144.619 78.6526 39.9631 58.2208 70.502 70.3817 62.1101
internal_count=10883 5966 4917 4305 2417 1921 3727 1616 1340 1096 1391 2500 2111 530 1093 986 405 723 299 2090 1128 272 823 705 424 199 352 373 348 304
is_linear=0
shrinkage=0.05


Tree=34
num_leaves=31
num_cat=0
split_feature=7 4 7 4 6 7 18 17 16 0 7 7 15 19 17 16 7 7 7 0 7 18 19 15 0 17 5 7 16 17
split_gain=171.416 100.34 78.933 61.0194 50.6057 47.9294 45.24 32.104 33.7809 24.9957 23.4446 28.4127 23.1483 26.255 25.6987 29.4974 24.1589 20.6859 20.0706 17.6848 16.2466 15.8183 29.5469 33.9672 15.5129 17.9054 14.9897 13.4515 12.9478 15.8267
threshold=2892.5000000000005 2.5000000000000004 4721.5000000000009 5.5000000000000009 1.0000000180025095e-35 12869.000000000002 1.0000000180025095e-35 1.0000000180025095e-35 1.0000000180025095e-35 1.0000000180025095e-35 2017.5000000000002 1102.5000000000002 1.0000000180025095e-35 1.0000000180025095e-35 1.0000000180025095e-35 1.0000000180025095e-35 2119.5000000000005 3392.5000000000005 1694.5000000000002 1.0000000180025095e-35 1102.5000000000002 1.0000000180025095e-35 1.0000000180025095e-35 1.0000000180025095e-35 1.0000000180025095e-35 1.0000000180025095e-35 1.5000000000000002 2537.5000000000005 1.0000000180025095e-35 1.0000000180025095e-35
decision_type=2 2 2 2 2 2 2 2 2 2 2 2 2 2 2 2 2 2 2 2 2 2 2 2 2 2 2 2 2 2
left_child=1 -1 17 4 -3 7 10 8 21 -10 11 -6 13 14 15 16 20 24 -13 -9 -8 -4 23 -23 25 -2 -12 -28 -20 -30
right_child=2 3 5 -5 6 -7 12 19 9 -11 26 18 -14 -15 -16 -17 -18 -19 28 -21 -22 22 -24 -25 -26 -27 27 -29 29 -31
leaf_value=0.049182232919878749 -0.0093791660164321035 -0.075243884219388935 -0.031125573792393241 -0.029152321023842517 0.038377637516373603 -0.055532444419990945 0.046705375618686228 0.072362040673217221 0.075624672805676099 0.0047770922486876774 -0.030667969785085871 -0.040392599122116124 0.066035076951086 0.063897239235238087 0.065253633657061771 0.064762336919281766 0.021776954977943967 -0.045717469429695359 -0.019032369937723854 0.01649682575043053 -0.023116152118759729 -0.02096871169811625 0.077551356166100538 0.071811393553932998 -0.043625911888555219 0.079380144860222657 0.029184187408575153 -0.0095517970545324678 0.0046571696748523772 0.095795403294660394
leaf_weight=168.0553063377738 29.437462486326694 16.111646853387356 96.085947170853615 103.9197584092617 24.173394978046417 41.10872121155262 9.3858376666903478 17.967800997197628 18.141066670417786 39.682129897177219 15.662353962659834 65.957752794027328 36.240336418151855 34.603918954730034 24.655425533652306 22.721578031778336 92.938049219548702 227.146508641541 45.700641252100468 66.957997247576714 74.169935971498489 96.640347264707088 10.197816826403139 10.986302956938742 24.598291486501694 7.0409709438681594 106.24673558026552 28.40360589325428 22.645896978676323 6.0324318259954444
leaf_count=1661 164 89 542 578 151 460 62 96 97 202 83 396 254 245 177 156 631 2133 223 337 384 570 52 61 167 36 588 151 111 26
internal_value=-2.95625e-05 0.0143512 -0.0188469 0.00632796 0.0122212 -0.00440952 0.0145331 0.00148293 -0.00690338 0.0270043 0.00135363 -0.0116888 0.0286118 0.0233648 0.0170996 0.01114 0.00423671 -0.0387716 -0.0203129 0.0283163 -0.0152731 -0.0160691 -0.00379062 -0.0114979 -0.0129396 0.00775292 0.015628 0.0210131 -0.00250671 0.0238279
internal_weight=1583.62 897.625 685.991 729.569 625.65 397.768 609.538 356.659 271.734 57.8232 314.823 164.51 294.715 258.475 223.871 199.215 176.494 288.223 140.337 84.9258 83.5558 213.91 117.824 107.627 61.0767 36.4784 150.313 134.65 74.379 28.6783
internal_count=10883 5966 4917 4305 3727 2417 3638 1957 1524 299 1729 907 1909 1655 1410 1233 1077 2500 756 433 446 1225 683 631 367 200 822 739 360 137
is_linear=0
shrinkage=0.05


Tree=35
num_leaves=31
num_cat=0
split_feature=7 4 8 7 7 8 7 6 4 5 7 7 2 11 7 7 0 12 7 12 8 7 14 0 5 11 15 4 7 7
split_gain=159.029 95.5216 61.2265 61.2016 44.2847 50.7269 40.7463 34.551 30.8375 27.7849 27.7116 26.8355 25.8739 24.6627 19.0496 17.6394 17.4415 17.3552 15.7103 15.525 14.8946 13.7151 13.6261 13.5433 13.525 13.2367 13.2822 13.2075 15.3623 16.1353
threshold=2892.5000000000005 2.5000000000000004 0.038968119222907653 4613.5000000000009 9893.0000000000018 0.32930541306743771 2017.5000000000002 3.5000000000000004 2.5000000000000004 1.5000000000000002 4064.5000000000005 863.50000000000011 1.0000000180025095e-35 1.0000000180025095e-35 3291.5000000000005 8423.5000000000018 1.0000000180025095e-35 1.0000000180025095e-35 7746.0000000000009 1.0000000180025095e-35 0.046561868968970167 2648.5000000000005 1.0000000180025095e-35 1.0000000180025095e-35 1.5000000000000002 1.0000000180025095e-35 1.0000000180025095e-35 4.5000000000000009 1171.0000000000002 1475.5000000000002
decision_type=2 2 2 2 2 2 2 2 2 2 2 2 2 2 2 2 2 2 2 2 2 2 2 2 2 2 2 2 2 2
left_child=1 -1 16 8 5 9 11 13 10 -5 -2 -4 -13 24 20 17 -3 22 19 -7 23 -18 25 -10 -8 26 -11 28 -14 -30
right_child=3 2 6 4 -6 18 7 -9 14 15 -12 12 27 -15 -16 -17 21 -19 -20 -21 -22 -23 -24 -25 -26 -27 -28 -29 29 -31
leaf_value=0.048556424733867593 0.049580879807342125 0.036578674719520358 0.060769551806119239 -0.02682226234789778 -0.051775746373428348 -0.055169512469547093 -0.038900190508842185 -0.029704091081291035 0.054027295972863112 -0.024180178045576498 -0.037436898510532009 0.03018143385742866 0.024384428589359769 0.047191680413447012 -0.052235690825896665 0.043825701472939196 0.01382210270043862 0.046775024459187076 0.0075034794005198677 0.026390046720108702 -0.038843160138276052 -0.068570615725050951 0.032043872892708901 -0.038873782180400031 0.013254268645681334 0.019343953596049044 0.024301819922060937 -0.043324744135853556 -0.058042292624594344 -0.013851688465952923
leaf_weight=160.8996312841773 17.720319278538227 153.76327414065599 10.159349784255026 44.816928967833519 48.062601998448372 57.578810773789883 13.846783459186552 43.77844263613224 11.042389392852785 72.204164013266563 18.91573191434145 21.377503827214241 18.619450494647026 56.73014672100544 175.82048717141151 46.207728490233421 85.670166738331318 26.732062317430973 16.732658043503761 6.4926810860633841 26.413702383637428 5.3672650754451743 33.051794789731503 6.0847774147987357 121.5484212115407 41.88965530693531 17.563309423625469 81.489917896687984 27.353400282561779 84.37100325524807
leaf_count=1648 111 1087 74 238 516 488 73 243 50 369 142 120 99 355 1771 272 404 140 79 42 160 23 172 37 726 205 89 519 167 434
internal_value=-0.000188017 0.0137091 0.00596553 -0.0186176 -0.00667212 -0.000704661 -0.00442559 0.0103821 -0.0378113 0.00928863 0.00465232 -0.018779 -0.0222444 0.0195163 -0.0449033 0.0160986 0.0263094 0.00940615 -0.035638 -0.0469047 -0.0152946 0.0089645 0.00334123 0.0210223 0.00792046 -0.00386441 -0.0146945 -0.027535 -0.0176634 -0.0246708
internal_weight=1552.3 884.975 724.075 667.33 411.332 363.27 479.274 235.904 255.997 282.466 36.6361 243.371 233.211 192.125 219.361 237.649 244.801 191.441 80.8041 64.0715 43.5409 91.0374 164.709 17.1272 135.395 131.657 89.7675 211.834 130.344 111.724
internal_count=10853 5972 4324 4881 2610 2094 2810 1397 2271 1485 253 1413 1339 1154 2018 1247 1514 975 609 530 247 427 835 87 799 663 458 1219 700 601
is_linear=0
shrinkage=0.05


Tree=36
num_leaves=31
num_cat=0
split_feature=7 4 7 8 7 8 0 16 4 7 7 6 6 7 14 7 7 7 18 7 12 12 8 10 8 7 7 0 11 6
split_gain=146.548 90.8292 58.0074 56.1123 41.4952 46.946 38.6773 32.2521 29.357 25.3714 25.2133 22.5441 21.8925 19.641 19.0331 18.6687 17.4485 18.4661 17.1712 14.9562 14.8001 14.3421 13.7061 12.6391 16.2315 12.3543 24.1221 12.3192 11.6264 11.3389
threshold=2892.5000000000005 2.5000000000000004 4613.5000000000009 0.038968119222907653 9893.0000000000018 0.32930541306743771 1.0000000180025095e-35 1.0000000180025095e-35 2.5000000000000004 2044.0000000000002 4064.5000000000005 1.5000000000000002 3.5000000000000004 8535.5000000000018 1.0000000180025095e-35 3291.5000000000005 1171.0000000000002 1475.5000000000002 1.0000000180025095e-35 7746.0000000000009 1.0000000180025095e-35 1.0000000180025095e-35 0.046561868968970167 1.0000000180025095e-35 0.1834287317482764 1694.5000000000002 1034.5000000000002 1.0000000180025095e-35 1.0000000180025095e-35 1.5000000000000002
decision_type=2 2 2 2 2 2 2 2 2 2 2 2 2 2 2 2 2 2 2 2 2 2 2 2 2 2 2 2 2 2
left_child=1 -1 8 18 5 11 7 9 10 16 -2 -4 28 14 21 22 -5 -18 25 20 -7 23 27 -13 -25 26 -3 -10 29 -11
right_child=2 3 4 6 -6 19 -8 -9 15 12 -12 13 -14 -15 -16 -17 17 -19 -20 -21 -22 -23 -24 24 -26 -27 -28 -29 -30 -31
leaf_value=0.047958275826946492 0.04697205180618811 0.053455109046630422 -0.019078382605631581 0.026948561310128811 -0.050875928907939294 -0.054581365121902196 -0.022297151440487592 0.064848824983188225 0.051512077101888799 -0.042755768573872338 -0.036469126436447868 -0.020505942210882606 -0.024556537959361056 0.046463818497255699 0.043139137391200087 -0.051734356794947783 -0.061782597922939379 -0.011410201517654839 0.039858704623082941 0.0071293522922320279 0.024705044494138947 0.036853210562060819 -0.037659433118692361 0.021076664897878499 -0.063029284451200693 0.02209860166856149 -0.040254693384779112 -0.03779878480208556 0.047353918222603042 0.020315591989262211
leaf_weight=154.91327565908432 17.768013820052147 9.6626671999692899 57.326511189341545 20.583396084606647 46.506820999085903 55.345922388136387 182.60559878498316 22.284881964325905 11.003459095954897 7.8649509549140921 18.458560712635517 66.463497057557106 27.320127293467522 42.938111260533333 33.025593958795071 168.82545030862093 24.034377887845039 74.874001428484917 110.64402957260609 16.730263397097588 6.5862389281392089 23.604562155902386 25.895119465887547 50.694165825843811 6.4684272930026046 97.315841138362885 23.737761460244656 5.9484429061412802 39.309349931776524 75.848433665931225
leaf_count=1648 111 71 293 131 516 488 1050 148 50 45 142 340 160 259 176 1771 139 373 805 79 42 125 160 257 35 530 108 37 269 495
internal_value=-0.000184804 0.0132437 -0.0180801 0.00573375 -0.00643621 -0.000682183 -0.0042462 0.00703755 -0.0371356 0.00226308 0.00445619 0.00889003 0.0159316 0.0160736 0.00883446 -0.0442538 -0.0149344 -0.0236505 0.0253631 -0.034818 -0.0461496 0.00113951 -0.0147788 -0.00567949 0.0115594 0.0130933 -0.0131447 0.0201728 0.0249229 0.01439
internal_weight=1524.59 870.999 653.589 716.085 405.69 359.183 474.725 292.12 247.899 269.835 36.2266 280.521 150.343 223.194 180.256 211.672 119.492 98.9084 241.36 78.6624 61.9322 147.231 42.847 123.626 57.1626 130.716 33.4004 16.9519 123.023 83.7134
internal_count=10853 5972 4881 4324 2610 2094 2810 1760 2271 1612 253 1485 969 1192 933 2018 643 512 1514 609 530 757 247 632 292 709 179 87 809 540
is_linear=0
shrinkage=0.05


Tree=37
num_leaves=31
num_cat=0
split_feature=7 0 7 8 7 8 8 16 17 7 17 0 5 3 5 8 3 19 18 17 7 2 5 15 18 7 8 15 1 5
split_gain=135.126 63.3156 54.9434 42.7142 39.0195 42.5862 30.0325 27.5095 30.7642 26.9177 25.5533 50.2008 24.5099 22.4367 14.9331 15.2777 15.9733 14.7367 15.5139 13.726 13.6591 13.3126 13.2842 13.1777 39.119 15.7322 12.9946 12.9674 12.6169 15.0698
threshold=2892.5000000000005 1.0000000180025095e-35 4613.5000000000009 0.11000993794924001 12869.000000000002 0.32930541306743771 0.024498552749877209 1.0000000180025095e-35 1.0000000180025095e-35 2259.5000000000005 1.0000000180025095e-35 1.0000000180025095e-35 1.5000000000000002 2.5000000000000004 1.5000000000000002 0.32400477352827978 2.5000000000000004 1.0000000180025095e-35 1.0000000180025095e-35 1.0000000180025095e-35 8696.5000000000018 2.5000000000000004 3.5000000000000004 1.0000000180025095e-35 1.0000000180025095e-35 948.50000000000011 1.0000000180025095e-35 1.0000000180025095e-35 3.5000000000000004 2.5000000000000004
decision_type=2 2 2 2 2 2 2 2 2 2 2 2 2 2 2 2 2 2 2 2 2 2 2 2 2 2 2 2 2 2
left_child=1 3 10 13 5 12 26 8 9 17 -2 -12 -4 -1 -8 16 -16 23 27 20 -7 22 28 25 -25 -5 -3 -19 -14 -30
right_child=2 6 4 7 -6 19 14 -9 -10 -11 11 -13 21 -15 15 -17 -18 18 -20 -21 -22 -23 -24 24 -26 -27 -28 -29 29 -31
leaf_value=0.039993625818711416 -0.043876535729526739 0.010289070382132753 -0.026372743327585546 0.049784683778486875 -0.054733913757290788 -0.048485120010756486 -0.045800751198927625 0.062869103677877236 0.061440112538465742 0.020507451463884004 0.10213499147718107 -0.030322137183410994 0.025019854432460534 -0.1094677261612816 0.0035572875973472404 -0.032070948580407987 -0.081271749346721989 -0.027335875514451255 0.070858081056559538 0.026234154141026079 0.030967322216805499 -0.034704279914548039 -0.033505518182373538 -0.033421099765279683 0.073253890848745604 -0.038374582435681329 0.061660698156422028 0.06775329055660205 -0.044731221319433877 0.021690550909928615
leaf_weight=244.77232548594475 199.02891694754362 83.054766900837421 44.536471225321293 5.4306124895811072 37.541546888649464 62.550800524652004 34.287640690803528 22.974215425550938 22.85326411575079 102.70175442099571 9.2270577922463399 31.826015196740627 180.87117552757263 2.5369898527860633 121.08333396911621 54.063377678394318 5.8159651607275 16.042417079210285 9.5935389026999491 8.3649968206882459 5.921489790081977 13.258443541824816 12.392213508486746 24.891057059168816 13.126251325011252 74.253389529883862 14.451946124434469 4.6172698736190787 15.42194441705942 19.134578943252563
leaf_count=2063 1924 462 239 45 477 539 253 177 183 747 48 299 971 13 720 327 30 92 69 43 28 63 64 145 94 418 102 32 84 102
internal_value=-0.000179758 0.0128076 -0.0175595 0.0231171 -0.00621028 -0.00118436 -0.0051175 0.0103186 0.00590444 0.000841047 -0.0364681 -0.000551173 0.00770508 0.0384604 -0.0155457 -0.00981312 -0.000330541 -0.0128103 0.0183148 -0.0342277 -0.0416141 0.0140006 0.0168351 -0.0208105 0.00341062 -0.0323664 0.0179031 -0.00608423 0.0197308 -0.00795227
internal_weight=1496.63 856.55 640.076 543.793 399.994 362.452 312.757 296.484 273.51 250.656 240.082 41.0531 285.615 247.309 215.25 180.963 126.899 147.955 30.2532 76.8373 68.4723 241.078 227.82 117.701 38.0173 79.684 97.5067 20.6597 215.428 34.5565
internal_count=10853 5972 4881 4078 2610 2133 1894 2002 1825 1642 2271 347 1523 2076 1330 1077 750 895 193 610 567 1284 1221 702 239 463 564 124 1157 186
is_linear=0
shrinkage=0.05


Tree=38
num_leaves=31
num_cat=0
split_feature=7 4 8 7 7 7 7 6 6 1 6 7 7 14 9 4 7 8 4 12 7 8 3 17 0 8 15 0 3 0
split_gain=124.299 85.1801 51.8262 48.7624 42.2233 39.7385 39.389 29.1339 23.3604 23.2158 22.9693 22.5014 20.1345 22.1473 19.9447 19.0482 18.7296 18.6206 17.8702 15.9245 15.2789 14.351 13.8829 13.7703 16.276 13.6324 13.7597 12.6881 10.5556 10.2201
threshold=2892.5000000000005 2.5000000000000004 0.35502180363764541 1867.5000000000002 911.50000000000011 4518.5000000000009 9893.0000000000018 3.5000000000000004 1.0000000180025095e-35 1.0000000180025095e-35 1.5000000000000002 3333.5000000000005 8535.5000000000018 1.0000000180025095e-35 1.0000000180025095e-35 2.5000000000000004 2146.5000000000005 0.024498552749877209 4.5000000000000009 1.0000000180025095e-35 4064.5000000000005 0.43280712238942359 2.5000000000000004 1.0000000180025095e-35 1.0000000180025095e-35 0.22836930786730533 1.0000000180025095e-35 1.0000000180025095e-35 2.5000000000000004 1.0000000180025095e-35
decision_type=2 2 2 2 2 2 2 2 2 2 2 2 2 2 2 2 2 2 2 2 2 2 2 2 2 2 2 2 2 2
left_child=1 -1 5 4 -3 11 10 8 -5 16 -7 27 13 19 18 20 -10 -9 25 -12 -13 22 29 -4 -25 28 -27 -2 -6 -11
right_child=2 3 23 7 14 6 -8 17 9 21 12 15 -14 -15 -16 -17 -18 -19 -20 -21 -22 -23 -24 24 -26 26 -28 -29 -30 -31
leaf_value=0.04707951122663126 0.024117073229550024 0.055217606230497464 -0.046266109961355592 -0.0759485108290405 0.0046770205912548329 -0.020569607387788204 -0.048399083999205679 0.022288700263757566 -0.096596312128154768 0.042281356625385978 -0.0079200214973367596 0.052559573891483573 0.045317010404480294 0.042838699260111822 0.033319141590538462 -0.052626767867531066 0.0012315170444468751 -0.027445317347432698 -0.039897788513174992 0.035999904812038359 -0.051721799480622055 0.0079205919985588322 -0.054692760271513874 0.11074277348059508 -0.021369794506236297 -0.04837702445244052 0.013415256795006948 -0.03444785024342728 -0.073384435236043419 0.019801252813538874
leaf_weight=146.10082711279392 23.658453658223152 21.460613958537579 145.22097388654947 6.0219458863139144 84.794148400425911 60.389439694583416 36.157867282629013 28.157274276018143 5.8637331128120413 161.49318896979094 130.95642623305321 8.486208498477934 42.131946928799152 35.367451012134552 17.559038661420345 85.337775588035583 29.5437071621418 56.755881108343601 85.919416360557079 24.499855771660805 5.9931606948375693 70.38775447756052 4.3707049489021292 2.8866790533065769 12.117610603570938 35.10995064675808 12.118658207356928 15.183740012347696 4.5636810287833205 73.601166173815727
leaf_count=1648 131 174 1431 29 472 329 425 177 29 1232 709 44 262 195 98 957 190 306 556 134 45 399 20 13 96 207 68 110 24 343
internal_value=-0.000173791 0.0123636 -0.0170095 0.0050942 -0.0119766 -0.00860911 0.000840689 0.0153292 0.0216824 0.0233852 0.00691001 -0.0310651 0.0140336 0.00712653 -0.0179835 -0.0436297 -0.0149695 -0.0109535 -0.022032 -0.000998256 0.00939643 0.0277681 0.033602 -0.0415545 0.00404738 -0.0107936 -0.0325214 0.00122355 0.000690268 0.0352435
internal_weight=1472.21 843.822 628.388 697.721 261.526 468.162 329.503 436.195 351.282 345.26 293.345 138.659 232.956 190.824 240.065 99.8171 35.4074 84.9132 222.506 155.456 14.4794 309.853 239.465 160.225 15.0043 136.586 47.2286 38.8422 89.3578 235.094
internal_count=10853 5972 4881 4324 1599 3341 2054 2725 2242 2213 1629 1287 1300 1038 1425 1046 219 483 1327 843 89 1994 1595 1540 109 771 275 241 496 1575
is_linear=0
shrinkage=0.05


Tree=39
num_leaves=31
num_cat=0
split_feature=7 4 7 5 0 7 8 8 4 5 7 8 7 6 7 7 13 5 14 7 12 7 7 11 14 15 7 4 8 5
split_gain=114.378 80.868 49.3411 49.0989 39.2543 35.6814 36.2494 27.9633 27.8253 22.2932 22.2752 21.8461 21.0587 18.6071 18.0261 17.4992 15.6374 13.7369 14.0437 13.3075 14.6805 12.8044 17.3255 12.5604 15.3615 14.0792 13.2921 17.8842 12.9928 12.5274
threshold=2892.5000000000005 2.5000000000000004 4613.5000000000009 1.5000000000000002 1.0000000180025095e-35 12869.000000000002 0.32930541306743771 0.07304018668551443 2.5000000000000004 1.5000000000000002 1102.5000000000002 0.32400477352827978 4064.5000000000005 3.5000000000000004 3291.5000000000005 1867.5000000000002 1.0000000180025095e-35 1.0000000180025095e-35 1.0000000180025095e-35 7746.0000000000009 1.0000000180025095e-35 2537.5000000000005 2044.0000000000002 1.0000000180025095e-35 1.0000000180025095e-35 1.0000000180025095e-35 5314.0000000000009 3.5000000000000004 0.022926376248720529 3.5000000000000004
decision_type=2 2 2 2 2 2 2 2 2 2 2 2 2 2 2 2 2 2 2 2 2 2 2 2 2 2 2 2 2 2
left_child=1 -1 8 10 7 6 9 -5 12 -4 -3 16 -2 15 -10 -9 21 -12 -19 20 -8 22 -6 24 25 26 -11 28 -28 -24
right_child=2 3 5 4 11 -7 19 13 14 23 17 -13 -14 -15 -16 -17 -18 18 -20 -21 -22 -23 29 -25 -26 -27 27 -29 -30 -31
leaf_value=0.046492840299107469 0.04418426125189534 0.028518494146835899 -0.02556580832820133 0.037976419466707427 -0.015088030274742101 -0.054274278917080546 -0.053236978412999729 -0.0081769938980175028 -0.013007495576657313 -0.036633429905574409 0.062087922613134242 -0.036023819990144472 -0.03359777609790407 -0.020455082200550364 -0.0504614002584865 0.026314639570295856 0.030339916333619488 -0.052539280399712007 -0.0025660184384724803 0.0066806366100162608 0.027278059412010058 -0.058867929279405831 0.013028421494868879 0.031440124324626846 0.032205208829666133 0.027356167731334442 0.027824896174559677 0.060043866897231728 -0.026109315711020105 0.090351638917390523
leaf_weight=140.68491680920124 17.766556911170483 15.076876036822794 44.057379819452763 141.11128789186478 82.99301341176033 34.467278718948364 49.797884657979012 51.407224386930466 40.803948976099491 34.6872888058424 3.3316972330212584 47.693684674799442 17.055424600839615 41.991591721773148 151.04153925180435 129.17924945801497 38.39342075586319 63.58476110547781 18.049552924931049 16.761193454265594 6.387646570801734 10.468925118446348 40.656603664159775 67.344566963613033 42.054638758301735 30.122779212892056 15.862710379064081 10.927619107067583 37.716682262718678 6.0128997862339011
leaf_count=1648 111 95 239 1117 473 477 488 302 247 195 18 275 142 231 1771 866 190 392 108 80 42 46 184 364 242 160 87 65 171 27
internal_value=-0.00016849 0.0119436 -0.0164782 0.00489883 0.0103917 -0.00570016 -0.000993606 0.020564 -0.0350317 0.0071132 -0.0274901 -0.00596226 0.00608747 0.00952478 -0.0424953 0.016496 0.00206881 -0.0374286 -0.0414901 -0.0324192 -0.0440833 -0.00567694 -0.00138231 0.0131444 0.00595469 -0.00258212 -0.0116736 0.001748 -0.0101416 0.0229907
internal_weight=1447.49 830.636 616.855 689.951 589.908 390.188 355.72 363.689 226.667 282.774 100.043 226.219 34.822 222.578 191.845 180.586 178.525 84.966 81.6343 72.9467 56.1855 140.131 129.663 238.716 171.372 129.317 99.1943 64.507 53.5794 46.6695
internal_count=10853 5972 4881 4324 3711 2610 2133 2516 2271 1523 613 1195 253 1399 2018 1168 920 518 500 610 530 730 684 1284 920 678 518 323 258 211
is_linear=0
shrinkage=0.05


Tree=40
num_leaves=31
num_cat=0
split_feature=7 4 7 0 16 17 7 7 6 16 13 4 13 10 7 7 3 2 6 4 17 5 11 6 11 7 7 5 7 5
split_gain=101.86 84.0532 61.8279 57.1851 34.9995 41.8794 36.1959 34.9887 23.2793 23.3361 19.7326 19.4542 18.3838 17.9264 17.8607 17.3778 21.9634 17.3131 16.7475 15.8681 14.6829 13.1947 12.6526 15.4101 12.3084 11.3872 15.702 14.7585 11.703 11.1372
threshold=3107.0000000000005 2.5000000000000004 4613.5000000000009 1.0000000180025095e-35 1.0000000180025095e-35 1.0000000180025095e-35 2094.5000000000005 12869.000000000002 1.5000000000000002 1.0000000180025095e-35 1.0000000180025095e-35 2.5000000000000004 1.0000000180025095e-35 1.0000000180025095e-35 863.50000000000011 5427.0000000000009 1.0000000180025095e-35 1.5000000000000002 3.5000000000000004 2.5000000000000004 1.0000000180025095e-35 1.5000000000000002 1.0000000180025095e-35 2.5000000000000004 1.0000000180025095e-35 911.50000000000011 1475.5000000000002 1.5000000000000002 1171.0000000000002 1.5000000000000002
decision_type=2 2 2 2 2 2 2 2 2 2 2 2 2 2 2 2 2 2 2 2 2 2 2 2 2 2 2 2 2 2
left_child=1 -1 11 4 5 6 25 8 29 15 14 12 20 24 -5 16 22 -17 21 -19 -2 -8 -10 -24 -12 -3 28 -28 -27 -4
right_child=2 3 7 10 -6 -7 18 -9 9 -11 13 -13 -14 -15 -16 17 -18 19 -20 -21 -22 -23 23 -25 -26 26 27 -29 -30 -31
leaf_value=0.046443099264025484 -0.047410835532542009 0.050941362430046537 -0.068102645053026517 0.060164068151130207 0.061392502230314998 0.06249209461534614 -0.01939482775837098 -0.05404068830288207 -0.033895228160372291 0.036851384116446693 -0.0051101805864963252 -0.04546254515820522 0.064745706184216892 0.090201975997447156 -0.022498043697856768 0.028288815669780511 0.061441358941315562 -0.029476172144187504 -0.010587742758087274 0.029309419932628207 0.042309362221788008 0.03059282315606526 0.03932559377792319 -0.041135704920173682 0.083452145878334633 -0.0039375973445872304 -0.04637456477839582 0.0040608143747113759 -0.060950556862635098 -0.015864701980706095
leaf_weight=142.19720795750618 17.673568755388267 6.5836813151836386 12.233216829597948 6.7388724684715262 38.355199441313744 36.194794580340385 14.451363548636435 32.169676296412945 66.910813607275486 53.19151046872139 43.69147764891386 165.39155770838261 7.6691271215677252 6.6908683180809012 215.66986894607544 72.459620453417301 8.5015815496444684 34.050327591598034 37.796217165887356 17.317893601953983 6.1457924991846076 152.60113982111216 15.192363917827606 9.7824550718069077 4.3102785199880591 13.372139208018778 17.815973408520222 78.044506222009659 27.535918295383453 61.492544889450073
leaf_count=1716 146 58 84 52 300 280 76 467 489 308 231 1906 45 35 1213 388 47 171 242 110 35 1170 86 71 21 78 94 424 158 369
internal_value=0.000290239 0.0113973 -0.01583 0.00427664 0.015848 0.0113036 0.00598262 -0.00413208 0.000440399 0.00707739 -0.0133769 -0.0386046 -0.00258352 0.0135294 -0.0199934 1.39728e-05 -0.0154459 0.0125473 0.0194682 -0.00965764 -0.0242615 0.0262685 -0.0225597 0.00780949 0.0028422 -0.0132881 -0.01638 -0.00531276 -0.042314 -0.0245325
internal_weight=1422.23 842.05 580.182 699.852 422.751 384.396 348.201 383.302 351.132 277.407 277.101 196.88 31.4885 54.6926 222.409 224.215 100.387 123.828 204.849 51.3682 23.8194 167.053 91.8856 24.9748 48.0018 143.352 136.769 95.8605 40.9081 73.7258
internal_count=10870 6148 4722 4432 2880 2580 2300 2590 2123 1670 1552 2132 226 287 1265 1362 693 669 1488 281 181 1246 646 157 252 812 754 518 236 453
is_linear=0
shrinkage=0.05


Tree=41
num_leaves=31
num_cat=0
split_feature=7 4 7 18 15 7 17 16 10 12 7 4 3 5 13 4 2 14 9 7 7 13 7 5 7 11 7 17 11 7
split_gain=93.8211 79.6639 58.3989 53.041 34.6352 33.2264 27.2756 24.6947 24.3582 23.0107 24.3265 30.5597 26.8396 21.8099 19.2593 18.5798 17.4647 17.3147 16.9357 16.8677 20.6086 16.631 15.4012 15.3417 15.0495 13.8238 14.774 13.5822 13.1974 16.4452
threshold=3107.0000000000005 2.5000000000000004 4613.5000000000009 1.0000000180025095e-35 1.0000000180025095e-35 12869.000000000002 1.0000000180025095e-35 1.0000000180025095e-35 1.0000000180025095e-35 1.0000000180025095e-35 5427.0000000000009 3.5000000000000004 1.0000000180025095e-35 1.5000000000000002 1.0000000180025095e-35 2.5000000000000004 1.5000000000000002 1.0000000180025095e-35 1.0000000180025095e-35 1784.5000000000002 863.50000000000011 1.0000000180025095e-35 4721.5000000000009 1.0000000180025095e-35 1084.5000000000002 1.0000000180025095e-35 2305.5000000000005 1.0000000180025095e-35 1.0000000180025095e-35 2582.5000000000005
decision_type=2 2 2 2 2 2 2 2 2 2 2 2 2 2 2 2 2 2 2 2 2 2 2 2 2 2 2 2 2 2
left_child=1 -1 15 13 6 9 7 8 17 10 12 16 -4 23 19 21 -12 18 -5 20 -15 27 -11 -3 -25 26 -10 -2 29 -21
right_child=2 3 5 4 -6 -7 -8 -9 25 22 11 -13 -14 14 -16 -17 -18 -19 -20 28 -22 -23 -24 24 -26 -27 -28 -29 -30 -31
leaf_value=0.045868661667793631 -0.046552074879579103 0.074607254710287285 -0.026406377979506193 -0.028620185977237492 0.067076030349209406 -0.053828264604642309 0.064827042380366129 0.062271697762562764 -0.0037275853911250935 0.14214391090737158 0.012529947251835351 0.051375894370246214 0.056326785940204099 0.058357538695447464 0.02006942529859481 -0.044794337300948055 -0.023166028610127672 0.01972711176247147 0.033281733302808779 -0.00185326488564504 -0.034886234273952647 0.061096566839948033 0.027835243323775957 0.028991709603481165 -0.051942242113672744 0.071159729259855128 0.038586815810468716 0.039790587038034099 0.020240281682860364 -0.053490844806419406
leaf_weight=136.91350017488003 17.113907888531692 2.9505686908960334 124.85459543764591 84.965966172516346 34.113489978015423 30.718448873609304 23.77740890532732 19.869419015944004 44.54269764572382 3.2323938459157935 85.365434482693672 33.336107417941093 10.638227358460425 6.4106585159897795 69.584390960633755 159.61306370049715 57.243565186858177 36.663063019514084 12.700967870652674 99.533898182213306 78.351817399263382 7.719471186399459 33.339037969708443 6.5106880590319625 48.764101088047028 13.088035009801386 38.421856813132763 6.2064657285809508 52.752535283565521 18.245040327310562
leaf_count=1716 146 14 907 549 268 467 193 165 270 27 443 216 54 57 404 1906 297 253 87 531 498 45 179 42 332 96 277 35 299 97
internal_value=0.000282013 0.0110239 -0.015342 0.00412233 0.0195657 -0.00398071 0.0136512 0.00878878 0.00417612 0.000419286 -0.00398651 0.00827639 -0.0199106 -0.00829926 -0.00324875 -0.0379111 -0.0017985 -0.00957177 -0.0205702 -0.00960449 -0.0278341 -0.00251599 0.0379385 -0.0364794 -0.0424092 0.0234026 0.0158687 -0.0235729 -0.000543472 -0.0098524
internal_weight=1397.54 828.16 569.381 691.247 308.143 378.728 274.029 250.252 230.383 348.009 311.438 175.945 135.493 383.104 324.878 190.653 142.609 134.33 97.6669 255.294 84.7625 31.0398 36.5714 58.2254 55.2748 96.0526 82.9646 23.3204 170.531 117.779
internal_count=10870 6148 4722 4432 2158 2590 1890 1697 1532 2123 1917 956 961 2274 1886 2132 740 889 636 1482 555 226 206 388 374 643 547 181 927 628
is_linear=0
shrinkage=0.05


Tree=42
num_leaves=31
num_cat=0
split_feature=7 4 7 0 8 7 16 5 8 7 4 13 10 10 11 14 15 7 13 7 5 7 11 13 11 10 7 7 8 12
split_gain=86.2951 75.5214 55.1779 49.2794 40.1939 34.0373 32.9289 28.8013 23.824 18.3071 17.7375 16.6897 16.588 16.0714 16.2822 18.9257 17.7365 15.575 15.4893 15.4093 14.8918 11.6587 11.3851 11.2584 11.0018 12.5821 17.9286 10.9962 10.8643 10.6448
threshold=3107.0000000000005 2.5000000000000004 4613.5000000000009 1.0000000180025095e-35 0.33303815084703398 12869.000000000002 1.0000000180025095e-35 1.5000000000000002 0.072097267516584254 2054.5000000000005 2.5000000000000004 1.0000000180025095e-35 1.0000000180025095e-35 1.0000000180025095e-35 1.0000000180025095e-35 1.0000000180025095e-35 1.0000000180025095e-35 863.50000000000011 1.0000000180025095e-35 4064.5000000000005 1.5000000000000002 3291.5000000000005 1.0000000180025095e-35 1.0000000180025095e-35 1.0000000180025095e-35 1.0000000180025095e-35 2648.5000000000005 1475.5000000000002 0.035770800379660912 1.0000000180025095e-35
decision_type=2 2 2 2 2 2 2 2 2 2 2 2 2 2 2 2 2 2 2 2 2 2 2 2 2 2 2 2 2 2
left_child=1 -1 10 6 5 13 7 -3 27 -10 19 17 22 20 15 16 18 -5 -15 -2 -4 23 -13 28 25 26 -11 -9 -12 -22
right_child=2 3 4 11 -6 -7 -8 8 9 24 21 12 -14 14 -16 -17 -18 -19 -20 -21 29 -23 -24 -25 -26 -27 -28 -29 -30 -31
leaf_value=0.04529553381177099 0.033690789577728142 -0.024302547388046013 -0.035675529986709482 0.059146956465109417 -0.036769455957882828 -0.05360091118504378 0.060599386326796845 -0.008333465882777346 -0.014048445815815623 0.00058109388994474146 0.027458934742073504 -0.0054458550944028452 0.087231993794168558 -0.013302903222156357 0.073853301597074025 0.075380795375347434 0.051752311232767259 -0.020968782647763164 0.068057282042437897 -0.037285416519580943 1.7458778168609854e-06 -0.049207573689718571 0.08100001066536705 0.073889436452007753 0.038945155156968003 0.026267248615297691 -0.094589613435866887 0.038586124659193456 -0.059770618848027958 0.037078866609685804
leaf_weight=131.84257671236992 15.018301323056223 51.273919276893139 25.3363251760602 6.2449521869420996 74.256844963878393 23.397414814680815 35.966412886977196 14.08899177610874 75.613975368440151 36.738046556711197 5.8543515056371715 43.609775304794312 6.5011743083596221 55.481825016438961 14.422308646142481 11.956729047000406 17.917981281876564 212.21136684715748 6.5394163876771918 15.580429784953592 122.49274580925703 135.56914085149765 4.1732992678880683 3.4976424723863593 39.505324594676495 42.403912991285324 5.7189005166292182 109.85260777175426 9.1462287306785566 22.991862028837204
leaf_count=1716 89 294 138 52 699 375 300 89 410 245 30 231 35 293 90 75 98 1213 38 137 657 1783 21 23 292 299 34 917 70 127
internal_value=0.000273444 0.010646 -0.0148508 0.00396629 -0.00382862 0.00431043 0.0148976 0.0105167 0.0160282 0.00535311 -0.037221 -0.0125129 0.0122992 0.00919958 0.0244617 0.0167101 0.00793456 -0.0186785 -0.00472442 -0.00244926 -0.0002995 -0.0441269 0.00210419 -0.00689162 0.0171492 0.00700245 -0.0122383 0.0332526 -0.0257271 0.00586128
internal_weight=1375.2 815.745 559.46 683.903 374.793 300.537 411.162 375.196 323.922 199.98 184.666 272.741 54.2842 277.139 106.318 91.896 79.9392 218.456 62.0212 30.5987 170.821 154.067 47.7831 18.4982 124.366 84.8609 42.4569 123.942 15.0006 145.485
internal_count=10870 6148 4722 4432 2590 1891 2880 2580 2286 1280 2132 1552 287 1516 594 504 429 1265 331 226 922 1906 252 123 870 578 279 1006 100 784
is_linear=0
shrinkage=0.05


Tree=43
num_leaves=31
num_cat=0
split_feature=8 18 15 19 17 16 8 8 5 12 17 16 15 3 0 10 11 13 5 6 14 13 10 14 11 11 6 13 10 11
split_gain=78.9812 49.0939 75.2498 67.8399 67.9289 63.5387 44.1151 28.2434 24.8868 26.3858 25.5844 34.8556 32.2249 22.138 21.7549 17.8808 25.7339 21.5027 16.9199 12.7174 12.5898 12.2785 13.3895 14.9547 15.2553 12.1236 11.9709 10.5268 12.0792 9.53203
threshold=0.037073259749388264 1.0000000180025095e-35 1.0000000180025095e-35 1.0000000180025095e-35 1.0000000180025095e-35 1.0000000180025095e-35 1.0000000180025095e-35 0.084236588048821948 1.5000000000000002 1.0000000180025095e-35 1.0000000180025095e-35 1.0000000180025095e-35 1.0000000180025095e-35 2.5000000000000004 1.0000000180025095e-35 1.0000000180025095e-35 1.0000000180025095e-35 1.0000000180025095e-35 1.5000000000000002 1.5000000000000002 1.0000000180025095e-35 1.0000000180025095e-35 1.0000000180025095e-35 1.0000000180025095e-35 1.0000000180025095e-35 1.0000000180025095e-35 1.5000000000000002 1.0000000180025095e-35 1.0000000180025095e-35 1.0000000180025095e-35
decision_type=2 2 2 2 2 2 2 2 2 2 2 2 2 2 2 2 2 2 2 2 2 2 2 2 2 2 2 2 2 2
left_child=6 8 3 4 5 7 18 -3 -2 10 21 12 14 -8 -12 -9 17 20 19 -1 -17 -10 23 24 -23 26 -20 28 29 -11
right_child=1 2 -4 -5 -6 -7 13 15 9 27 11 -13 -14 -15 -16 16 -18 -19 25 -21 -22 22 -24 -25 -26 -27 -28 -29 -30 -31
leaf_value=-0.07374173261266892 -0.0425882613683502 0.049021117757422634 0.074673937521693767 0.068602688157888878 0.068949402010759886 0.066064107384596588 0.0546179684876264 -0.036699812905054023 -0.030854996807950386 -0.006872946860141645 0.064387036242845017 0.097282630096619027 0.086759368541445253 -0.031859633512194355 -0.021177621508988526 -0.027956000274175094 0.07667006987319902 0.07956484408127007 -0.024930095861944768 -0.0064817908953083252 0.060736225190734683 -0.031866513872146979 0.064399724029809174 0.076051863935591824 0.065698905480240669 0.029638969039481419 0.01150886496003433 0.11636223612712931 0.08527411934388783 0.08703463818023871
leaf_weight=8.3990692570805532 89.456309594213963 13.078990545123814 35.268738456070423 30.966931745409966 25.685327082872391 21.848892994225025 87.279832415282726 157.39135140180588 217.53907138481736 21.685157071799047 8.1253643706440908 8.9841511473059636 8.6905099079012853 8.0863388404250127 86.632169295102358 78.409239377826452 7.9775995761156073 5.3986903801560393 25.280970748513937 43.048316728323698 4.2163212522864333 39.41382122412324 6.2746820375323287 4.2717964947223654 4.4598921686410895 84.758031941950321 207.80767558515072 3.1230170577764502 5.7493831664323798 3.086907595396041
leaf_count=60 801 106 291 268 207 190 722 1322 1708 165 70 51 67 50 606 646 59 41 200 332 35 319 47 26 36 714 1649 20 41 21
internal_value=0.00026696 -0.00847495 0.00510902 -0.00200303 -0.00896608 -0.0159072 0.0169684 -0.0226283 -0.0186528 -0.0135308 -0.0172472 0.00281494 -0.00538929 0.0472853 -0.0138405 -0.0263266 -0.00931999 -0.0171132 0.00913939 -0.0174623 -0.0234301 -0.0255412 -0.00429997 -0.0132534 -0.0219487 0.0134452 0.00755667 0.028929 0.0199827 0.00482911
internal_weight=1352.39 887.734 380.242 344.973 314.006 288.321 464.66 266.472 507.492 418.036 384.391 112.432 103.448 95.3662 94.7575 253.393 96.0019 88.0243 369.294 51.4474 82.6256 271.959 54.4202 48.1455 43.8737 317.847 233.089 33.6445 30.5214 24.7721
internal_count=10870 7143 3165 2874 2606 2399 3727 2209 3978 3177 2930 794 743 772 676 2103 781 722 2955 392 681 2136 428 381 355 2563 1849 247 227 186
is_linear=0
shrinkage=0.05


Tree=44
num_leaves=31
num_cat=0
split_feature=7 4 7 18 15 19 17 7 16 10 6 14 7 6 4 9 4 7 12 4 7 13 14 14 11 2 7 17 16 7
split_gain=77.2281 69.5232 50.8262 43.593 31.5822 31.0927 31.4238 29.9539 27.9533 27.2848 20.3251 20.0112 21.7356 18.3536 18.0979 17.8997 17.5303 17.9201 16.6779 16.6405 16.4249 14.2322 13.891 13.6888 13.6186 12.9276 12.8769 12.1724 11.4944 11.2663
threshold=3107.0000000000005 2.5000000000000004 4613.5000000000009 1.0000000180025095e-35 1.0000000180025095e-35 1.0000000180025095e-35 1.0000000180025095e-35 9893.0000000000018 1.0000000180025095e-35 1.0000000180025095e-35 1.5000000000000002 1.0000000180025095e-35 5532.5000000000009 1.0000000180025095e-35 3.5000000000000004 1.0000000180025095e-35 3.5000000000000004 1867.5000000000002 1.0000000180025095e-35 2.5000000000000004 2620.5000000000005 1.0000000180025095e-35 1.0000000180025095e-35 1.0000000180025095e-35 1.0000000180025095e-35 1.5000000000000002 2334.5000000000005 1.0000000180025095e-35 1.0000000180025095e-35 3291.5000000000005
decision_type=2 2 2 2 2 2 2 2 2 2 2 2 2 2 2 2 2 2 2 2 2 2 2 2 2 2 2 2 2 2
left_child=1 -1 19 13 5 6 8 10 9 15 -4 12 18 -3 25 22 -15 -18 -12 21 23 27 -5 -19 26 -14 -11 -2 -20 -21
right_child=2 3 7 4 -6 -7 -8 -9 -10 24 11 -13 14 16 -16 -17 17 20 28 29 -22 -23 -24 -25 -26 -27 -28 -29 -30 -31
leaf_value=0.044477992626977651 -0.045387467080043556 -0.067337940906190871 -0.022990350362356912 -0.038595509412271897 0.065647144382626962 0.062066773183805428 0.063741435487798384 -0.047250777965500382 0.060941220478686303 -0.0075428372746280089 -0.026598092334435476 0.034067364854622445 0.021368347274663441 0.0091626126964730343 0.058711792422087183 0.034923638460051441 -0.031435177424233657 -0.0038083551105118985 0.0014783231616827771 -0.006494243277126101 -0.041292363737630566 0.056663592430671927 0.003513331832530984 0.038456499783316535 0.071992579211818952 -0.016981355513135649 0.035430377618160001 0.03713753960309156 0.096238252320312245 -0.048578405738389709
leaf_weight=124.67482745274901 16.13931820541621 12.412695765495299 69.494349226355553 74.684915587306023 31.28809692710638 28.283495679497719 21.830897532403469 35.584430426359177 17.709260910749435 43.390490397810936 79.106656923890114 55.533148683607578 54.27538837492466 130.21485923230648 19.678399413824081 12.928514391183851 88.56693135201931 94.628349035978317 10.250277929008005 18.163249254226685 23.151094876229763 7.6043891161680213 26.546689540147781 24.020929858088493 9.9894906803965551 36.926257535815239 29.138967104256153 6.1790286824107161 4.6528362333774558 127.80571050941944
leaf_count=1716 146 82 447 468 268 240 193 510 165 269 588 349 286 805 134 90 599 515 61 123 138 45 178 135 77 192 210 35 23 1783
internal_value=0.000264894 0.0101991 -0.0142946 0.00380888 0.0181438 0.0125246 0.00659268 -0.00366702 0.000773298 -0.00464431 0.00103386 0.00744476 0.000228998 -0.00755891 0.0152243 -0.0204776 -0.00550108 -0.0137897 -0.0174573 -0.0363787 -0.00276855 -0.00241144 -0.027553 0.0047483 0.0172601 0.00584109 0.0097218 -0.0225397 0.0310629 -0.0433418
internal_weight=1334.85 793.461 541.393 668.786 295.791 264.503 236.219 365.502 214.388 196.679 329.917 260.423 204.89 372.995 110.88 114.16 360.582 230.367 94.0098 175.892 141.8 29.9227 101.232 118.649 82.5189 91.2016 72.5295 22.3183 14.9031 145.969
internal_count=10870 6148 4722 4432 2158 1890 1650 2590 1457 1292 2080 1633 1284 2274 612 736 2192 1387 672 2132 788 226 646 650 556 478 479 181 84 1906
is_linear=0
shrinkage=0.05


Tree=45
num_leaves=31
num_cat=0
split_feature=7 4 7 18 8 10 12 5 4 7 7 14 8 8 7 18 8 8 4 8 7 7 1 7 7 7 19 11 3 8
split_gain=83.5425 65.6963 50.8545 42.3773 33.6955 27.4166 25.9148 22.1707 17.9542 17.6363 17.0783 17.4451 16.2201 16.0309 15.3434 14.7109 30.8361 14.5445 13.7308 13.4532 13.2995 13.0469 11.9319 11.1642 11.094 11.0889 11.0775 10.7991 10.5068 10.2182
threshold=3291.5000000000005 3.5000000000000004 4613.5000000000009 1.0000000180025095e-35 0.038968119222907653 1.0000000180025095e-35 1.0000000180025095e-35 1.5000000000000002 2.5000000000000004 1102.5000000000002 1694.5000000000002 1.0000000180025095e-35 1.0000000180025095e-35 0.15288517992323405 2582.5000000000005 1.0000000180025095e-35 0.50630715104582646 0.024498552749877209 2.5000000000000004 0.099041711255127882 5427.0000000000009 9893.0000000000018 1.5000000000000002 4736.5000000000009 863.50000000000011 4040.5000000000005 1.0000000180025095e-35 1.0000000180025095e-35 2.5000000000000004 0.021387396274891234
decision_type=2 2 2 2 2 2 2 2 2 2 2 2 2 2 2 2 2 2 2 2 2 2 2 2 2 2 2 2 2 2
left_child=1 7 8 10 12 13 15 9 25 -1 24 22 20 -5 -13 -6 19 -14 -9 -17 27 -22 -12 -8 -3 -2 -15 -4 -20 -24
right_child=2 3 4 5 6 -7 23 18 -10 -11 11 14 17 26 -16 16 -18 -19 28 -21 21 -23 29 -25 -26 -27 -28 -29 -30 -31
leaf_value=0.046703246764505713 0.03146309866803404 0.058729283991800198 -0.032360694469672317 0.020277988953961313 -0.032968214153518353 0.035868345631240986 0.1187292058188672 0.044962491527077618 -0.047815026665727851 -0.024566718283872871 -0.039009421278856843 0.038286696531853529 0.068926262173533565 -0.025344526290681596 -0.053766672688163687 0.056262755999891938 -0.054952225658806197 0.0024198499442068038 0.024476613941209816 7.7403903773245347e-05 0.031627160939291431 -0.052492489753324129 0.019071903402528553 0.018656454172277886 -0.042898475157174071 -0.032447401665293557 0.065042048599977434 0.022416482718921386 -0.067035848015383495 -0.016893600917389659
leaf_weight=11.588089745491741 12.566996835172178 2.8048250004649153 29.853768192231655 43.798256643116474 126.49747486039996 84.875049348920584 3.1880008354783085 107.53180495277047 124.37285273894668 34.59256624430418 41.318532854318619 28.367275923490524 22.269077021628618 54.730945281684399 5.3862224444746962 14.039207886904476 22.815965980291367 13.031332477927206 215.90558887273073 44.187306858599186 42.643481537699699 5.1681112460792056 27.209366254508495 22.156832914799452 63.044513143599033 14.756987623870371 3.6135952025651923 12.879330582916735 3.1827809587121001 72.026131644845009
leaf_count=117 76 24 169 328 950 614 22 1550 1807 247 240 166 150 348 32 79 256 86 1517 317 276 70 143 126 470 135 31 66 16 403
internal_value=0.000322137 0.0104065 -0.0154828 -0.00297907 -0.00521986 0.0148669 -0.0164846 0.0257444 -0.0397524 -0.00668298 -0.0168763 -0.00868103 0.0156262 -0.00258416 0.0235973 -0.0223132 -0.005682 0.0443751 0.0303293 0.0136245 0.00441799 0.0225344 -0.0164325 0.0312441 -0.0385697 -0.00305333 -0.0197464 -0.0158514 0.0231472 -0.00703222
internal_weight=1310.4 799.976 510.427 427.175 358.73 187.018 232.885 372.801 151.697 46.1807 240.157 174.308 125.845 102.143 33.7535 207.54 81.0425 35.3004 326.62 58.2265 90.5447 47.8116 140.554 25.3448 65.8493 27.324 58.3445 42.7331 219.088 99.2355
internal_count=10831 6246 4585 2799 2567 1321 1750 3447 2018 364 1478 984 817 707 198 1602 652 236 3083 396 581 346 786 148 494 211 379 235 1533 546
is_linear=0
shrinkage=0.05


Tree=46
num_leaves=31
num_cat=0
split_feature=8 7 6 4 8 7 3 7 4 7 18 17 10 7 7 7 15 18 8 7 4 7 7 5 11 4 7 17 1 14
split_gain=77.2411 57.5576 41.9368 33.6809 27.2744 30.9707 28.3388 27.1822 19.0588 29.943 22.1404 20.36 19.0325 17.7711 17.356 26.4297 16.0352 32.3258 15.7123 15.0509 14.7989 17.0577 17.9477 14.1282 13.5769 13.3448 13.1408 13.0101 12.7462 12.6714
threshold=0.035770800379660912 2720.5000000000005 1.0000000180025095e-35 4.5000000000000009 1.0000000180025095e-35 3241.0000000000005 2.5000000000000004 5427.0000000000009 2.5000000000000004 6101.0000000000009 1.0000000180025095e-35 1.0000000180025095e-35 1.0000000180025095e-35 1867.5000000000002 1601.5000000000002 994.50000000000011 1.0000000180025095e-35 1.0000000180025095e-35 0.5389593681435848 12869.000000000002 2.5000000000000004 2005.5000000000002 1034.5000000000002 1.5000000000000002 1.0000000180025095e-35 3.5000000000000004 3745.5000000000005 1.0000000180025095e-35 1.5000000000000002 1.0000000180025095e-35
decision_type=2 2 2 2 2 2 2 2 2 2 2 2 2 2 2 2 2 2 2 2 2 2 2 2 2 2 2 2 2 2
left_child=4 2 -2 12 5 20 -6 27 10 16 11 -3 14 -5 15 -4 -10 -18 -12 25 -1 22 -22 -24 29 -11 -20 -7 -16 -14
right_child=1 8 3 13 6 7 -8 -9 9 19 18 -13 24 -15 28 -17 17 -19 26 -21 21 -23 23 -25 -26 -27 -28 -29 -30 -31
leaf_value=0.051129505468493444 -0.080349008485531614 -0.041787318481337092 0.057139720478744931 -0.036357332322614587 0.05187956650834006 -0.03416030139690894 -0.050117330188413023 0.021797812899059573 -0.047429836124422739 -0.0068169015314645115 0.026712354861133738 0.0060663175117778127 0.017723116780659073 -0.00035053527895719991 -0.010558501202991724 -0.042161262240427377 -0.025460622195318913 0.13627178955486333 0.067524680507268661 -0.053038823160302284 0.059711310752583548 0.028959411832852545 -0.071004771393018543 -0.0025236979389052115 0.070994615688287341 0.061427629313135869 -0.055891053143522065 0.024411213446171778 0.023039351486529067 0.072491193059715353
leaf_weight=37.631977438926697 14.501594327390192 61.846574492752552 8.3233753293752653 54.391232065856457 77.404433902353048 69.038446385413408 7.4669360071420661 46.973761338740587 150.43088012933731 14.82100720703602 49.456547152251005 34.697482213377953 96.244983918964863 92.620673291385174 39.231371719390154 34.372924618422985 36.358444899320602 3.3764629289507857 2.6504790037870398 7.5832085013389579 10.107370585203169 112.23649681359529 8.7541655004024488 53.929018408060074 17.681018996983767 13.864391937851904 11.581049896776674 10.990117393434046 100.65742896869779 11.862854339182375
leaf_count=585 104 463 101 428 686 603 46 346 1772 81 326 196 772 542 285 258 418 21 22 141 90 842 41 305 166 83 118 97 782 111
internal_value=0.000309351 -0.0084013 0.00335621 0.00602177 0.0174798 0.0113083 0.0429059 -0.00839486 -0.0226893 -0.0320273 -0.00949323 -0.0245889 0.0154106 -0.0136723 0.00510034 -0.0228032 -0.0399678 -0.0117175 0.0133902 0.00960663 0.0225468 0.0167334 -0.00211791 -0.0120876 0.0303761 0.0261674 -0.0329061 -0.0261168 0.0136169 0.0237329
internal_weight=1291.09 856.554 469.887 455.386 434.533 349.661 84.8714 127.002 386.667 226.434 160.232 96.5441 308.374 147.012 182.585 42.6963 190.166 39.7349 63.6881 36.2686 222.659 185.027 72.7906 62.6832 125.789 28.6854 14.2315 80.0286 139.889 108.108
internal_count=10831 7190 3549 3445 3641 2909 732 1046 3641 2516 1125 659 2475 970 1426 359 2211 439 466 305 1863 1278 436 346 1049 164 140 700 1067 883
is_linear=0
shrinkage=0.05


Tree=47
num_leaves=31
num_cat=0
split_feature=7 4 7 18 8 15 10 12 5 19 4 7 7 14 8 7 8 18 8 4 8 8 16 1 7 7 0 7 7 13
split_gain=70.9574 57.6246 46.5035 37.9438 28.9251 26.6507 25.2589 23.5221 20.2889 18.7463 17.2219 15.7595 15.0577 15.6978 13.9093 13.8612 13.858 25.9161 13.6956 13.6438 12.6504 12.288 11.0442 11.705 10.7103 12.0669 10.4758 10.3898 13.6793 10.214
threshold=3291.5000000000005 3.5000000000000004 4613.5000000000009 1.0000000180025095e-35 0.038968119222907653 1.0000000180025095e-35 1.0000000180025095e-35 1.0000000180025095e-35 1.5000000000000002 1.0000000180025095e-35 2.5000000000000004 1102.5000000000002 1694.5000000000002 1.0000000180025095e-35 1.0000000180025095e-35 2582.5000000000005 0.52748650318266332 1.0000000180025095e-35 0.024498552749877209 2.5000000000000004 0.099041711255127882 0.15288517992323405 1.0000000180025095e-35 1.5000000000000002 5427.0000000000009 9893.0000000000018 1.0000000180025095e-35 1867.5000000000002 1034.5000000000002 1.0000000180025095e-35
decision_type=2 2 2 2 2 2 2 2 2 2 2 2 2 2 2 2 2 2 2 2 2 2 2 2 2 2 2 2 2 2
left_child=1 8 10 12 14 6 9 16 11 21 29 -1 -3 22 24 -15 17 -6 -16 -10 -19 -5 23 -14 26 -26 -4 28 -21 -2
right_child=2 3 4 5 7 -7 -8 -9 19 -11 -12 -13 13 15 18 -17 -18 20 -20 27 -22 -23 -24 -25 25 -27 -28 -29 -30 -31
leaf_value=0.045213470271540601 -0.021116352450802248 -0.037078873600992136 -0.031656808266415183 0.006243716022362472 -0.029492314322952712 0.069224399553370689 0.029760654843810741 0.030137678261798785 0.044024097915132482 0.061640434821696843 -0.047013848871426074 -0.023705213134734324 -0.049896227386912906 0.036239932581874641 0.066801368051029722 -0.052329934270749001 -0.050137145595193333 0.053978398166518032 0.0013265688716885718 0.05736035140722754 -0.0010599290834991846 -0.032774631402296438 0.0069542338494653971 -0.01314065502689179 0.029831016359746516 -0.051730257282798821 0.021266121120845208 0.030022247345419941 -0.0015574194745365962 0.048784734270838265
leaf_weight=10.948066208511589 19.607330791652206 63.189414732158184 27.909219413995743 33.965910159051418 109.34290552511811 19.602101802825928 71.80224958434701 25.287768382579088 100.56593945622444 8.3477931246161443 115.67789873853326 34.227017320692539 31.461565732955933 28.051837995648384 21.110995780676603 5.243085339665412 33.977644197642803 13.604641199111937 12.847176503390072 11.563232876360415 44.887390792369843 49.708781935274601 38.25655672699213 69.527949415147305 41.446138508617878 5.09206748753786 14.061822704970835 136.68327489495277 66.557366088032722 7.1250710487365714
leaf_count=117 166 494 163 248 799 171 514 148 1550 74 1807 247 184 166 150 32 396 79 86 116 328 314 218 384 276 70 72 1037 380 45
internal_value=0.000297767 0.00967961 -0.0145709 -0.00292707 -0.00475916 0.014127 0.00753445 -0.0153211 0.0243357 -0.00980795 -0.0386552 -0.00700295 -0.0161972 -0.00854976 0.0148266 0.0222925 -0.0210172 -0.015122 0.0420307 0.0288248 0.0117414 -0.016936 -0.0159244 -0.0245912 0.00438926 0.0209068 -0.0139257 0.0217089 0.00716345 -0.0024854
internal_weight=1271.68 779.702 491.978 419.157 349.568 183.427 163.825 227.1 360.545 92.0225 142.41 45.1751 235.73 172.541 122.467 33.2949 201.813 167.835 33.9582 315.37 58.492 83.6747 139.246 100.99 88.5092 46.5382 41.971 214.804 78.1206 26.7324
internal_count=10831 6246 4585 2799 2567 1321 1150 1750 3447 636 2018 364 1478 984 817 198 1602 1206 236 3083 407 562 786 568 581 346 235 1533 496 211
is_linear=0
shrinkage=0.05


Tree=48
num_leaves=31
num_cat=0
split_feature=8 18 15 19 17 16 17 16 15 0 8 3 8 12 9 11 10 4 17 13 10 14 11 10 4 11 10 14 10 13
split_gain=67.6391 44.9288 61.696 51.4512 56.0986 52.7873 27.0289 49.8493 48.6741 29.2001 24.3561 26.0635 21.37 15.4949 13.9917 14.7391 22.5244 12.0326 14.2685 11.2108 16.8166 14.0644 14.4234 11.0503 10.8184 10.4342 31.2324 26.772 10.3914 18.8673
threshold=0.035770800379660912 1.0000000180025095e-35 1.0000000180025095e-35 1.0000000180025095e-35 1.0000000180025095e-35 1.0000000180025095e-35 1.0000000180025095e-35 1.0000000180025095e-35 1.0000000180025095e-35 1.0000000180025095e-35 1.0000000180025095e-35 2.5000000000000004 0.072097267516584254 1.0000000180025095e-35 1.0000000180025095e-35 1.0000000180025095e-35 1.0000000180025095e-35 4.5000000000000009 1.0000000180025095e-35 1.0000000180025095e-35 1.0000000180025095e-35 1.0000000180025095e-35 1.0000000180025095e-35 1.0000000180025095e-35 1.5000000000000002 1.0000000180025095e-35 1.0000000180025095e-35 1.0000000180025095e-35 1.0000000180025095e-35 1.0000000180025095e-35
decision_type=2 2 2 2 2 2 2 2 2 2 2 2 2 2 2 2 2 2 2 2 2 2 2 2 2 2 2 2 2 2
left_child=10 6 3 4 5 12 13 8 9 -8 17 -12 -3 19 15 28 24 18 23 25 21 22 -21 -1 -17 -2 27 -27 -14 -30
right_child=1 2 -4 -5 -6 -7 7 -9 -10 -11 11 -13 14 -15 -16 16 -18 -19 -20 20 -22 -23 -24 -25 -26 26 -28 -29 29 -31
leaf_value=0.0013593177450100127 -0.039875026267027304 0.048292093845627583 0.071878956979562231 0.065013383061766059 0.067442916323249599 0.064452621072789859 0.065773133121244387 0.10043784758611039 0.084690125112880946 -0.025979213630025456 0.050164292228284835 -0.048224459383108875 -0.04461045063971928 0.013042324951467467 0.021702983500617751 0.046081719683782704 0.072666037519627719 -0.0044342903422316246 0.04101031001497956 -0.034386556586362652 0.066961120376601055 0.072291455766160764 0.067209701595898952 0.025792644845881698 -0.025981008210304708 -0.036570431188582865 0.084180442623260354 0.082920794660370736 -0.026232980089059527 0.073632247749347235
leaf_weight=122.08508145809174 177.79022363200784 11.109152551740406 31.827486727386713 27.015183411538601 23.30130248144269 20.195509430021048 9.4326737746596319 11.429451886564491 12.645944420248268 107.44836040586233 73.947222586721182 7.4050806760787955 91.387306127697229 23.891152698546648 16.593719899654388 5.9688623659312716 8.2796355560421926 94.266750827431679 48.0680319853127 42.877915158867836 6.5026365369558325 3.9376509562134734 3.8033012114465228 74.522640299052 40.863586641848087 64.034041542559862 6.8403862044215193 5.0578420832753173 75.519526608288288 5.0455470755696288
leaf_count=1080 1564 91 289 268 209 194 83 68 93 816 686 46 826 203 131 45 68 709 398 396 48 27 34 722 384 564 47 34 663 45
internal_value=0.000288185 -0.00796429 0.00543945 -0.00106143 -0.00704614 -0.0133586 -0.0180266 0.000340025 -0.0084926 -0.0185745 0.0166402 0.0412085 -0.0195267 -0.0257608 -0.0226188 -0.0258578 -0.00335631 0.0107433 0.0165908 -0.0287432 -0.00873091 -0.0184545 -0.0261091 0.0106206 -0.0167965 -0.0332486 -0.0177332 -0.0278231 -0.0330697 -0.0199787
internal_weight=1253.09 832.798 357.107 325.279 298.264 274.963 475.692 140.956 129.527 116.881 420.295 81.3523 254.767 334.735 243.658 227.064 55.1121 338.943 244.676 310.844 57.1215 50.6189 46.6812 196.608 46.8324 253.722 75.9323 69.0919 171.952 80.5651
internal_count=10831 7190 3213 2924 2656 2447 3977 1060 992 899 3641 732 2253 2917 2162 2031 497 2909 2200 2714 505 457 430 1802 429 2209 645 598 1534 708
is_linear=0
shrinkage=0.05


Tree=49
num_leaves=31
num_cat=0
split_feature=5 7 4 7 7 8 18 6 7 15 5 8 14 4 7 7 14 6 18 12 7 7 5 1 13 15 19 16 11 17
split_gain=64.4405 51.7489 46.2588 40.9735 26.5753 26.5313 26.0829 20.8983 19.2975 19.198 18.3035 17.5535 14.3545 13.5592 13.4085 14.0722 12.807 12.1879 15.4411 12.0781 12.1459 12.2278 11.8327 11.5482 11.2983 10.9331 12.4876 14.385 10.6339 10.4413
threshold=1.5000000000000002 3333.5000000000005 3.5000000000000004 4518.5000000000009 1102.5000000000002 0.15515501200874957 1.0000000180025095e-35 1.0000000180025095e-35 9893.0000000000018 1.0000000180025095e-35 1.0000000180025095e-35 0.1940853065540428 1.0000000180025095e-35 2.5000000000000004 1751.5000000000002 2613.5000000000005 1.0000000180025095e-35 1.5000000000000002 1.0000000180025095e-35 1.0000000180025095e-35 8031.5000000000009 9893.0000000000018 3.5000000000000004 1.5000000000000002 1.0000000180025095e-35 1.0000000180025095e-35 1.0000000180025095e-35 1.0000000180025095e-35 1.0000000180025095e-35 1.0000000180025095e-35
decision_type=2 2 2 2 2 2 2 2 2 2 2 2 2 2 2 2 2 2 2 2 2 2 2 2 2 2 2 2 2 2
left_child=4 2 7 -3 -1 8 14 -2 12 11 -6 -8 22 -9 -4 16 23 -12 -19 20 -7 -22 -5 -16 28 26 27 29 -15 -20
right_child=1 3 6 5 10 19 9 13 -10 -11 17 -13 -14 24 15 -17 -18 18 25 -21 21 -23 -24 -25 -26 -27 -28 -29 -30 -31
leaf_value=0.033267985265491504 -0.065032842837412091 -0.039022249122811832 -0.032684949715380454 0.011868137166130192 0.057363225991810554 -0.039305037647841011 0.028654319318506916 0.04535909635954552 -0.042792090146710163 0.066315267070138753 -0.063851719812409904 -0.0067959593326552496 0.043725988897874768 0.0071805343677754877 -0.033045784027881636 -0.039129626704077401 0.03600988551006392 -0.041753688417010687 -0.035014196272211827 0.026123242335342207 0.019992800570165847 -0.051400597783106045 -0.05269713658538569 0.0059736427995086471 0.044464798066116841 0.072311045232831189 0.065465771483703236 0.077771866052837077 0.034499132622318469 0.067453039294103914
leaf_weight=17.282705582678318 5.9318466633558264 89.541533891111612 51.566293329000473 127.2409598454833 5.5952933467924586 62.270345635712147 67.846846234053373 95.044280081987381 15.324110731482504 17.250698834657669 29.412105638533831 71.95063491910696 36.211725156754255 106.94182709604502 25.828631669282913 22.695103585720062 24.565373174846172 87.410741318017244 42.687670312821865 12.220576841384171 21.064593970775608 8.3849231936037523 7.5153581798076621 71.330399595201015 45.688484527170658 3.9153539314866057 4.4965198412537566 3.3873236104845992 53.413703214377165 2.6398679316043845
leaf_count=163 41 1347 396 765 38 616 551 1549 219 166 301 466 234 730 142 151 144 804 390 70 108 142 45 379 358 27 28 23 423 15
internal_value=0.000284865 0.00525064 0.0137115 -0.00945441 -0.025949 -0.000332247 0.00136756 0.0279054 0.0109598 0.0165498 -0.0316492 0.0104089 0.0157776 0.0297364 -0.0107983 -0.00298353 0.00375579 -0.0345124 -0.0285421 -0.0205709 -0.0267923 -0.000334465 0.00826733 -0.00439923 0.0225299 -0.0083267 -0.0142601 -0.021619 0.0162802 -0.0290465
internal_weight=1236.66 1039.83 660.054 379.774 196.828 290.233 353.034 307.02 186.292 157.048 179.545 139.797 170.968 301.088 195.986 144.42 121.724 173.95 144.537 103.94 91.7199 29.4495 134.756 97.159 206.044 57.1267 53.2114 48.7149 160.356 45.3275
internal_count=10831 9042 5496 3546 1789 2199 2395 3101 1263 1183 1626 1017 1044 3060 1212 816 665 1588 1287 936 866 250 810 521 1511 483 456 428 1153 405
is_linear=0
shrinkage=0.05


Tree=50
num_leaves=31
num_cat=0
split_feature=7 6 4 17 0 18 16 6 17 16 15 11 10 14 15 19 17 16 15 7 15 18 16 19 13 12 11 10 7 7
split_gain=55.8923 49.5564 32.2058 28.5134 45.0715 28.1478 24.6252 21.5553 20.9102 22.9654 20.6867 19.0388 41.8898 22.9888 18.9348 21.4375 18.1712 17.4418 17.292 17.2671 17.2101 39.4891 30.882 14.8167 13.6263 14.4154 13.1835 17.3986 12.6982 12.327
threshold=2720.5000000000005 1.0000000180025095e-35 2.5000000000000004 1.0000000180025095e-35 1.0000000180025095e-35 1.0000000180025095e-35 1.0000000180025095e-35 4.5000000000000009 1.0000000180025095e-35 1.0000000180025095e-35 1.0000000180025095e-35 1.0000000180025095e-35 1.0000000180025095e-35 1.0000000180025095e-35 1.0000000180025095e-35 1.0000000180025095e-35 1.0000000180025095e-35 1.0000000180025095e-35 1.0000000180025095e-35 2269.5000000000005 1.0000000180025095e-35 1.0000000180025095e-35 1.0000000180025095e-35 1.0000000180025095e-35 1.0000000180025095e-35 1.0000000180025095e-35 1.0000000180025095e-35 1.0000000180025095e-35 2205.5000000000005 948.50000000000011
decision_type=2 2 2 2 2 2 2 2 2 2 2 2 2 2 2 2 2 2 2 2 2 2 2 2 2 2 2 2 2 2
left_child=1 -1 -3 7 -5 8 18 11 26 10 23 20 13 24 15 16 17 19 -6 29 -2 22 -22 -10 25 -13 -4 28 -28 -7
right_child=3 2 5 4 6 14 -8 -9 9 -11 -12 12 -14 -15 -16 -17 -18 -19 -20 -21 21 -23 -24 -25 -26 -27 27 -29 -30 -31
leaf_value=-0.070541311531525583 -0.032411439520895119 0.039744396174454001 -0.017909492227525674 0.075347432286092794 -0.017475614748612384 0.058062482213875471 0.091373355992801525 0.046944202940892424 -0.0076002427676939675 0.086171022142508324 0.086789831946639237 -0.030468530195744761 0.072492239615011542 0.071518845133598574 0.062055350006351068 0.06010461333976639 0.060833780525570237 0.058196120968950799 0.076523893013825894 0.021052110932070801 -0.028686774225095746 0.086235432854243094 0.093173691853274149 0.061828260105653704 0.066134463828927903 0.083496233556414737 -0.017411370439824408 0.081634064452671837 0.03508267878271959 -0.015778531762920458
leaf_weight=18.718977957963943 236.9600346647203 90.032262310385704 164.39612097293139 21.717503935098648 80.263536009937525 5.9997258931398383 6.2101422026753417 12.584238890558479 65.573281832039356 10.801439702510832 7.6691750288009635 77.198348950594664 16.322974216192961 7.1647979617118827 24.280421335250139 24.151204369962215 16.32120468840003 14.630354255437849 5.2101105377078047 67.17907227575779 65.182098891586065 10.205184187740086 5.6496152952313414 8.7045599669218046 4.1890580877661696 2.8782039768993846 35.905554808676243 7.3293620944023123 16.962793201208115 97.521574139595032
leaf_count=129 2428 1515 1033 150 677 58 45 102 390 55 50 794 126 57 241 237 177 157 33 499 664 70 33 76 29 21 246 50 115 590
internal_value=4.27086e-05 0.00967872 0.0119627 -0.0117667 0.0105805 0.00755467 -0.00476109 -0.0175481 -0.00233123 0.0176412 0.00860826 -0.0194543 -0.00129047 -0.0144628 0.0200993 0.0155878 0.0102562 0.00580208 -0.0117458 0.0013115 -0.0256092 -0.00571863 -0.018967 0.000536027 -0.0217735 -0.0263723 -0.0105791 0.00943991 -0.000568671 -0.011499
internal_weight=1227.91 676.177 657.458 551.736 113.401 567.426 91.6838 438.335 317.342 92.7485 81.947 425.75 107.753 91.4304 250.084 225.803 201.652 185.331 85.4736 170.7 317.997 81.0369 70.8317 74.2778 84.2656 80.0766 224.594 60.1977 52.8683 103.521
internal_count=10847 5618 5489 5229 905 3974 755 4324 2015 571 516 4222 1027 901 1959 1718 1481 1304 710 1147 3195 767 697 466 844 815 1444 411 361 648
is_linear=0
shrinkage=0.05


Tree=51
num_leaves=31
num_cat=0
split_feature=7 6 8 4 18 15 7 11 18 17 16 15 17 15 19 8 16 1 4 8 17 7 10 11 19 14 13 11 14 11
split_gain=51.2163 45.7895 30.6099 30.5627 25.969 24.9612 23.1759 24.7206 22.0865 19.0207 21.3668 19.3133 19.0133 18.2101 20.5535 20.8858 17.235 15.874 15.6185 15.2914 15.1541 14.7834 14.73 14.4971 13.9053 13.3103 14.1961 12.9958 12.8185 12.1791
threshold=2720.5000000000005 1.0000000180025095e-35 0.27314794216319577 2.5000000000000004 1.0000000180025095e-35 1.0000000180025095e-35 4788.5000000000009 1.0000000180025095e-35 1.0000000180025095e-35 1.0000000180025095e-35 1.0000000180025095e-35 1.0000000180025095e-35 1.0000000180025095e-35 1.0000000180025095e-35 1.0000000180025095e-35 0.1940853065540428 1.0000000180025095e-35 1.5000000000000002 2.5000000000000004 0.088059473548808567 1.0000000180025095e-35 3561.5000000000005 1.0000000180025095e-35 1.0000000180025095e-35 1.0000000180025095e-35 1.0000000180025095e-35 1.0000000180025095e-35 1.0000000180025095e-35 1.0000000180025095e-35 1.0000000180025095e-35
decision_type=2 2 2 2 2 2 2 2 2 2 2 2 2 2 2 2 2 2 2 2 2 2 2 2 2 2 2 2 2 2
left_child=1 -1 5 -3 9 6 22 28 12 19 11 24 16 14 15 -6 -7 -17 20 23 21 -4 -2 -5 -11 26 29 -19 -8 -24
right_child=2 3 18 4 13 8 7 -9 -10 10 -12 -13 -14 -15 -16 17 -18 27 -20 -21 -22 -23 25 -25 -26 -27 -28 -29 -30 -31
leaf_value=-0.068751399176366398 -0.040765577613466102 0.039117395182296788 0.064242217917783881 -0.0074525959016042993 0.027100490989889266 -0.0095653783339440211 -0.019705253182830604 0.027810543545795697 0.079387181173408705 -0.007234858306398282 0.08391790223276803 0.085029296693510142 0.08650882588686018 0.061517035073068264 0.059652221238645699 -0.032012345753446275 0.075833563377664781 -0.0042600182434925837 -0.043074606788529174 -0.022176311848938909 0.043806798228046964 -0.032062943159001808 -0.030237916160929662 0.034535746657695786 0.06126657555676647 0.093892033067806482 0.089187734197884963 0.044821629606315944 0.016718254294973065 0.063066410782163962
leaf_weight=18.25782847777009 76.957016140222549 86.979510366916656 4.427668619900941 75.203125685453415 93.43971836194396 53.220170814543962 104.52304257079959 57.540487494319677 13.40897850319743 65.444094680249691 10.543418571352957 7.4423373639583579 7.0897560194134703 23.29324459284544 23.14315040782094 36.522888876497746 6.6458651982247821 51.009562037885189 93.761911489069462 120.54203983396292 10.726748928427694 39.846018198877573 34.191269356757402 28.290597721934319 8.3540200069546682 3.1836169324815264 3.185223549604415 18.334115773439407 31.415374085307121 3.895980227738618
leaf_count=129 888 1515 41 460 796 469 726 376 113 390 55 50 48 241 237 231 45 324 1358 788 63 404 390 196 76 20 31 130 218 39
internal_value=5.09462e-05 0.00933941 -0.0113338 0.0115378 0.00726608 -0.00405772 -0.0104054 0.000340034 0.0208143 -0.00221854 0.0169522 0.0082614 0.00908413 0.0194554 0.015051 0.00987195 -8.5047e-05 -0.00533426 -0.0306663 -0.0100725 -0.00951325 -0.0224318 -0.0275289 0.00402516 0.000519572 -0.00461507 -0.0122136 0.00871692 -0.0112878 -0.0206937
internal_weight=1210.82 666.8 544.019 648.542 561.562 395.257 314.892 193.479 80.3648 315.82 91.7839 81.2405 66.9558 245.743 222.449 199.306 59.866 105.867 148.762 224.036 55.0004 44.2737 121.413 103.494 73.7981 44.4561 41.2725 69.3437 135.938 38.0872
internal_count=10847 5618 5229 5489 3974 3363 2688 1320 675 2015 571 516 562 1959 1718 1481 514 685 1866 1444 508 445 1368 656 466 480 460 454 944 429
is_linear=0
shrinkage=0.05


Tree=52
num_leaves=31
num_cat=0
split_feature=10 11 14 14 12 11 8 9 9 12 8 5 7 7 18 1 8 7 4 3 9 6 12 11 8 15 11 7 7 4
split_gain=48.6526 74.5045 67.109 37.5239 35.9811 33.668 30.7096 25.9859 23.5495 22.7439 22.2761 19.7586 18.4018 15.0477 14.5524 13.9675 12.788 10.9084 14.6157 12.8036 10.8526 13.3394 10.2677 14.3105 10.1306 9.64177 9.2847 9.20814 18.8819 12.6266
threshold=1.0000000180025095e-35 1.0000000180025095e-35 1.0000000180025095e-35 1.0000000180025095e-35 1.0000000180025095e-35 1.0000000180025095e-35 0.024498552749877209 1.0000000180025095e-35 1.0000000180025095e-35 1.0000000180025095e-35 1.0000000180025095e-35 1.5000000000000002 3291.5000000000005 2970.5000000000005 1.0000000180025095e-35 1.0000000180025095e-35 0.1940853065540428 5314.0000000000009 3.5000000000000004 1.0000000180025095e-35 1.0000000180025095e-35 1.5000000000000002 1.0000000180025095e-35 1.0000000180025095e-35 0.049486238824627889 1.0000000180025095e-35 1.0000000180025095e-35 1680.5000000000002 2636.5000000000005 4.5000000000000009
decision_type=2 2 2 2 2 2 2 2 2 2 2 2 2 2 2 2 2 2 2 2 2 2 2 2 2 2 2 2 2 2
left_child=3 2 4 6 8 7 10 9 12 27 13 -8 14 -1 15 -2 -16 19 -19 -14 21 -13 -23 24 -24 -18 -22 -5 -29 -30
right_child=1 -3 -4 5 -6 -7 11 -9 -10 -11 -12 20 17 -15 16 -17 25 18 -20 -21 26 22 23 -25 -26 -27 -28 28 29 -31
leaf_value=0.010276928536186067 -0.069598440051694646 0.068964924778106979 0.068543213440382139 -0.037059157023771626 0.070585717389293576 0.063954199817819343 -0.049664068403670242 0.078698787091826983 0.062363539100169896 0.072512020792739648 0.058034640154343502 -0.048421726368023832 -0.043210340803839932 -0.02143362629969776 0.034524509044952245 -0.0048723670220399851 -0.009407252307112644 -0.019963732133239098 0.039198587704573046 0.031565989156973541 -0.0024380932495750747 -0.020980537553571453 0.10797254175587288 0.073609868377719045 -0.015146676997696177 0.070518492739535407 0.069377351065964418 0.018832120109534316 -0.0076148053015121023 -0.056930116625294548
leaf_weight=89.166682738810778 9.0869633071124536 52.562177371233702 38.31057470664382 21.473745960742235 16.708274822682142 25.755033001303673 57.586475975811481 10.5944367647171 12.662972912192343 9.6328251697123033 16.544446166604757 38.482251100242138 60.053131893277168 64.453713409602642 48.30467813834548 100.70335596427321 42.146034438163042 46.373695999383926 13.471876107156275 6.3278039544820777 29.616535916924477 204.97468464821577 1.7837928235530878 6.7713732831180087 26.373686652630568 4.1443629488348952 5.3070993460714808 60.905783180147409 57.724764190614223 16.744770422577858
leaf_count=723 63 526 374 188 151 268 614 86 131 78 147 396 813 565 497 758 308 343 117 50 246 1810 14 57 204 45 48 482 525 220
internal_value=5.35108e-05 0.013014 0.00563023 -0.00780154 -0.00106517 0.0105395 -0.0146772 0.00277059 -0.00455265 -0.00206126 0.00290914 -0.0227457 -0.00711565 -0.0030277 0.0021546 -0.0102295 0.016528 -0.022126 -0.00664566 -0.0360822 -0.0177981 -0.0210941 -0.0167105 0.00834745 -0.007347 -0.00225153 0.00847519 -0.00664115 -0.00181613 -0.0187035
internal_weight=1194.75 450.856 398.294 743.892 359.983 202.831 541.061 177.076 343.275 166.482 170.165 370.896 330.612 153.62 204.385 109.79 94.5951 126.227 59.8456 66.3809 313.309 278.386 239.904 34.9289 28.1575 46.2904 34.9236 156.849 135.375 74.4695
internal_count=10847 4176 3650 6671 3276 1847 4824 1579 3125 1493 1435 3389 2994 1288 1671 821 850 1323 460 863 2775 2481 2085 275 218 353 294 1415 1227 745
is_linear=0
shrinkage=0.05


Tree=53
num_leaves=31
num_cat=0
split_feature=10 11 14 13 14 13 11 9 9 7 5 5 9 11 13 6 7 13 11 0 17 16 0 17 7 7 6 7 7 7
split_gain=44.6425 70.6224 63.2908 70.6234 34.2178 39.0144 43.8934 32.6277 24.8291 23.5641 24.5887 18.0181 14.3496 15.0516 31.7031 12.3513 11.0035 10.3714 13.4873 9.47597 10.6341 11.6215 9.02033 17.8029 13.5268 20.1641 10.0936 8.65095 11.3892 8.57017
threshold=1.0000000180025095e-35 1.0000000180025095e-35 1.0000000180025095e-35 1.0000000180025095e-35 1.0000000180025095e-35 1.0000000180025095e-35 1.0000000180025095e-35 1.0000000180025095e-35 1.0000000180025095e-35 994.50000000000011 1.5000000000000002 1.5000000000000002 1.0000000180025095e-35 1.0000000180025095e-35 1.0000000180025095e-35 1.5000000000000002 1034.5000000000002 1.0000000180025095e-35 1.0000000180025095e-35 1.0000000180025095e-35 1.0000000180025095e-35 1.0000000180025095e-35 1.0000000180025095e-35 1.0000000180025095e-35 1475.5000000000002 2829.5000000000005 1.5000000000000002 1680.5000000000002 2582.5000000000005 2613.5000000000005
decision_type=2 2 2 2 2 2 2 2 2 2 2 2 2 2 2 2 2 2 2 2 2 2 2 2 2 2 2 2 2 2
left_child=4 2 3 8 9 6 7 27 11 -1 -11 -2 13 15 19 -12 -13 18 29 20 21 -15 23 24 -18 -26 -24 -6 -29 -14
right_child=1 -3 -4 -5 5 -7 -8 -9 -10 10 12 16 17 14 -16 -17 22 -19 -20 -21 -22 -23 26 -25 25 -27 -28 28 -30 -31
leaf_value=0.046109129505057286 -0.038949998202012587 0.068254545980772505 0.067859939464091051 0.067541650083623034 -0.046058383633436999 0.067430748233679449 0.063351852051862501 0.077756524334972266 0.06189489848596659 -0.041301100741665951 -0.052581626825572859 0.049517048105037931 0.013294600101010166 -0.0090661901073708327 0.062096740574909728 -0.018399217824480549 -0.064242292710022963 0.06700937508060989 0.068131094081509691 -0.023993054091777627 0.076204177053961916 0.058518382136012619 -0.057659740498385098 0.06514595670133877 0.017058676390596498 -0.022886285191825971 -0.012708746060227398 0.0093802640971395804 -0.022228640778700345 -0.037273890655765335
leaf_weight=15.790448099374769 48.652673222124577 50.505908541381359 36.799795497208834 33.96924115344882 19.206093866378069 25.895821820944548 24.725987214595079 10.19676600396633 12.134285666048525 80.483410179615021 30.841156102716923 8.6887591034173948 19.317647092044353 76.64523247256875 16.636821020394564 184.63942988961935 8.8338479623198491 7.8385843373835078 6.874092210084199 71.264921244233847 4.4103958122432223 6.9363953359425059 14.493308044970034 9.8648386150598508 72.780821453779936 55.827069789171219 90.276590216904879 46.69166088104248 73.136743050068617 14.795950155705212
leaf_count=199 472 526 374 353 163 237 268 86 131 802 296 109 133 717 170 1550 66 70 64 553 49 75 125 86 641 585 708 351 742 146
internal_value=5.82216e-05 0.0126034 0.0054391 -0.00102204 -0.00748645 0.0101731 0.00164954 -0.00857385 -0.0082652 -0.0140652 -0.01589 -0.0110166 -0.011244 -0.0144326 -0.00357974 -0.0232917 -0.00580493 0.0143143 0.00423681 -0.0104407 0.000535469 -0.00345738 -0.00771181 0.000264876 -0.00439194 -0.00028093 -0.018927 -0.0149053 -0.00991209 -0.00863826
internal_weight=1179.15 442.827 392.321 355.521 736.328 199.853 173.957 149.231 321.552 536.474 520.684 309.418 440.201 391.374 175.894 215.481 260.765 48.8263 40.9877 159.257 87.992 83.5816 252.076 147.307 137.442 128.608 104.77 139.034 119.828 34.1136
internal_count=10847 4176 3650 3276 6671 1847 1610 1342 2923 4824 4625 2792 3823 3410 1564 1846 2320 413 343 1394 841 792 2211 1378 1292 1226 833 1256 1093 279
is_linear=0
shrinkage=0.05


Tree=54
num_leaves=31
num_cat=0
split_feature=8 18 7 1 5 15 15 19 17 16 7 17 0 10 16 17 19 7 7 12 7 7 16 19 8 8 7 11 7 17
split_gain=42.0834 37.5985 21.5659 20.9814 20.4723 20.3253 18.9213 18.4134 20.2413 23.7949 20.0656 17.0449 16.3517 15.7975 14.1704 29.4935 16.0346 13.791 14.4253 14.3053 13.6152 13.7946 12.531 12.3757 11.8551 15.1781 14.2516 11.5736 10.8026 10.7209
threshold=0.1940853065540428 1.0000000180025095e-35 3523.0000000000005 1.5000000000000002 1.5000000000000002 1.0000000180025095e-35 1.0000000180025095e-35 1.0000000180025095e-35 1.0000000180025095e-35 1.0000000180025095e-35 2741.0000000000005 1.0000000180025095e-35 1.0000000180025095e-35 1.0000000180025095e-35 1.0000000180025095e-35 1.0000000180025095e-35 1.0000000180025095e-35 7746.0000000000009 9893.0000000000018 1.0000000180025095e-35 1137.5000000000002 2119.5000000000005 1.0000000180025095e-35 1.0000000180025095e-35 0.024498552749877209 1.0000000180025095e-35 1204.5000000000002 1.0000000180025095e-35 1102.5000000000002 1.0000000180025095e-35
decision_type=2 2 2 2 2 2 2 2 2 2 2 2 2 2 2 2 2 2 2 2 2 2 2 2 2 2 2 2 2 2
left_child=1 4 3 20 28 14 7 8 9 10 -3 22 -5 -12 24 16 -16 19 -19 -4 -2 -22 23 -7 25 -6 -26 -15 -1 -28
right_child=2 6 17 12 5 11 -8 -9 -10 -11 13 -13 -14 27 15 -17 -18 18 -20 -21 21 -23 -24 -25 26 -27 29 -29 -30 -31
leaf_value=0.033450826625899155 0.03726171390934422 0.018176071551718704 -0.042899797440387605 0.014086952655195368 -0.0054611672665446816 0.00099558953493008705 0.063141008493097284 0.059827636566186053 0.058166768103515135 0.060143495547626262 -0.03621835173867801 0.079775372511541431 -0.017153372910805924 -0.0029282719751697432 -0.0065528074187811815 0.077426544199870384 0.061497266363218034 0.013929627197448155 -0.057756918449313722 0.01754569958909975 -0.053254879472620087 -0.012357461213421812 0.065713720234466241 0.063158570436861655 0.038074003155675579 0.054117983827080864 -0.043255408097380876 0.081187594002646565 -0.03285190122106553 -0.011813750061360755
leaf_weight=6.8270856477320185 8.2703383788466436 85.379824172705412 97.714810822159052 141.48984994739294 65.971064854413271 67.594868198037148 26.352991215884686 23.962680473923683 22.525369163602591 19.440058119595051 44.63805940374732 11.684447027742861 59.500629175454378 25.902893327176574 77.700235329568386 14.76619230955839 9.7417824193835241 30.722990058362484 9.0951001308858377 10.87801782414317 36.218238394707441 47.870171252638102 10.873671442270277 9.0823226571083051 9.4585802145302278 12.756847172975538 49.09765038266778 4.855960000306367 61.339901316910982 60.544937074184418
leaf_count=74 79 782 1519 1194 511 572 337 287 273 253 393 115 459 216 594 113 106 161 174 93 290 372 116 99 74 107 404 36 572 472
internal_value=6.69042e-05 0.00751682 -0.0120837 -0.00422589 -0.00088718 0.00343639 0.0230404 0.018379 0.01348 0.0078946 0.00157701 0.0230523 0.00483866 -0.0172199 -0.00305144 0.0120659 0.00102855 -0.0276154 -0.00244475 -0.0368448 -0.0239521 -0.0299726 0.0154821 0.00835872 -0.0108618 0.00419287 -0.0208132 0.0103513 -0.0262115 -0.0258932
internal_weight=1162.26 720.497 441.76 293.349 467.44 399.273 253.058 226.705 202.742 180.217 160.777 99.2353 200.99 75.3969 300.037 102.208 87.442 148.411 39.8181 108.593 92.3587 84.0884 87.5509 76.6772 197.829 78.7279 119.101 30.7589 68.167 109.643
internal_count=10847 6506 4341 2394 3929 3283 2577 2240 1953 1680 1427 902 1653 645 2381 813 700 1947 335 1612 741 662 787 671 1568 618 950 252 646 876
is_linear=0
shrinkage=0.05


Tree=55
num_leaves=31
num_cat=0
split_feature=5 8 7 17 0 0 16 7 3 7 16 15 12 5 8 7 7 8 3 7 16 0 0 8 6 2 11 13 15 9
split_gain=53.4723 44.4741 28.0282 27.8855 24.8273 22.1494 42.1114 24.0335 21.5085 19.9691 18.1344 20.4056 13.6995 13.6927 13.6571 20.6673 18.449 16.3397 13.6192 12.9675 12.5242 17.2751 11.2901 10.742 10.4205 10.769 9.98175 9.89972 9.33065 9.06946
threshold=1.5000000000000002 0.056901025765771947 1102.5000000000002 1.0000000180025095e-35 1.0000000180025095e-35 1.0000000180025095e-35 1.0000000180025095e-35 2775.5000000000005 2.5000000000000004 2259.5000000000005 1.0000000180025095e-35 1.0000000180025095e-35 1.0000000180025095e-35 1.0000000180025095e-35 1.0000000180025095e-35 3333.5000000000005 5230.0000000000009 0.024498552749877209 1.0000000180025095e-35 1283.5000000000002 1.0000000180025095e-35 1.0000000180025095e-35 1.0000000180025095e-35 0.28327923871349014 3.5000000000000004 1.5000000000000002 1.0000000180025095e-35 1.0000000180025095e-35 1.0000000180025095e-35 1.0000000180025095e-35
decision_type=2 2 2 2 2 2 2 2 2 2 2 2 2 2 2 2 2 2 2 2 2 2 2 2 2 2 2 2 2 2
left_child=2 8 -1 5 -5 6 7 9 14 -3 11 19 -7 -4 15 -2 18 -16 -17 -6 -15 -22 -19 26 -11 -26 27 -9 -14 -21
right_child=1 3 13 4 10 12 -8 23 -10 24 -12 -13 28 20 17 16 -18 22 -20 29 21 -23 -24 -25 25 -27 -28 -29 -30 -31
leaf_value=0.036216332068001032 0.024814498800591066 -0.010127889618841226 0.056666043614232359 0.063671649116935292 0.05270659298856642 -0.030311931323573404 0.064659615954269112 -0.03265010493500077 -0.031703051683353176 0.031841310117025359 0.081551932283389472 0.091995126058375454 -0.0054079141537617531 -0.040393944206542312 0.062064989542957673 -0.029357470568946227 0.023668211095631161 0.047198654680236166 0.086784453593347827 -0.019471404307188103 0.069813506843123541 -0.024796123536167031 0.0042060553677713856 -0.036657467956922228 0.026008450124961637 -0.054459773446997387 0.028516477946273051 0.024924465257920463 0.097037528598261175 0.055858542113731272
leaf_weight=16.881589759141207 170.87904155254364 103.08865979686379 4.2869121581315985 23.951909739524126 7.9961946159601203 129.11374520882964 21.966062769293785 33.040820114314556 20.573913112282753 65.737634140998125 7.32531539723277 5.5375781245529643 6.1776238679885846 129.61788452416658 38.434074476361275 50.395511284470558 33.931714486330748 24.927579551935196 2.6572271734476081 62.622834485024214 6.2551241591572788 21.102206937968731 39.416487168520689 70.745084617286921 8.7050714418292063 7.9595278427004805 14.387468688189982 9.6459172181785089 3.4716964289546013 4.2679536901414385
leaf_count=173 1704 781 32 266 56 1136 226 295 165 641 52 39 50 1316 439 482 276 298 12 480 45 225 293 1026 66 54 115 81 23 29
internal_value=9.17511e-05 0.00472937 -0.025081 -0.00392136 0.0185528 -0.00921713 -0.00226402 -0.00695601 0.0180213 0.00453949 0.00623731 -0.000622577 -0.0260171 -0.0314979 0.020858 0.0147152 -0.00512477 0.0362698 -0.0235403 -0.00747127 -0.0339056 -0.00316408 0.0208618 -0.0236382 0.022889 -0.0124257 -0.00750053 -0.01964 0.0314506 -0.014665
internal_weight=1145.1 966.957 178.144 585.741 111.702 474.039 335.276 313.31 381.216 185.491 87.7499 80.4246 138.763 161.262 360.642 257.863 86.9845 102.778 53.0527 74.887 156.975 27.3573 64.3441 127.819 82.4022 16.6646 57.0742 42.6867 9.64932 66.8908
internal_count=10876 9085 1791 5416 922 4494 3285 3059 3669 1542 656 604 1209 1618 3504 2474 770 1030 494 565 1586 270 591 1517 761 120 491 376 73 509
is_linear=0
shrinkage=0.05


Tree=56
num_leaves=31
num_cat=0
split_feature=5 8 7 17 7 7 3 12 18 15 16 6 4 19 7 8 7 7 8 5 3 1 7 8 4 1 7 18 15 7
split_gain=49.104 40.774 25.7528 25.5381 19.9256 25.1225 19.6708 19.6497 15.978 19.2137 18.1111 14.6868 14.0385 13.7371 13.4539 12.7674 18.8967 16.9067 15.9563 12.5677 12.5339 11.91 11.6925 10.418 10.3514 11.4053 9.92016 9.12999 10.9373 8.48678
threshold=1.5000000000000002 0.056901025765771947 1102.5000000000002 1.0000000180025095e-35 2775.5000000000005 1867.5000000000002 2.5000000000000004 1.0000000180025095e-35 1.0000000180025095e-35 1.0000000180025095e-35 1.0000000180025095e-35 4.5000000000000009 2.5000000000000004 1.0000000180025095e-35 863.50000000000011 1.0000000180025095e-35 3333.5000000000005 5230.0000000000009 0.024498552749877209 1.0000000180025095e-35 1.0000000180025095e-35 1.0000000180025095e-35 7683.5000000000009 0.1940853065540428 2.5000000000000004 1.0000000180025095e-35 1876.5000000000002 1.0000000180025095e-35 1.0000000180025095e-35 1034.5000000000002
decision_type=2 2 2 2 2 2 2 2 2 2 2 2 2 2 2 2 2 2 2 2 2 2 2 2 2 2 2 2 2 2
left_child=2 6 -1 4 5 14 15 11 9 10 13 -6 -7 -5 -3 16 24 20 -17 -4 -18 23 -21 -14 -2 -26 29 28 -20 -27
right_child=1 3 19 8 7 12 -8 -9 -10 -11 -12 -13 21 -15 -16 18 17 -19 27 22 -22 -23 -24 -25 25 26 -28 -29 -30 -31
leaf_value=0.035074185983307346 0.052738941476075302 0.055330838753443516 0.054632131859879335 -0.0099442361170088631 -0.02924468674724557 0.050524000460203659 -0.030258136501999884 0.026736761496288043 0.066338102279719799 0.081957320110071383 0.079776675001914182 0.066281771424006694 0.023229831706096098 0.06303129468493511 -0.027629491216667919 0.061328142590087467 -0.02835729744253029 0.022756576905798728 0.0002531846900370068 -0.039561189656265337 0.084196963921340517 0.0096386529750203329 -0.0048938682770832131 -0.058407597154616853 -0.02557065411391711 0.05885162761476681 0.032411056015341985 0.052648449748104453 0.074333975079387923 -0.0068942389795756528
leaf_weight=16.567865505814552 26.249111015349627 5.1961851939558974 4.2257675081491461 72.581037223339081 164.48976938426495 18.917524725198746 20.480991911143064 18.993158273398876 14.746856711804865 8.5429092422127706 7.1191498413681975 4.1245375722646704 5.6690515279769924 7.0776684544980517 82.142554633319378 36.98782292753458 49.585326433181763 33.536756154149771 41.974698211997747 124.11344595625997 2.6033048033714286 156.41566763073206 30.250497289001942 12.579477258026598 13.271110169589518 5.7243401221930972 89.017799332737923 16.052555084228516 5.6534726209938517 34.43895460665226
leaf_count=173 558 75 32 552 1992 355 165 151 165 78 52 33 44 75 682 439 482 276 329 1325 12 1086 261 76 101 62 794 198 64 189
internal_value=9.22921e-05 0.00455932 -0.0242419 -0.00376808 -0.0088595 -0.000433106 0.0173881 -0.021477 0.0179047 0.0104117 0.0033683 -0.026908 0.00961031 -0.00346037 -0.0226938 0.0201363 0.0141726 -0.00494292 0.0352087 -0.0304386 -0.0227428 0.00517903 -0.0327675 -0.0330463 0.0238861 0.0185695 0.0231041 0.0200377 0.00904659 0.0024763
internal_weight=1129.33 954.172 175.158 578.596 468.528 280.92 375.576 187.607 110.068 95.3208 86.7779 168.614 193.582 79.6587 87.3387 355.095 254.427 85.7254 100.669 158.59 52.1886 174.664 154.364 18.2485 168.701 142.452 129.181 63.6807 47.6282 40.1633
internal_count=10876 9085 1791 5416 4494 2318 3669 2176 922 757 679 2025 1561 627 757 3504 2474 770 1030 1618 494 1206 1586 120 1704 1146 1045 591 393 251
is_linear=0
shrinkage=0.05


Tree=57
num_leaves=31
num_cat=0
split_feature=5 14 10 11 13 10 13 11 9 7 11 13 9 9 6 6 6 1 7 5 4 7 17 0 16 0 7 7 7 7
split_gain=45.0243 30.0169 26.8544 46.3831 51.3135 23.6171 25.3995 31.7075 23.9876 23.6159 16.1223 27.0705 16.1878 15.6308 12.5912 12.4161 12.2794 12.9544 13.8609 11.5376 10.4497 9.48304 9.3418 11.7484 12.9544 11.0527 11.2784 10.512 10.6038 10.0484
threshold=1.5000000000000002 1.0000000180025095e-35 1.0000000180025095e-35 1.0000000180025095e-35 1.0000000180025095e-35 1.0000000180025095e-35 1.0000000180025095e-35 1.0000000180025095e-35 1.0000000180025095e-35 1102.5000000000002 1.0000000180025095e-35 1.0000000180025095e-35 1.0000000180025095e-35 1.0000000180025095e-35 1.5000000000000002 4.5000000000000009 1.5000000000000002 3.5000000000000004 7583.0000000000009 1.0000000180025095e-35 4.5000000000000009 9893.0000000000018 1.0000000180025095e-35 1.0000000180025095e-35 1.0000000180025095e-35 1.0000000180025095e-35 2775.5000000000005 1475.5000000000002 1034.5000000000002 1283.5000000000002
decision_type=2 2 2 2 2 2 2 2 2 2 2 2 2 2 2 2 2 2 2 2 2 2 2 2 2 2 2 2 2 2
left_child=9 2 10 4 13 6 7 8 15 -1 14 12 20 22 -2 -3 -11 18 19 -18 -12 -20 25 -24 29 26 27 28 -4 -25
right_child=1 5 3 -5 -6 -7 -8 -9 -10 16 11 -13 -14 -15 -16 -17 17 -19 21 -21 -22 -23 23 24 -26 -27 -28 -29 -30 -31
leaf_value=0.033951902490528915 -0.044712708884051988 -0.013334632800680899 0.042248503267156387 0.06451014126639075 0.066361432458813222 0.064387916198593437 0.06475801339862379 0.064212012230074098 0.076032954207250758 -0.061642521050082028 0.0014464898136480786 0.059952159833684439 0.06810580010115827 0.059261301207547704 -0.011922611352043179 0.082883636701350683 0.071176575184942262 -0.059599823638280848 0.031876467575721552 -0.029009595873098228 -0.027059162790602623 -0.054509576523931381 0.062776220036435487 0.060948907607756411 0.090860425140799395 -0.027817786574957232 -0.019752768312408676 0.017164999672163929 -0.064052103670805036 -0.01719369271340641
leaf_weight=16.267513688653708 33.816543705761433 101.80388182029128 3.2595288604497901 35.885585844516754 29.761846378445625 28.429326988756657 21.912549801170826 20.339005948975682 8.741133760660885 24.771655339747667 111.23030902817845 18.834713373333216 7.5628155879676333 9.7021829932928068 218.08209901675582 3.4669895693659774 2.9747113473713389 20.678319618105888 19.489786170423034 84.615940038114786 45.220493391156197 3.7955639883875838 9.8473058454692346 4.7216108366847029 3.7136034257709971 62.017065517604351 54.933097060769796 68.261330895125866 8.3709377683699113 31.96802332252264
leaf_count=173 354 957 48 460 349 335 222 243 81 298 1018 224 75 118 1898 25 23 227 105 881 413 84 100 33 24 550 613 629 63 253
internal_value=9.4558e-05 0.00439657 -1.17881e-05 0.0109219 0.00421107 0.0224696 0.0148434 0.00670231 -0.00355705 -0.0233825 -0.00812109 0.00318033 -0.00333913 -0.002992 -0.0163246 -0.0101658 -0.0293488 -0.0232679 -0.0164921 -0.0256071 -0.00679278 0.0177953 -0.0054364 0.0138053 0.00186986 -0.0103485 -0.00231293 0.00967859 -0.0342605 -0.00713748
internal_weight=1114.48 941.882 757.189 322.442 286.557 184.693 156.264 134.351 114.012 172.593 434.747 182.848 164.014 256.795 251.899 105.271 156.326 131.554 110.876 87.5907 156.451 23.2854 247.093 50.2505 40.4032 196.842 134.825 79.8918 11.6305 36.6896
internal_count=10876 9085 7222 3240 2780 1863 1528 1306 1063 1791 3982 1730 1506 2431 2252 982 1618 1320 1093 904 1431 189 2313 410 310 1903 1353 740 111 286
is_linear=0
shrinkage=0.05


Tree=58
num_leaves=31
num_cat=0
split_feature=8 5 10 11 13 14 12 8 7 8 7 7 9 14 11 13 12 9 4 7 7 7 11 18 5 1 0 4 7 16
split_gain=43.2093 26.6429 22.8614 31.6588 36.9772 27.0995 26.2784 18.813 22.3253 20.122 17.9355 17.304 16.2359 13.843 21.4837 28.2138 17.8092 13.5985 13.0337 10.8887 9.88087 11.5236 9.83877 9.30223 9.05374 8.73287 11.4682 8.32332 13.5528 8.2654
threshold=0.038968119222907653 1.5000000000000002 1.0000000180025095e-35 1.0000000180025095e-35 1.0000000180025095e-35 1.0000000180025095e-35 1.0000000180025095e-35 1.0000000180025095e-35 3241.0000000000005 0.019830051785312244 4721.5000000000009 1137.5000000000002 1.0000000180025095e-35 1.0000000180025095e-35 1.0000000180025095e-35 1.0000000180025095e-35 1.0000000180025095e-35 1.0000000180025095e-35 2.5000000000000004 2741.0000000000005 1971.5000000000002 1034.5000000000002 1.0000000180025095e-35 1.0000000180025095e-35 1.5000000000000002 1.5000000000000002 1.0000000180025095e-35 2.5000000000000004 7096.5000000000009 1.0000000180025095e-35
decision_type=2 2 2 2 2 2 2 2 2 2 2 2 2 2 2 2 2 2 2 2 2 2 2 2 2 2 2 2 2 2
left_child=7 11 12 4 5 6 17 8 18 -9 -10 -2 13 27 15 16 -15 -4 -1 -14 21 -20 -12 -11 -23 26 -22 28 -3 -29
right_child=1 2 3 -5 -6 -7 -8 9 10 23 22 -13 19 14 -16 -17 -18 -19 20 -21 25 24 -24 -25 -26 -27 -28 29 -30 -31
leaf_value=0.050817252554266702 0.028018154486341248 0.018177199574226657 -0.015910177610470654 0.068836223869198007 0.070701223490222634 0.06632671196043527 0.072409792287431898 0.064836699457536284 -0.039535393892656374 5.0165216031983059e-05 -0.0084801051147413691 -0.036024235819057636 0.040140600727378059 -0.025748239317507988 0.067233495270574026 0.064147454459879502 0.075746012195840415 0.060263207265985219 0.053609689928536312 -0.01589255255531697 0.021441707599505679 -0.06065815142142561 0.029251486243302822 0.057877203019566004 -0.00206799405740522 0.033346997891444942 -0.044042826848399677 -0.02936051872905427 -0.028290801349215761 -0.001488372697692463
leaf_weight=27.127711869776249 11.773525934666393 33.102433349937201 155.82663973793387 20.605229716747999 18.746179006993771 13.09487517736852 9.5253646895289403 33.790265204384923 34.258841909468174 31.888273369520903 53.042599607259035 101.29275977611542 24.904314871877432 62.793467700481415 11.40478080883622 12.102580297738312 4.6416484378278247 6.0878996364772311 8.1264752373099309 13.300642427057026 21.974334619939327 7.6472452580928794 25.62307507917285 8.8942270353436452 47.852506119757891 67.828920532017946 9.6096626371145266 161.84868817403913 29.833134703338146 31.829936347901821
leaf_count=604 110 411 1479 237 203 139 87 411 521 272 369 1182 203 605 127 117 37 70 87 137 237 40 182 120 281 590 44 1484 211 279
internal_value=9.8893e-05 -0.00706348 -0.00292916 0.00978033 0.00379423 -0.0030026 -0.00829809 0.0138051 0.00826971 0.0363031 -0.00934014 -0.0293555 -0.0103054 -0.0137063 0.00305576 -0.00614658 -0.0187623 -0.0130461 0.0187268 0.0206333 0.0133873 -0.00199868 0.00380987 0.0126616 -0.0101411 0.0232346 0.00151756 -0.0196467 -0.00384987 -0.0247799
internal_weight=1100.38 722.714 609.648 223.886 203.281 184.535 171.44 377.664 303.091 74.5728 112.925 113.066 385.762 347.557 90.9425 79.5377 67.4351 161.915 190.167 38.205 163.039 63.6262 78.6657 40.7825 55.4998 99.4129 31.584 256.614 62.9356 193.679
internal_count=10876 7118 5826 2215 1978 1775 1636 3758 2955 803 1072 1292 3611 3271 886 759 642 1549 1883 340 1279 408 551 392 321 871 281 2385 622 1763
is_linear=0
shrinkage=0.05


Tree=59
num_leaves=31
num_cat=0
split_feature=5 17 0 7 4 16 6 15 7 7 7 1 7 12 7 6 1 7 9 5 18 4 6 6 7 11 14 7 10 10
split_gain=38.678 27.2368 33.4134 28.3839 29.9404 26.5693 23.6283 21.9396 20.0642 19.8106 19.2162 16.9564 13.6935 13.5015 13.3013 12.0968 12.5161 12.5658 11.5726 10.4967 10.1631 9.61508 10.1944 9.38892 11.1976 9.21375 8.94739 8.75174 8.68461 8.43694
threshold=1.5000000000000002 1.0000000180025095e-35 1.0000000180025095e-35 2892.5000000000005 2.5000000000000004 1.0000000180025095e-35 4.5000000000000009 1.0000000180025095e-35 1102.5000000000002 4534.5000000000009 1867.5000000000002 1.0000000180025095e-35 1034.5000000000002 1.0000000180025095e-35 4721.5000000000009 1.5000000000000002 3.5000000000000004 7583.0000000000009 1.0000000180025095e-35 1.0000000180025095e-35 1.0000000180025095e-35 5.5000000000000009 1.5000000000000002 3.5000000000000004 2613.5000000000005 1.0000000180025095e-35 1.0000000180025095e-35 9893.0000000000018 1.0000000180025095e-35 1.0000000180025095e-35
decision_type=2 2 2 2 2 2 2 2 2 2 2 2 2 2 2 2 2 2 2 2 2 2 2 2 2 2 2 2 2 2
left_child=8 3 -3 4 -2 7 9 21 -1 -5 12 18 -6 25 -15 -10 17 19 -12 -17 -14 22 -4 -13 -25 -11 -21 -19 -28 -27
right_child=1 2 5 6 10 -7 -8 -9 15 13 11 23 20 14 -16 16 -18 27 -20 26 -22 -23 -24 24 -26 29 28 -29 -30 -31
leaf_value=0.031781867977478853 0.041501142142298171 0.061723365081103369 -0.032816986098120594 -0.035755305710070517 0.036092897674179274 0.074342378867816236 0.070340544671998406 0.081722907651928203 -0.060741993852664523 -0.018457428958030448 -0.038526310119399401 0.019406437365573723 -0.032864489164654766 0.12468107158761613 0.014348966478390826 0.070307247900364439 -0.058307934921764108 0.031278314139185741 0.059310695706067174 -0.035004415394676795 -0.0018757033320642717 -0.040355290800706996 0.0093599448790104411 0.0056959355241220956 -0.057754834777965836 -0.00024563898818949378 -0.010319353834700663 -0.054248190096756889 0.08713005033999581 0.065082738259976874
leaf_weight=15.675907719880341 56.839455420151353 39.820518158376217 16.865064714103937 81.839601144194603 12.277309598401187 14.561493989080189 8.3306807279586774 8.3550090976059419 23.345181439071894 123.35980620980263 24.77152464166284 191.26360711827874 61.949085827916861 3.1677708141505745 19.843395859003067 2.8663770072162142 19.643802989274263 19.293776534497741 3.4425124563276759 66.678929440677166 46.182287570089102 14.426172360777853 95.197186989709735 41.200111772865057 8.3650290481746179 41.721983220428228 12.830220732837914 3.5399065613746634 2.7820416986942282 5.6063126288354388
leaf_count=173 1220 548 129 1312 132 130 70 72 298 1153 178 1618 450 23 129 23 227 105 35 717 310 147 703 273 54 352 144 84 20 47
internal_value=0.000103211 0.00412057 0.0210257 -0.000260497 0.00760176 0.0101786 -0.0126213 0.00324972 -0.0220592 -0.0151296 0.00265423 0.0100843 -0.0139477 -0.00641503 0.0295375 -0.0276494 -0.0215965 -0.0149187 -0.0265888 -0.0237504 -0.0196294 -0.00193371 0.00301243 0.0143807 -0.00501255 -0.0112619 -0.0270267 0.0180191 0.00704573 0.00749289
internal_weight=1086.04 919.386 189.225 730.16 446.291 149.405 283.87 134.843 166.656 275.539 389.451 269.043 120.409 193.699 23.0112 150.98 127.635 107.991 28.214 85.1576 108.131 126.488 112.062 240.829 49.5651 170.688 82.2912 22.8337 15.6123 47.3283
internal_count=10876 9085 1729 7356 4270 1181 3086 1051 1791 3016 3050 2158 892 1704 152 1618 1320 1093 213 904 760 979 832 1945 327 1552 881 189 164 399
is_linear=0
shrinkage=0.05


Tree=60
num_leaves=31
num_cat=0
split_feature=8 18 15 19 16 17 6 7 7 7 1 7 7 19 18 2 7 5 10 17 4 10 8 4 17 15 16 7 7 1
split_gain=35.756 35.3137 24.6418 24.2503 23.9259 28.2174 19.9571 18.3023 17.5076 15.9452 16.7665 14.9847 14.5375 14.1173 18.6445 13.5792 12.7487 12.3474 12.323 11.4736 10.4825 11.2218 10.2583 10.1748 11.3265 9.9105 11.7922 8.795 8.42937 10.2859
threshold=0.36002832553284603 1.0000000180025095e-35 1.0000000180025095e-35 1.0000000180025095e-35 1.0000000180025095e-35 1.0000000180025095e-35 1.0000000180025095e-35 2636.5000000000005 2005.5000000000002 2775.5000000000005 1.5000000000000002 863.50000000000011 4502.0000000000009 1.0000000180025095e-35 1.0000000180025095e-35 2.5000000000000004 12869.000000000002 1.5000000000000002 1.0000000180025095e-35 1.0000000180025095e-35 2.5000000000000004 1.0000000180025095e-35 0.10400953337169926 2.5000000000000004 1.0000000180025095e-35 1.0000000180025095e-35 1.0000000180025095e-35 3561.5000000000005 4633.5000000000009 3.5000000000000004
decision_type=2 2 2 2 2 2 2 2 2 2 2 2 2 2 2 2 2 2 2 2 2 2 2 2 2 2 2 2 2 2
left_child=1 6 3 4 5 18 -1 8 11 10 -2 -8 20 14 -12 16 17 -14 -3 -13 21 -9 -20 24 27 26 -21 -11 -19 -30
right_child=9 2 -4 -5 -6 -7 7 12 -10 23 13 19 15 -15 -16 -17 -18 28 22 25 -22 -23 -24 -25 -26 -27 -28 -29 29 -31
leaf_value=-0.063573782365237363 -0.028523604768338907 -0.012653659064250009 0.06328751193078401 0.06050234412253 0.059763129617501069 0.058044994505727282 0.054088750606797631 -0.025650873136713312 0.022526787189664638 0.067555347903923854 -0.030945579187564194 -0.01898857882030678 -0.029319870704840781 0.054925798622958016 0.015437464538344648 -0.062931301223006109 -0.052433687389105435 0.065753237289600086 0.028158294644119199 -0.005937430527445998 -0.037306957206109173 0.076093938259950644 -0.0091202500665411423 -0.044331056694171707 0.048096107142483843 0.083224324548200085 0.069211649304186953 -0.033483844589011422 0.013671110828325709 -0.027002376689078914
leaf_weight=13.15849109366536 57.483630768954754 112.60102895461023 28.41901963762939 25.517168484628201 21.222562232986093 21.726314410567284 10.465022476390002 6.7897011972963792 115.53220786899328 2.3596409521997002 34.320496549829841 86.154363641515374 23.152278870344162 12.500514049082993 58.758655644953251 8.9253239110112172 10.636750934645532 6.5249357335269442 46.309768935665488 38.350190952420235 63.500467859208584 4.5103219337761402 30.680149065330625 62.801855025812984 6.6665476374328128 4.3679974041879168 6.0427667479962102 24.683816704899073 100.57889597117901 18.385143682360649
leaf_count=137 454 1048 393 339 302 305 200 73 936 22 267 679 170 133 493 72 256 77 490 308 930 51 278 1180 39 37 50 308 631 119
internal_value=-0.000195397 0.00501627 0.0190984 0.014232 0.0091546 0.00407199 -0.00278566 -0.00119833 0.00799775 -0.0163288 -0.00679505 -0.00354833 -0.0110721 0.00503523 -0.00166507 -0.00291677 0.000446216 0.0042303 -0.00211308 -0.00801908 -0.0294111 0.0149598 0.013303 -0.0324368 -0.0102779 0.0113626 0.00429186 -0.0246678 0.0104202 0.00738528
internal_weight=1063.13 803.551 286.476 258.057 232.54 211.317 517.075 503.916 260.913 259.575 163.063 145.38 243.004 105.58 93.0792 168.203 159.278 148.641 189.591 134.915 74.8005 11.3 76.9899 96.5119 33.71 48.761 44.393 27.0435 125.489 118.964
internal_count=10777 7881 3155 2762 2423 2121 4726 4589 2210 2896 1347 1274 2379 893 760 1325 1253 997 1816 1074 1054 124 768 1549 369 395 358 330 827 750
is_linear=0
shrinkage=0.05


Tree=61
num_leaves=31
num_cat=0
split_feature=14 10 8 13 6 18 15 19 17 7 9 12 7 7 10 7 7 2 4 1 2 17 15 8 7 3 7 4 4 7
split_gain=36.7994 30.1353 28.4119 27.4313 23.2255 23.121 20.0661 20.7392 19.3608 19.1156 18.5985 15.6057 13.5661 15.1423 13.116 10.1974 15.3982 9.32203 9.30888 8.6026 8.79049 7.97953 12.6943 7.61572 7.55959 7.43119 7.2026 7.15618 6.99921 7.32296
threshold=1.0000000180025095e-35 1.0000000180025095e-35 0.44750000000000006 1.0000000180025095e-35 1.0000000180025095e-35 1.0000000180025095e-35 1.0000000180025095e-35 1.0000000180025095e-35 1.0000000180025095e-35 2537.5000000000005 1.0000000180025095e-35 1.0000000180025095e-35 2005.5000000000002 1137.5000000000002 1.0000000180025095e-35 2775.5000000000005 2451.5000000000005 1.5000000000000002 2.5000000000000004 3.5000000000000004 1.5000000000000002 1.0000000180025095e-35 1.0000000180025095e-35 0.10400953337169926 863.50000000000011 1.0000000180025095e-35 2829.5000000000005 3.5000000000000004 1.5000000000000002 1712.5000000000002
decision_type=2 2 2 2 2 2 2 2 2 2 2 2 2 2 2 2 2 2 2 2 2 2 2 2 2 2 2 2 2 2
left_child=2 3 4 10 -1 9 7 8 14 12 11 -2 13 -6 18 16 17 24 25 20 21 -11 -23 -16 -4 -7 -25 -14 -15 -30
right_child=1 -3 15 -5 5 6 -8 -9 -10 19 -12 -13 27 28 23 -17 -18 -19 -20 -21 -22 22 -24 26 -26 -27 -28 -29 29 -31
leaf_value=-0.058571348601813483 -0.0048139201387153302 0.064847044467224488 0.054388093851101327 0.064721273938804419 0.029500036369092205 0.022357612104966312 0.062106045228185795 0.060530745459453417 0.059052679951518167 -0.011844738868418329 0.071970224777474848 0.067655837908510083 0.03737928069259356 0.053770157201855628 0.028948201605261986 -0.039321415440375235 0.017724077068874057 0.00097907499201520666 -0.020982803116944969 -0.038833964382745736 -0.024055470487025533 0.0059009143534778348 0.095787757763770021 0.015125448974586717 -0.040000281299745373 -0.075022958589961219 -0.030164595597580019 0.0080504750277398344 -0.030984214821079409 -0.003884673576634605
leaf_weight=16.620042841881514 136.58515126816928 30.310780614614487 2.2085043191909781 20.80436110123992 25.013971852138638 23.191017568111423 19.746251465752721 18.182197419926524 15.134272292256354 62.838934380561113 9.3288193866610509 7.8558913096785536 35.576906986534595 3.6937766429036847 44.573196731507778 61.536997841671109 28.489736329764128 24.000237591564655 74.051606852561235 35.538463283330202 79.881300590932369 27.113942869007591 4.5932745784521094 23.797082053497434 53.720509309321642 2.1398531422018996 13.909791242331265 50.069477722048759 46.041954465210438 54.363265849649906
leaf_count=179 1437 377 36 221 305 225 292 247 217 636 93 74 383 63 507 1070 226 192 673 392 815 243 37 211 409 18 145 300 416 338
internal_value=-0.000185414 0.0188273 -0.00478979 0.010837 -0.000195688 0.00127555 0.0138693 0.00943869 0.00471826 -0.00568443 0.00354676 -0.000872419 0.00480395 -0.00543113 0.000191672 -0.0230647 -0.0138377 -0.0250875 -0.0120328 -0.0164123 -0.011844 -0.0015266 0.0189224 0.0149571 -0.0362731 0.0141313 -0.00158172 0.0202335 -0.0138247 -0.0163115
internal_weight=1050.91 204.885 846.027 174.574 676.071 659.451 234.725 214.979 196.797 424.725 153.77 144.441 214.759 129.113 181.663 169.956 108.419 79.9293 99.3825 209.966 174.427 94.5462 31.7072 82.2801 55.929 25.3309 37.7069 85.6464 104.099 100.405
internal_count=10777 2202 8575 1825 6642 6463 2535 2243 1996 3928 1604 1511 1805 1122 1779 1933 863 637 916 2123 1731 916 280 863 445 243 356 683 817 754
is_linear=0
shrinkage=0.05


Tree=62
num_leaves=31
num_cat=0
split_feature=14 10 11 13 11 10 13 5 12 12 10 13 12 8 4 18 15 19 17 8 7 7 7 8 7 5 8 7 7 6
split_gain=33.7038 28.9275 27.2902 34.1982 27.1056 56.2979 38.8472 20.8875 18.4311 17.0863 14.649 42.0782 24.1934 10.3922 10.1739 9.93637 12.6504 12.7108 13.0964 9.64571 8.97034 12.0519 11.5159 8.82173 8.43936 8.35985 8.33807 8.06071 14.2503 7.21918
threshold=1.0000000180025095e-35 1.0000000180025095e-35 1.0000000180025095e-35 1.0000000180025095e-35 1.0000000180025095e-35 1.0000000180025095e-35 1.0000000180025095e-35 1.5000000000000002 1.0000000180025095e-35 1.0000000180025095e-35 1.0000000180025095e-35 1.0000000180025095e-35 1.0000000180025095e-35 0.043934788671410534 1.5000000000000002 1.0000000180025095e-35 1.0000000180025095e-35 1.0000000180025095e-35 1.0000000180025095e-35 0.019830051785312244 1435.5000000000002 2685.0000000000005 2160.5000000000005 0.10400953337169926 7583.0000000000009 1.0000000180025095e-35 0.30012134949978758 2829.5000000000005 2334.5000000000005 1.5000000000000002
decision_type=2 2 2 2 2 2 2 2 2 2 2 2 2 2 2 2 2 2 2 2 2 2 2 2 2 2 2 2 2 2
left_child=4 2 3 9 7 6 8 25 13 29 19 12 15 -6 24 -12 17 18 23 -9 -16 22 -22 -17 26 -1 -15 28 -25 -2
right_child=1 -3 -4 -5 5 -7 -8 10 -10 -11 11 -13 -14 14 20 16 -18 -19 -20 -21 21 -23 -24 27 -26 -27 -28 -29 -30 -31
leaf_value=0.052963631976645678 -0.038376770409981116 0.064301698435744181 0.064368436385966649 0.064052274299504094 0.0046841718282587567 0.064643188299465734 0.063400850460330727 -4.3098272083702248e-05 0.062847153481414592 0.066925488627761251 -0.017192623853833928 0.063977258458529612 0.063391676193969362 0.082229011809556884 -0.070071841798721529 0.01143460685110129 0.063222475580608992 0.083554285439504661 0.064423848125396074 -0.02188879864165565 -0.026553629444751523 -0.041476802793366685 0.023481795817731303 -0.032130064641481208 -0.030567836153331071 -0.035441783236610062 -0.025937290673083119 -0.049635420418398191 0.037665911925173004 -0.0053340871502546797
leaf_weight=2.7600262500345698 19.60862204991281 29.070857919752598 20.631147651001811 19.991180440410972 59.649520548060536 38.921504035592079 20.931986121460795 72.147350559011102 8.6014907285571081 7.5522381532937279 133.1146966535598 24.594463560730219 12.398803584277628 5.9586046077311021 10.689235601574181 27.786908896639943 8.2048683632165176 4.1737904138863078 6.1591016612946978 168.63375679217279 25.708810959011316 40.504580130800605 20.806444756686687 21.623770689591765 5.2866962477564803 85.91477532684803 2.5415930710732937 18.77553778514266 11.050316967070101 105.29100637510419
leaf_count=22 211 377 266 221 557 511 248 642 95 74 1216 332 137 40 106 291 113 57 74 1610 188 572 177 148 45 979 39 275 101 1053
internal_value=-0.000172449 0.0181507 0.0103988 0.00309473 -0.00459802 0.00960952 -0.00106422 -0.0102969 -0.00857133 -0.00610569 -0.00639305 0.00165142 -0.00464922 -0.0121607 -0.0211726 -0.00830304 0.00379968 -0.00164365 -0.00580778 -0.015343 -0.0268461 -0.0215364 -0.0041726 -0.0112669 0.0190359 -0.0326901 0.0498869 -0.0235276 -0.00852519 -0.0105216
internal_weight=1039.08 202.145 173.074 152.443 836.939 239.6 200.679 597.338 179.747 132.452 508.663 267.882 243.288 171.145 111.496 230.889 97.7743 89.5694 85.3956 240.781 97.7091 87.0198 46.5153 79.2365 13.7869 88.6748 8.5002 51.4496 32.6741 124.9
internal_count=10777 2202 1825 1559 8575 2578 2067 5997 1819 1338 4996 2744 2412 1724 1167 2275 1059 946 889 2252 1043 937 365 815 124 1001 79 524 249 1264
is_linear=0
shrinkage=0.05


Tree=63
num_leaves=31
num_cat=0
split_feature=14 10 11 13 8 9 6 11 10 13 7 9 4 1 7 7 4 7 6 7 19 3 3 1 7 8 7 7 2 4
split_gain=30.9635 27.695 25.9312 32.143 24.8691 22.9738 21.258 19.6648 36.4066 26.974 18.332 16.2194 14.5023 14.203 11.9461 10.9484 21.7813 10.8688 10.2182 10.0404 9.8919 9.69638 12.519 9.32379 9.13304 8.97115 8.86095 12.6252 9.01629 8.47716
threshold=1.0000000180025095e-35 1.0000000180025095e-35 1.0000000180025095e-35 1.0000000180025095e-35 0.44750000000000006 1.0000000180025095e-35 1.0000000180025095e-35 1.0000000180025095e-35 1.0000000180025095e-35 1.0000000180025095e-35 3291.5000000000005 1.0000000180025095e-35 2.5000000000000004 1.0000000180025095e-35 1751.5000000000002 5532.5000000000009 3.5000000000000004 9325.0000000000018 3.5000000000000004 13361.500000000002 1.0000000180025095e-35 1.0000000180025095e-35 2.5000000000000004 2.5000000000000004 1283.5000000000002 0.2966964011544268 2775.5000000000005 2575.5000000000005 1.5000000000000002 4.5000000000000009
decision_type=2 2 2 2 2 2 2 2 2 2 2 2 2 2 2 2 2 2 2 2 2 2 2 2 2 2 2 2 2 2
left_child=4 2 3 5 6 -2 -1 10 9 11 12 29 -8 -14 24 21 17 -17 -16 -18 26 -12 -23 -20 -15 -25 27 28 -6 -9
right_child=1 -3 -4 -5 20 -7 7 8 -10 -11 15 -13 13 14 18 16 19 -19 23 -21 -22 22 -24 25 -26 -27 -28 -29 -30 -31
leaf_value=-0.05724376318744312 -0.011474378038996841 0.063777137416092228 0.063864982035486031 0.063414807818325467 -0.035977058292482655 0.071292072396314493 0.036527997203130672 0.0012170693867920594 0.062970702929176045 0.062100177744575769 -0.035416766833081953 0.07148378137270546 -0.037932136224193377 0.0099161777799882944 0.018172939381383243 -0.0082680834181256772 0.065182965421325942 -0.06437845649916854 -0.033501603158561558 -0.052162451292070471 0.016066817791065186 0.074579296389529579 -0.032936004757114667 -0.0011033926880572368 -0.02888793469166985 0.092420628392944904 -0.04205450174772412 0.024973426446279673 -0.00011549585975526368 -0.027222837175117233
leaf_weight=15.875861832872031 122.84539492987096 27.87475367821753 19.775751264765859 19.202515326440334 54.997382823377848 8.9984025079756957 30.135093262419105 95.553289607167244 32.566886022686958 18.20366626419127 77.826220497488976 7.0077818427234879 22.667032860219479 24.135457050055265 120.22450716048479 65.745437365025282 13.465325038880108 9.9345663301646692 21.327284019440413 2.1082867272198191 15.633603779599069 4.8695172034203988 6.0980835184454918 14.000038079917433 40.79138395562768 3.1390691846609107 53.433792749419808 15.311383906751869 25.725517600774765 36.101501174271107
leaf_count=179 1245 377 266 221 439 93 662 917 455 228 1066 70 164 187 948 375 99 219 153 55 194 30 74 95 309 20 977 125 198 337
internal_value=-0.000156442 0.0175665 0.0100259 0.00297699 -0.00441523 -0.00582553 -8.41219e-05 0.00132083 0.0148636 0.00487615 -0.00429941 -0.00263624 0.00378743 -0.000218668 0.00360416 -0.0167148 -0.00455242 -0.0156337 0.0109962 0.0492973 -0.0217756 -0.0292141 0.0147998 -0.0114342 -0.0144632 0.0160258 -0.0257337 -0.0166528 -0.0245484 -0.00658153
internal_weight=1025.57 198.697 170.822 151.046 826.878 131.844 661.776 645.9 189.433 156.866 456.467 138.663 276.42 246.285 223.618 180.047 91.2536 75.68 158.691 15.5736 165.102 88.7938 10.9676 38.4664 64.9268 17.1391 149.468 96.0343 80.7229 131.655
internal_count=10777 2202 1825 1559 8575 1338 6642 6463 2007 1552 4456 1324 2538 1876 1712 1918 748 594 1216 154 1933 1170 104 268 496 115 1739 762 637 1254
is_linear=0
shrinkage=0.05


Tree=64
num_leaves=31
num_cat=0
split_feature=6 14 8 10 3 11 13 18 19 12 6 7 11 10 13 15 16 19 17 17 16 15 8 7 7 7 1 7 2 15
split_gain=29.7899 27.425 20.9072 20.3295 19.978 18.9122 22.7631 17.6811 13.9746 13.1318 12.3276 13.0724 12.3246 14.741 12.9882 11.0253 12.3589 13.3727 11.6225 10.4891 15.9838 10.2927 9.83085 9.76304 7.7819 11.7164 11.1292 7.99161 8.33655 7.60117
threshold=1.5000000000000002 1.0000000180025095e-35 0.31942788265514288 1.0000000180025095e-35 2.5000000000000004 1.0000000180025095e-35 1.0000000180025095e-35 1.0000000180025095e-35 1.0000000180025095e-35 1.0000000180025095e-35 1.0000000180025095e-35 2661.5000000000005 1.0000000180025095e-35 1.0000000180025095e-35 1.0000000180025095e-35 1.0000000180025095e-35 1.0000000180025095e-35 1.0000000180025095e-35 1.0000000180025095e-35 1.0000000180025095e-35 1.0000000180025095e-35 1.0000000180025095e-35 0.059306134682057254 1171.0000000000002 3480.5000000000005 2361.5000000000005 1.0000000180025095e-35 1034.5000000000002 1.5000000000000002 1.0000000180025095e-35
decision_type=2 2 2 2 2 2 2 2 2 2 2 2 2 2 2 2 2 2 2 2 2 2 2 2 2 2 2 2 2 2
left_child=10 2 4 5 7 6 9 12 24 -3 -1 -12 19 14 22 16 17 18 -9 29 21 23 -14 -21 25 27 -27 -4 -29 -2
right_child=1 3 8 -5 -6 -7 -8 15 -10 -11 11 -13 13 -15 -16 -17 -18 -19 -20 20 -22 -23 -24 -25 -26 26 -28 28 -30 -31
leaf_value=-0.054714602089149647 -0.021795166159943955 -0.0048486121730726243 0.028676391904149473 0.063711016163838674 -0.037075414549211753 0.063861457103247699 0.062409898062370919 0.0017177714050824263 0.022095442619401093 0.066559386081312885 0.010063849611815756 -0.026950373539296309 0.017237123979378245 0.063731951471569043 0.063585741026807294 0.062129058362252715 0.060607681813343452 0.059150802409377506 0.055743453627094319 0.054950391999657858 0.083688769717185765 0.067242393884443002 -0.020367265170348647 -0.011200950724856686 -0.037913805733228584 -0.057496722254339099 0.016030509234286932 -0.041323226153190618 -0.003609747766644294 0.0010843696193093405
leaf_weight=23.884557314217091 103.40217346325517 104.81708025187254 6.2463590763509265 24.191101025789976 27.918383255600929 16.93559705466032 16.526844345033169 117.19326268136501 22.07015323266387 6.8596345633268347 35.134001974016428 74.297120893374085 36.9081323556602 13.288096889853476 8.9259236846119148 13.919605780392883 13.931441815569995 13.20661944709718 10.879057846963404 6.2301139347255221 6.5564088877290478 5.4961000811308613 32.848746633157134 53.254766819998622 45.376987988129258 5.9165564477443686 39.53767416626215 50.212472960352898 20.691501712426543 55.94092083349824
leaf_count=290 922 1053 74 346 247 238 207 1098 261 70 350 925 341 167 103 228 205 195 188 62 53 54 313 452 861 44 350 396 166 518
internal_value=-0.000145137 0.00319422 -0.00111831 0.0212754 0.00406944 0.0142024 0.00764249 0.00640428 -0.0153098 -0.000462445 -0.0221698 -0.0150666 -0.000456267 0.015022 0.0067958 0.0195004 0.0156773 0.0112468 0.00630696 -0.00662202 0.00928342 0.00177612 -0.000470908 -0.00427263 -0.0202242 -0.0136772 0.00645983 -0.0255412 -0.0303175 -0.0137628
internal_weight=1012.6 879.282 709.951 169.33 519.9 145.139 128.204 491.981 190.052 111.677 133.316 109.431 322.851 91.9709 78.6828 169.13 155.21 141.279 128.072 230.88 71.5374 64.981 69.7569 59.4849 167.982 122.605 45.4542 77.1503 70.904 159.343
internal_count=10777 9212 7298 1914 5146 1568 1330 4899 2152 1123 1565 1275 2985 924 757 1914 1686 1481 1286 2061 621 568 654 514 1891 1030 394 636 562 1440
is_linear=0
shrinkage=0.05


Tree=65
num_leaves=31
num_cat=0
split_feature=10 11 13 5 12 9 16 0 9 8 18 8 7 8 11 12 13 7 7 15 18 17 6 8 17 17 0 7 7 5
split_gain=33.7909 45.7393 41.5462 24.1597 22.856 18.8335 18.5212 22.8208 15.1369 13.8983 14.0254 13.3073 12.2359 11.3233 10.0347 10.5876 10.84 8.46435 8.36765 8.09265 9.70068 9.95567 8.07301 7.60883 7.63363 7.36199 9.58468 7.19465 7.12266 7.02165
threshold=1.0000000180025095e-35 1.0000000180025095e-35 1.0000000180025095e-35 1.5000000000000002 1.0000000180025095e-35 1.0000000180025095e-35 1.0000000180025095e-35 1.0000000180025095e-35 1.0000000180025095e-35 0.1965958360296543 1.0000000180025095e-35 0.39154825900979523 994.50000000000011 0.056901025765771947 1.0000000180025095e-35 1.0000000180025095e-35 1.0000000180025095e-35 2613.5000000000005 2720.5000000000005 1.0000000180025095e-35 1.0000000180025095e-35 1.0000000180025095e-35 1.5000000000000002 0.7965000000000001 1.0000000180025095e-35 1.0000000180025095e-35 1.0000000180025095e-35 3435.5000000000005 4814.5000000000009 1.5000000000000002
decision_type=2 2 2 2 2 2 2 2 2 2 2 2 2 2 2 2 2 2 2 2 2 2 2 2 2 2 2 2 2 2
left_child=3 2 4 12 8 6 11 -8 9 10 22 14 -1 -9 19 16 -16 -7 29 25 21 -21 -2 24 -13 -5 -27 -25 -19 -11
right_child=1 -3 -4 5 -6 17 7 13 -10 18 -12 23 -14 -15 15 -17 -18 28 -20 20 -22 -23 -24 27 -26 26 -28 -29 -30 -31
leaf_value=0.051123758232511085 -0.041693297168095007 0.065487980094292214 0.066266834022036356 -0.02468191991532611 0.069149499207211626 0.042043413799668361 0.061664906413556257 0.022860239514075922 0.061733723882307218 -0.046207228002300732 0.024460254860853022 -0.037075993082769959 -0.033232933184856601 -0.017272546520454658 -0.00092711758263634345 0.072863384399960748 0.057910984079457363 -0.032183140773061815 -0.035745940125383124 -0.0094893883325860781 0.067327541953214887 0.076996945303058881 -0.00017452246969886377 0.022342111300338179 0.011576286594287964 0.056975944974508801 -0.009502365322245793 -0.053701639950540461 0.026963119996618764 -0.00033048499623540296
leaf_weight=4.5100039560347787 13.284761536866425 37.048777068033814 27.063239136710763 101.21489068120718 12.032114457339047 32.525009080767632 20.512650549411774 33.402785260230303 9.2601164001971465 9.7127278782427293 62.536740876734257 74.083173345774412 91.750703554600477 37.093522731214762 97.220309462398291 5.858569160103797 8.5134738739579898 9.0350300427526253 39.25513432174921 37.152310011908412 5.8067095689475527 3.6548162512481204 98.650726854801178 13.32617908716202 9.0469762049615365 6.2128467373549929 42.593351695686579 4.0575007162988177 11.657879259437321 59.036585316061974
leaf_count=75 138 533 358 970 140 314 266 265 124 85 745 870 1123 362 935 63 143 117 658 326 77 39 898 101 92 98 333 83 89 492
internal_value=0.000697187 0.012804 0.00690414 -0.00616308 0.00161543 -0.00213877 -0.00514995 0.0152491 -0.00116988 -0.00323198 0.00549407 -0.00969194 -0.0292807 0.0017433 -0.00454003 0.00743567 0.00381041 0.0261382 -0.0173282 -0.0113364 0.00686081 -0.0017434 -0.00510207 -0.0254904 -0.0317812 -0.0169905 -0.00103992 0.00459284 0.00113842 -0.00681183
internal_weight=1017.11 367.881 330.832 649.229 303.769 552.968 499.75 91.009 291.737 282.477 174.472 408.741 96.2607 70.4963 308.227 111.592 105.734 53.2179 108.004 196.635 46.6138 40.8071 111.935 100.514 83.1301 150.021 48.8062 17.3837 20.6929 68.7493
internal_count=10912 4171 3638 6741 3280 5543 5023 893 3140 3016 1781 4130 1198 627 2984 1141 1078 520 1235 1843 442 365 1036 1146 962 1401 431 184 206 577
is_linear=0
shrinkage=0.05


Tree=66
num_leaves=31
num_cat=0
split_feature=10 11 13 14 12 5 9 9 4 7 7 8 7 7 15 7 6 5 5 13 7 7 1 4 8 1 7 8 7 14
split_gain=30.9168 43.5771 39.3491 44.8973 25.6338 22.1919 17.3969 17.1694 16.2072 18.8214 14.4899 13.7103 12.9635 22.1596 15.066 11.2807 11.0977 9.98122 9.71843 9.42635 12.4966 10.9168 9.23737 8.55136 8.02169 8.18544 7.91013 8.05014 9.24759 7.84976
threshold=1.0000000180025095e-35 1.0000000180025095e-35 1.0000000180025095e-35 1.0000000180025095e-35 1.0000000180025095e-35 1.5000000000000002 1.0000000180025095e-35 1.0000000180025095e-35 3.5000000000000004 5427.0000000000009 7096.5000000000009 0.35100298531388213 2648.5000000000005 2107.5000000000005 1.0000000180025095e-35 994.50000000000011 3.5000000000000004 1.5000000000000002 1.0000000180025095e-35 1.0000000180025095e-35 4721.5000000000009 2924.5000000000005 1.5000000000000002 4.5000000000000009 0.88250000000000017 1.0000000180025095e-35 1034.5000000000002 0.06018093494736998 1764.5000000000002 1.0000000180025095e-35
decision_type=2 2 2 2 2 2 2 2 2 2 2 2 2 2 2 2 2 2 2 2 2 2 2 2 2 2 2 2 2 2
left_child=5 2 3 4 6 15 17 8 10 12 11 19 13 -10 -14 -1 -12 18 -2 20 21 -7 -15 -16 25 -13 -19 28 -28 -9
right_child=1 -3 -4 -5 -6 7 -8 29 9 -11 16 24 14 22 23 -17 -18 26 -20 -21 -22 -23 -24 -25 -26 -27 27 -29 -30 -31
leaf_value=0.050509870665990386 0.078692539571921391 0.064944556114551452 0.065711724640556801 0.064954163774846335 0.06867190422582517 0.0077898020499907782 0.061363476540095163 0.017332068361652575 -0.02891887334698778 0.043560740671125482 -0.022384045743812017 -0.10000106835004428 -0.046050496292874991 -0.014667122243045942 0.056328687007475876 -0.032002183242659209 0.064997967167126511 0.05157753123474873 -0.038489927433519207 0.038707423354263533 0.03656547325758034 -0.043312444639369979 0.021479302761036743 -0.023030350864150981 0.064160174546930598 -0.012349504955712999 -0.036502811411387483 -0.015041832534678513 0.011934159730200546 0.073038903239881922
leaf_weight=4.3408794067800036 1.8564568087458599 35.529334209859371 25.955335007980466 25.55181729234755 11.522889431565998 60.59810140915215 8.8602994941174966 45.297507908195257 74.751485787332058 13.28219182230532 59.205246781930327 2.8416953273117533 58.999821553006768 26.864856909960508 6.0830978918820602 90.546668689697981 3.8711110763251773 5.8699634987860909 37.703663257881999 40.573434265330434 31.67590556293726 12.62891675531864 51.66904061101377 7.6805054359138012 3.1921759694814673 42.490592759102583 11.480143669992684 128.75284937024117 69.569026401266456 7.3499174863100043
leaf_count=75 11 533 358 369 140 720 124 440 568 138 480 36 874 191 71 1123 31 88 457 520 177 180 377 118 33 509 90 1318 683 80
internal_value=0.000676376 0.012353 0.00664098 0.00155011 -0.00432797 -0.00589961 -0.0075131 -0.00204092 -0.00492036 -0.0142838 0.00379675 0.0105654 -0.0176827 -0.00943302 -0.0350616 -0.0282275 -0.0170213 -0.00990413 -0.0329908 0.0182421 0.0103267 -0.00102342 0.00911434 0.012044 -0.0124494 -0.017844 -0.0056694 -0.00727109 0.00507334 0.0251091
internal_weight=1006.59 362.652 327.122 301.167 275.615 643.943 264.092 549.056 496.408 239.331 257.077 194.001 226.049 153.285 72.7634 94.8875 63.0764 255.232 39.5601 145.476 104.903 73.227 78.5339 13.7636 48.5245 45.3323 215.672 209.802 81.0492 52.6474
internal_count=10912 4171 3638 3280 2911 6741 2771 5543 5023 2337 2686 2175 2199 1136 1063 1198 511 2647 468 1597 1077 900 568 189 578 545 2179 2091 773 520
is_linear=0
shrinkage=0.05


Tree=67
num_leaves=31
num_cat=0
split_feature=6 10 13 14 14 13 12 8 8 18 9 0 16 17 12 12 15 19 17 7 8 4 7 7 1 16 17 0 1 7
split_gain=29.2095 26.7364 29.0894 31.7222 20.8369 22.89 18.4969 15.7681 16.0758 15.6662 15.2833 11.4004 23.5454 15.1875 11.0395 10.5254 9.74072 10.822 10.4543 9.84649 13.8629 9.08586 9.355 10.5295 8.57184 8.94319 10.8362 9.59222 8.37035 7.94297
threshold=1.0000000180025095e-35 1.0000000180025095e-35 1.0000000180025095e-35 1.0000000180025095e-35 1.0000000180025095e-35 1.0000000180025095e-35 1.0000000180025095e-35 0.024498552749877209 1.0000000180025095e-35 1.0000000180025095e-35 1.0000000180025095e-35 1.0000000180025095e-35 1.0000000180025095e-35 1.0000000180025095e-35 1.0000000180025095e-35 1.0000000180025095e-35 1.0000000180025095e-35 1.0000000180025095e-35 1.0000000180025095e-35 2829.5000000000005 0.12128419810593716 1.5000000000000002 2648.5000000000005 2074.5000000000005 3.5000000000000004 1.0000000180025095e-35 1.0000000180025095e-35 1.0000000180025095e-35 1.0000000180025095e-35 1171.0000000000002
decision_type=2 2 2 2 2 2 2 2 2 2 2 2 2 2 2 2 2 2 2 2 2 2 2 2 2 2 2 2 2 2
left_child=-1 4 3 6 7 10 9 8 29 24 15 12 13 21 -13 -6 17 18 19 -11 -21 -9 23 -23 25 -3 27 -27 -25 -2
right_child=1 2 -4 -5 5 -7 -8 11 -10 16 -12 14 -14 -15 -16 -17 -18 -19 -20 20 -22 22 -24 28 -26 26 -28 -29 -30 -31
leaf_value=-0.053862952343925775 0.043746037714202303 -0.010473849623834486 0.06517203564791911 0.064641991212272362 -0.0026894659056657792 0.063324956620928408 0.068213752240546197 0.018153268339232687 0.054867921220080343 0.015927042961273039 0.071103116257266827 -0.031832719645292516 0.065420758593593642 0.058487497674250592 0.010594449916096864 0.06303662410763522 0.061560736115263075 0.072449561538751303 0.065205298037848775 0.013360843910117479 -0.045970528947904238 -0.029790950084800816 -0.034902833482639659 -0.052604675469097598 -0.03463467129128063 0.068855874952176349 0.085021465923461145 -0.0055365536148023311 0.014955056520967054 -0.0047845302782604281
leaf_weight=23.976426616311073 9.0454879440367204 103.38086463883519 24.888776138424873 23.801105702295899 128.44852282106876 18.655082397162914 11.032670570537446 17.878269076347351 13.981906022876499 60.499401329085231 8.1091924738138896 123.07346593216062 10.438126211985944 7.2876235060393801 17.513900889083743 6.3944408856332293 10.562675172463058 6.8183878008276215 7.3098687827587119 19.762200588360429 19.619115095585585 33.377776445820928 58.406698543578386 5.1768419891595832 25.324196638539433 5.2238155305385616 5.2297376524657002 25.413469521328807 40.079414153471589 124.1616547498852
leaf_count=294 134 1048 358 362 1393 228 140 213 152 622 90 1239 122 105 155 74 178 114 110 181 330 254 887 36 260 62 42 263 335 1131
internal_value=0.000655376 0.00200172 0.013081 0.00907921 -0.00421212 0.0112343 0.00467361 -0.00963379 0.00386447 0.00224915 0.00443655 -0.0159767 -0.00736887 -0.0120529 -0.0265473 0.000427357 0.0156263 0.0113706 0.00748533 0.00326104 -0.0161971 -0.0153713 -0.0197449 -0.00848604 -0.00787657 -0.00301023 0.0185024 0.00714774 0.00722693 -0.00148904
internal_weight=994.871 970.895 348.866 323.978 622.028 161.607 300.176 460.421 147.189 289.144 142.952 313.232 172.645 162.207 140.587 134.843 124.572 114.009 107.191 99.8807 39.3813 154.919 137.041 78.634 164.572 139.248 35.867 30.6373 45.2563 133.207
internal_count=10912 10618 4070 3712 6548 1785 3350 4763 1417 3210 1557 3346 1952 1830 1394 1467 1535 1357 1243 1133 511 1725 1512 625 1675 1415 367 325 371 1265
is_linear=0
shrinkage=0.05


Tree=68
num_leaves=31
num_cat=0
split_feature=6 10 11 13 14 12 14 13 11 5 8 3 12 4 5 7 7 7 5 11 7 13 7 6 17 8 7 7 7 7
split_gain=27.0804 24.5181 39.4313 34.2517 37.9153 22.0733 19.0011 21.7598 27.8183 16.3337 11.5094 11.5326 11.4435 9.61377 8.88307 8.41171 11.4476 11.2768 8.40745 7.90511 7.88279 7.19943 6.7894 6.69016 7.17123 6.65201 9.34481 7.26415 6.63053 7.4689
threshold=1.0000000180025095e-35 1.0000000180025095e-35 1.0000000180025095e-35 1.0000000180025095e-35 1.0000000180025095e-35 1.0000000180025095e-35 1.0000000180025095e-35 1.0000000180025095e-35 1.0000000180025095e-35 1.5000000000000002 0.31942788265514288 2.5000000000000004 1.0000000180025095e-35 4.5000000000000009 1.5000000000000002 5427.0000000000009 2613.5000000000005 2205.5000000000005 1.0000000180025095e-35 1.0000000180025095e-35 1084.5000000000002 1.0000000180025095e-35 1034.5000000000002 4.5000000000000009 1.0000000180025095e-35 0.06018093494736998 1751.5000000000002 2720.5000000000005 2613.5000000000005 1680.5000000000002
decision_type=2 2 2 2 2 2 2 2 2 2 2 2 2 2 2 2 2 2 2 2 2 2 2 2 2 2 2 2 2 2
left_child=-1 6 3 4 5 14 9 8 12 20 11 13 23 19 18 16 17 -15 -3 -11 -2 -21 -16 24 28 26 -24 -27 29 -8
right_child=1 2 -4 -5 -6 -7 7 -9 -10 10 -12 -13 -14 15 22 -17 -18 -19 -20 21 -22 -23 25 -25 -26 27 -28 -29 -30 -31
leaf_value=-0.052552481055652238 0.031709535718698188 0.076463903993764681 0.064399972393391292 0.064646964744591515 0.064138440404120603 0.067773253539890013 -0.037588222870878082 0.062707258185000544 0.062949569590446744 -0.0010964503566354953 -0.019915483109350887 -0.039730054987072418 0.062529942989019593 -0.020615725231963269 0.050842346520862516 0.055356738331222261 -0.045068874071510702 0.031871822797634952 -0.033909052868827068 0.013797213176437126 -0.037433031680977349 0.058213980713460456 -0.036752102882022152 0.05239879507251384 0.01609928062194689 -0.0012106614801607604 0.014062086150081268 -0.025593122585598413 -0.030407331557176388 0.0074401229115211593
leaf_weight=23.361424297094345 4.4284589216113082 1.8135677278041828 33.22830081358552 23.862378863617778 22.813578121364117 10.561090065166352 12.184955673292277 17.915636768564582 17.671688819304109 110.00612140260637 101.43785063177347 17.477122524753213 6.1306213475763789 29.724895697087049 5.8878552541136733 4.2137713916599742 24.318326789885759 15.605827949941157 35.472558621317148 78.988030517473817 59.606748996302485 10.314467754215 10.368533998727797 4.4815799854695788 21.546285953372717 78.690836215391755 71.02735485509038 49.92910135909915 42.6394824963063 37.710249023512006
leaf_count=294 64 11 530 358 362 140 121 228 259 1020 1190 149 74 205 98 40 318 105 443 719 782 171 84 37 199 630 716 698 552 315
internal_value=0.000637217 0.0019315 0.0126328 0.00709159 0.00229892 -0.00304999 -0.00403465 0.0107744 0.00423902 -0.00923854 -0.00541477 -0.000353951 -0.00408153 0.00216528 -0.00600418 -0.0132428 -0.0173931 -0.00254605 -0.0285406 0.00787545 -0.0326514 0.0189274 -0.00211219 -0.00752586 -0.00987996 -0.00359679 0.00758917 -0.0106757 -0.0159291 -0.00355629
internal_weight=983.419 960.057 343.655 310.427 286.564 263.751 616.402 160.281 142.365 456.122 392.086 290.649 124.693 273.171 253.19 73.8628 69.6491 45.3307 37.2861 199.309 64.0352 89.3025 215.904 118.563 114.081 210.016 81.3959 128.62 92.5347 49.8952
internal_count=10912 10618 4070 3540 3182 2820 6548 1785 1557 4763 3917 2727 1298 2578 2680 668 628 310 454 1910 846 890 2226 1224 1187 2128 800 1328 988 436
is_linear=0
shrinkage=0.05


Tree=69
num_leaves=31
num_cat=0
split_feature=6 16 0 17 18 15 19 17 15 17 15 7 19 8 7 11 8 1 8 7 5 8 11 2 7 1 7 7 7 5
split_gain=25.0898 23.1374 34.7173 29.7271 21.6972 45.2203 45.5193 39.6135 20.9598 19.6267 29.2614 17.491 14.3618 13.2637 12.9598 12.4743 9.41599 14.1244 9.09884 7.40173 7.3945 7.26907 8.30945 6.94909 6.68127 6.65698 8.03996 6.36183 6.01626 5.93904
threshold=1.0000000180025095e-35 1.0000000180025095e-35 1.0000000180025095e-35 1.0000000180025095e-35 1.0000000180025095e-35 1.0000000180025095e-35 1.0000000180025095e-35 1.0000000180025095e-35 1.0000000180025095e-35 1.0000000180025095e-35 1.0000000180025095e-35 2720.5000000000005 1.0000000180025095e-35 0.037073259749388264 4788.5000000000009 1.0000000180025095e-35 0.1940853065540428 1.5000000000000002 0.16013587303116575 2361.5000000000005 1.5000000000000002 0.83450000000000013 1.0000000180025095e-35 2.5000000000000004 5060.5000000000009 1.5000000000000002 2607.5000000000005 9178.5000000000018 2146.5000000000005 3.5000000000000004
decision_type=2 2 2 2 2 2 2 2 2 2 2 2 2 2 2 2 2 2 2 2 2 2 2 2 2 2 2 2 2 2
left_child=-1 4 -3 8 9 6 7 11 18 13 12 16 20 25 -13 -16 -6 -18 29 21 -11 22 28 27 -17 -2 -27 -22 -19 -4
right_child=1 2 3 -5 5 -7 -8 -9 -10 10 -12 14 -14 -15 15 24 17 19 -20 -21 23 -23 -24 -25 -26 26 -28 -29 -30 -31
leaf_value=-0.051240074875697254 -0.024230551536782677 0.061613589930716944 -0.0012298825614412007 0.078420654344390384 0.01627800519205989 0.065285740036062453 0.063705159420092097 0.061488088764656015 0.080872443554948784 -0.037810319958748506 0.073229157376031029 -0.039342914676698468 0.057988750956913804 -0.02576727513775395 -0.02169660002150145 0.055189948796381255 -0.035829560836818819 -0.01428396632514713 -0.02834129867018181 0.031960215918243003 0.0035362944982349149 0.072526773661000077 0.029187977466024802 -0.048570906932461674 -0.0034112801699738926 0.022176559918340638 -0.011484095127292947 -0.071261755344854058 -0.073390083081889573 0.052266946935200988
leaf_weight=22.776843158528209 26.201354103162885 36.912222882732749 67.72030670568347 12.93545128405094 68.632550477981567 30.745247315615416 27.322269715368748 21.657811166718602 7.2306675650179377 16.360441282391548 14.225359125062822 60.332776324823499 9.2836041171103698 173.45163765735924 44.144745962694287 9.8848797548562306 30.688372403383255 22.473885471001271 34.263640940189362 18.739985175430775 102.36477241665125 2.733324095606803 9.2114329952746612 7.4305940214544526 9.5756717510521394 35.299197902902961 35.661899613216519 2.9239701982587567 5.3254716973751774 5.6184305008500806
leaf_count=294 239 572 624 134 760 522 443 372 70 217 173 1061 144 1953 451 67 230 170 399 164 802 23 70 60 94 325 342 57 42 38
internal_value=0.000618864 0.00186306 0.0189018 0.00656236 -0.00171289 0.00728348 0.00189138 -0.00367516 -0.00153217 -0.00939692 0.00494254 -0.00868431 -0.00207811 -0.0174824 -0.0227418 -0.00699486 0.00235628 -0.00835872 -0.0070696 0.00605606 -0.00639821 -0.00615816 -0.0119692 -0.00183896 0.0263549 -0.00269243 0.00526021 0.00145908 -0.0256068 0.00286847
internal_weight=972.129 949.352 164.681 127.768 784.671 361.468 330.723 303.401 114.833 423.203 152.589 281.743 138.363 270.614 123.938 63.6053 157.805 89.1725 107.602 58.4841 129.08 39.7441 37.0108 112.719 19.4606 97.1625 70.9611 105.289 27.7994 73.3387
internal_count=10912 10618 1837 1265 8781 4469 3947 3504 1131 4312 1453 3132 1280 2859 1673 612 1459 699 1061 469 1136 305 282 919 161 906 667 859 212 662
is_linear=0
shrinkage=0.05


Tree=70
num_leaves=31
num_cat=0
split_feature=3 8 9 10 11 13 12 15 8 10 11 7 7 7 12 4 7 1 11 7 16 17 16 3 18 2 4 7 13 0
split_gain=19.6836 22.5643 16.1612 13.1129 27.5876 24.9186 16.8889 12.446 10.2806 8.53395 8.52521 8.44339 11.8501 10.5095 12.0892 11.5215 9.40524 9.47047 8.50096 10.885 8.20643 7.25327 8.14793 7.3291 7.20103 7.32795 7.17701 10.0221 9.39608 6.99611
threshold=2.5000000000000004 0.06018093494736998 1.0000000180025095e-35 1.0000000180025095e-35 1.0000000180025095e-35 1.0000000180025095e-35 1.0000000180025095e-35 1.0000000180025095e-35 1.0000000180025095e-35 1.0000000180025095e-35 1.0000000180025095e-35 1620.0000000000002 1171.0000000000002 2648.5000000000005 1.0000000180025095e-35 4.5000000000000009 2160.5000000000005 1.5000000000000002 1.0000000180025095e-35 2179.5000000000005 1.0000000180025095e-35 1.0000000180025095e-35 1.0000000180025095e-35 1.0000000180025095e-35 1.0000000180025095e-35 1.5000000000000002 4.5000000000000009 2344.5000000000005 1.0000000180025095e-35 1.0000000180025095e-35
decision_type=2 2 2 2 2 2 2 2 2 2 2 2 2 2 2 2 2 2 2 2 2 2 2 2 2 2 2 2 2 2
left_child=1 7 3 11 5 6 21 9 -9 20 -11 12 -3 16 15 -15 17 -13 19 -18 -1 23 29 -5 25 -19 27 28 -21 -23
right_child=-2 2 -4 4 -6 -7 -8 8 -10 10 -12 13 -14 14 -16 -17 18 24 -20 26 -22 22 -24 -25 -26 -27 -28 -29 -30 -31
leaf_value=-0.0043441044170782926 -0.034636070713371665 0.0022039806778765525 0.027331678075645224 -0.01690739868454302 0.065600263276026735 0.06620410116683155 0.070115948163250161 0.020664629746509816 0.067616338417962121 0.014052117059731009 0.060594106058426737 -0.046327987042193153 -0.0550519556950698 -0.016656591980634641 0.016796796693951354 -0.0526424889112075 0.06874964139972016 -0.037200053575377263 0.033899937921186923 -0.10745335706677123 0.020457660210523771 0.062562403722934146 0.094288952567356421 0.065107274650158836 0.022846483622552566 0.015311786607861389 0.013248341859113508 -0.0034173762436155576 -0.0011991028207118878 -0.0069987861824971041
leaf_weight=149.38730910420418 38.218332147225738 14.11564323492348 37.79065465182066 130.84265574254096 16.448246791958809 12.481923805549739 6.8205941002815953 51.35031876526773 15.083511735312639 88.658941562287509 11.067307237535713 17.207363756373525 25.116784732788801 93.805313920602202 19.922402514144778 29.155693244189024 5.1501241140067568 18.288428623229265 27.098074499517679 5.6497838497161883 42.939281897619367 4.2736160364002052 2.728211596608161 2.7819173950701943 17.115923499688506 10.434080526232721 22.340479094535112 17.754094215109944 3.2935174908488989 23.440890058875084
leaf_count=1515 358 151 421 1548 237 182 78 661 233 1054 206 134 328 1209 197 589 35 151 287 36 436 62 15 23 140 86 136 176 34 218
internal_value=0.000525766 0.00198242 -0.00425153 -0.00651949 0.00356855 -0.00199569 -0.00697711 0.0117911 0.0313248 0.00734779 0.0192172 -0.0126944 -0.0344515 -0.00972241 -0.0193352 -0.0251893 -0.000206145 -0.014699 0.0110346 -0.000399838 0.0011932 -0.010182 0.0118436 -0.0151999 -0.00282574 -0.018124 -0.00766215 -0.0251601 -0.0683235 0.00372765
internal_weight=960.761 922.543 564.056 526.266 199.818 183.37 170.888 358.487 66.4338 292.053 99.7262 326.448 39.2324 287.215 142.883 122.961 144.332 63.0458 81.2861 54.188 192.327 164.067 30.4427 133.625 45.8384 28.7225 49.0379 26.6974 8.9433 27.7145
internal_count=10936 10578 6473 6052 2363 2126 1944 4105 894 3211 1260 3689 479 3210 1995 1798 1215 511 704 417 1951 1866 295 1571 377 237 382 246 70 280
is_linear=0
shrinkage=0.05


Tree=71
num_leaves=31
num_cat=0
split_feature=14 10 11 13 10 11 13 12 9 12 9 7 7 7 2 4 7 2 7 8 2 4 4 0 7 7 7 4 1 8
split_gain=22.4092 20.9547 21.4166 24.388 18.0846 40.999 34.4068 20.463 16.8577 15.3199 13.8632 11.5036 14.0476 12.4718 10.7146 9.54835 7.97371 8.58014 10.6881 11.2434 7.81606 7.74146 7.63375 9.0041 7.12973 8.41518 8.57979 8.52859 7.79375 7.53934
threshold=1.0000000180025095e-35 1.0000000180025095e-35 1.0000000180025095e-35 1.0000000180025095e-35 1.0000000180025095e-35 1.0000000180025095e-35 1.0000000180025095e-35 1.0000000180025095e-35 1.0000000180025095e-35 1.0000000180025095e-35 1.0000000180025095e-35 911.50000000000011 1601.5000000000002 2720.5000000000005 1.0000000180025095e-35 2.5000000000000004 2160.5000000000005 1.5000000000000002 2385.5000000000005 0.43280712238942359 1.5000000000000002 1.5000000000000002 2.5000000000000004 1.0000000180025095e-35 863.50000000000011 1764.5000000000002 3241.0000000000005 2.5000000000000004 1.0000000180025095e-35 0.050284974931843793
decision_type=2 2 2 2 2 2 2 2 2 2 2 2 2 2 2 2 2 2 2 2 2 2 2 2 2 2 2 2 2 2
left_child=4 2 3 8 11 6 7 10 9 -2 24 -1 14 15 -13 -14 20 -18 19 -19 -17 -16 23 -23 -6 -26 27 -27 -29 -30
right_child=1 -3 -4 -5 5 -7 -8 -9 -10 -11 -12 12 13 -15 21 16 17 18 -20 -21 -22 22 -24 -25 25 26 -28 28 29 -31
leaf_value=0.054388669044007659 -0.012566773493288648 0.061756448792706857 0.063105179460677244 0.061570726454915931 0.054975592558544388 0.061942974614141569 0.061906601796551532 0.065410866204186957 0.070445903145305896 0.066582805489978122 0.058088554420127642 0.026499416401440191 0.038520215930966314 -0.015992296242012687 0.053630877115168687 -0.025077714343533591 0.022119604006111897 0.038158205574465032 -0.033856310899434534 -0.05464406569743159 0.0063429913855984361 -0.053646910931819669 -0.041398275020960267 -0.21172608001806817 -0.030087594636784849 0.047995158054434078 -0.017109115235023436 -0.040773839150031042 0.025201249646268492 -0.0063296912302535984
leaf_weight=6.9106106460094443 112.4770891033113 22.258437539450824 16.941077781841159 16.107447983697057 4.224098600447177 29.620155659504235 20.934746317565441 10.031292892992495 7.2152178846299639 6.4650171082466832 7.8405048642307511 6.2181861624121657 16.197875836864114 203.98790702968836 1.9647669252008189 50.683408889919519 51.304410997778177 15.032387576997282 20.578262664377689 4.1689045727252951 32.473422802984715 2.2919946871697894 39.928881065919995 1.4840824492275717 44.976416444405913 9.8172427900135499 94.591052852571011 10.883880920708178 28.397911481559277 57.033693805336952
leaf_count=141 1162 382 262 225 77 540 360 136 84 76 125 60 357 2590 40 378 417 116 128 24 205 36 388 15 403 217 1307 64 239 382
internal_value=0.000505927 0.0163155 0.00996248 0.00363417 -0.00321228 0.00592126 0.000174137 -0.00465175 -0.00376302 -0.00826465 -0.00737834 -0.00962779 -0.010619 -0.00740164 -0.0350759 0.00180023 -0.00161336 0.0086067 -0.00882114 0.0180094 -0.0128077 -0.0434597 -0.0478244 -0.115776 -0.00943213 -0.0105394 -0.00615926 0.00359983 -0.000925297 0.00415136
internal_weight=953.04 181.464 159.206 142.265 771.576 318.351 288.731 267.796 126.157 118.942 257.765 453.225 446.314 394.427 51.8879 190.439 174.241 91.084 39.7796 19.2013 83.1568 45.6697 43.705 3.77608 249.924 245.7 200.724 106.133 96.3155 85.4316
internal_count=10936 2191 1809 1547 8745 3850 3310 2950 1322 1238 2814 4895 4754 4215 539 1625 1268 685 268 140 583 479 439 51 2689 2612 2209 902 685 621
is_linear=0
shrinkage=0.05


Tree=72
num_leaves=31
num_cat=0
split_feature=14 10 11 13 5 9 12 10 11 13 12 5 9 8 11 13 12 9 7 6 6 7 7 8 7 7 8 7 7 7
split_gain=20.5815 20.0751 20.3758 22.9866 17.7026 15.7758 14.2769 12.5816 28.1322 25.783 14.5164 11.7317 11.1818 9.53025 9.12345 17.4199 16.3975 13.527 9.02407 7.43427 7.26328 6.12361 7.63227 6.27589 5.53194 5.29694 5.85118 5.13891 8.4919 8.09205
threshold=1.0000000180025095e-35 1.0000000180025095e-35 1.0000000180025095e-35 1.0000000180025095e-35 1.5000000000000002 1.0000000180025095e-35 1.0000000180025095e-35 1.0000000180025095e-35 1.0000000180025095e-35 1.0000000180025095e-35 1.0000000180025095e-35 1.0000000180025095e-35 1.0000000180025095e-35 0.097033589808593668 1.0000000180025095e-35 1.0000000180025095e-35 1.0000000180025095e-35 1.0000000180025095e-35 1583.0000000000002 1.5000000000000002 1.5000000000000002 2685.0000000000005 2811.5000000000005 0.33303815084703398 2160.5000000000005 1204.5000000000002 0.15001271162198562 1034.5000000000002 1764.5000000000002 1821.5000000000002
decision_type=2 2 2 2 2 2 2 2 2 2 2 2 2 2 2 2 2 2 2 2 2 2 2 2 2 2 2 2 2 2
left_child=4 2 3 5 11 6 -2 14 9 10 12 -1 27 19 20 16 17 18 25 -13 -6 24 -23 -24 -20 26 -16 -9 -29 -30
right_child=1 -3 -4 -5 7 -7 -8 8 -10 -11 -12 13 -14 -15 15 -17 -18 -19 21 -21 -22 22 23 -25 -26 -27 -28 28 29 -31
leaf_value=0.057994098294151614 -0.011955561781559676 0.061309998168153239 0.06267112733185802 0.061045852763700427 -0.035050330678720119 0.069724822349424301 0.065930159259651039 0.046239170964351067 0.060565572474847798 0.061544166794985644 0.061528115834577818 -0.055232579912429872 0.057884825647338836 -0.039430608516917043 0.03326990725747031 0.058713964785908901 0.071245920036004676 0.066580222209699572 -0.0072283802912743375 -0.0016337287298553412 -0.0086693411290253847 -0.074833577616381416 -0.0018145879623646213 -0.04331444353045176 0.025393728975230075 -0.067292219967003616 -0.073508191185173211 -0.029675572411318591 0.048449579789801092 -0.0047709662489093651
leaf_weight=4.4494277350604525 112.32009412907064 21.323168416507542 16.223642945289612 15.450282903388141 30.102554697543383 6.9325118493288747 6.2090525571256867 4.6341601740568867 23.563122211955488 17.658327709883451 8.8655322901904565 7.5805194079875937 7.1191430985927573 54.672224853187799 3.4958170410245648 13.081568367779253 7.3569083586335173 6.2434291783720246 26.48702903650701 44.139120558276772 195.78475221060216 4.8077269569039336 49.84358187019825 11.147558463737367 25.513242080807686 9.6732566282153112 2.0268313735723495 34.393704127520323 7.4679745603352776 163.79475953429937
leaf_count=39 1162 382 262 225 365 84 76 85 475 336 128 98 118 843 51 214 89 79 191 481 1897 32 477 246 239 105 18 306 56 1777
internal_value=0.000497959 0.0157859 0.00960834 0.00349905 -0.00307353 -0.00358769 -0.00787558 6.22353e-05 0.00839427 0.0033547 -0.00118635 -0.021549 -0.00374372 -0.0248756 -0.00571836 0.00342964 -0.00150371 -0.00534756 -0.0087242 -0.00948968 -0.012185 -0.00404636 -0.0141807 -0.00939966 0.00877722 -0.044987 -0.00591803 -0.00583009 -0.00700339 -0.00245026
internal_weight=942.361 178.459 157.136 140.912 763.902 125.462 118.529 653.061 267.497 243.934 226.275 110.841 217.41 106.392 385.564 159.677 146.595 139.238 132.995 51.7196 225.887 117.799 65.7989 60.9911 52.0003 15.1959 5.52265 210.291 205.656 171.263
internal_count=10936 2191 1809 1547 8745 1322 1238 7284 3281 2806 2470 1461 2342 1422 4003 1741 1527 1438 1359 579 2262 1185 755 723 430 174 69 2224 2139 1833
is_linear=0
shrinkage=0.05


Tree=73
num_leaves=31
num_cat=0
split_feature=14 10 11 13 5 9 12 6 7 10 11 13 12 5 9 6 12 11 13 16 9 1 11 13 7 7 11 13 7 4
split_gain=18.903 19.232 19.3876 21.6737 16.2108 14.7697 13.3117 11.7459 11.3863 11.2557 24.6797 22.8745 12.6802 10.7692 9.78964 8.36904 8.7402 10.1274 12.9965 11.4509 8.80561 8.26901 7.3718 10.5848 6.59424 6.40481 6.23385 16.8478 7.62336 8.53103
threshold=1.0000000180025095e-35 1.0000000180025095e-35 1.0000000180025095e-35 1.0000000180025095e-35 1.5000000000000002 1.0000000180025095e-35 1.0000000180025095e-35 1.0000000180025095e-35 12869.000000000002 1.0000000180025095e-35 1.0000000180025095e-35 1.0000000180025095e-35 1.0000000180025095e-35 1.0000000180025095e-35 1.0000000180025095e-35 5.5000000000000009 1.0000000180025095e-35 1.0000000180025095e-35 1.0000000180025095e-35 1.0000000180025095e-35 1.0000000180025095e-35 1.0000000180025095e-35 1.0000000180025095e-35 1.0000000180025095e-35 8107.5000000000009 911.50000000000011 1.0000000180025095e-35 1.0000000180025095e-35 1583.0000000000002 4.5000000000000009
decision_type=2 2 2 2 2 2 2 2 2 2 2 2 2 2 2 2 2 2 2 2 2 2 2 2 2 2 2 2 2 2
left_child=4 2 3 5 13 6 -2 -6 9 15 11 12 14 -1 -11 16 20 18 19 -18 21 24 23 -22 -9 -15 -23 28 -28 -30
right_child=1 -3 -4 -5 7 -7 -8 8 -10 10 -12 -13 -14 25 -16 -17 17 -19 -20 -21 22 26 -24 -25 -26 -27 27 -29 29 -31
leaf_value=0.0562918222086531 -0.011373120038023111 0.060878638317177304 0.062253858379771834 0.060545327084395341 -0.047629477759231181 0.06903093347433191 0.065300040919831312 -0.047492544232408056 -0.051983114444501877 -0.0036557743981675489 0.060256362607593553 0.061154175789524534 0.061194062009551742 0.053168898199507868 0.057596177080271864 0.086218215012016625 -0.019314234802495629 0.07072760978015144 0.076384832926115698 0.049452846308411069 -0.0081382623128806904 -0.015582225999345023 0.065968227961098871 0.064548713739240135 0.040121263050764772 -0.025902865536294326 -0.04334523935583065 0.058512484730239546 0.0080851947985521016 -0.023394633714557949
leaf_weight=4.3571586348116389 112.17252054996789 20.4233174091205 15.533233966678379 14.815187362022696 12.655766813084481 6.6590195894241324 5.9617863502353421 21.376018300652508 9.9743485413491708 201.1616676915437 22.243618569336832 16.901542592793703 8.3436673097312433 2.6265849601477376 6.7419230705127111 2.5689443424344054 28.941503528505564 7.0481010284274808 5.6760248765349379 7.6548454463481894 26.436866017058492 129.05720581300557 5.992638597264885 6.1792099829763165 2.3875014036893836 102.50661451369524 12.01851077005267 11.225376748479901 72.451032163575292 30.616364471614361
leaf_count=39 1162 382 262 225 188 84 76 208 294 2035 471 336 126 63 117 19 248 89 62 67 239 1290 79 74 13 1359 139 194 681 315
internal_value=0.000486269 0.0152682 0.00926395 0.00336815 -0.00294135 -0.0034198 -0.00750372 6.68064e-05 0.00101741 0.00186322 0.00993534 0.00513445 0.000756034 -0.0207351 -0.00166949 -0.00371414 -0.00434354 0.0152397 0.00598815 -0.00493025 -0.0073833 -0.0104789 0.0149975 0.0056325 -0.0386901 -0.0239274 -0.00785374 4.27637e-05 -0.00566032 -0.00126595
internal_weight=932.708 175.565 155.142 139.609 757.143 124.793 118.134 647.653 634.997 625.023 255.392 233.149 216.247 109.49 207.904 369.63 367.061 49.3205 42.2724 36.5963 317.741 279.132 38.6087 32.6161 23.7635 105.133 255.368 126.311 115.086 103.067
internal_count=10936 2191 1809 1547 8745 1322 1238 7284 7096 6802 3085 2614 2278 1461 2152 3717 3698 466 377 315 3232 2840 392 313 221 1422 2619 1329 1135 996
is_linear=0
shrinkage=0.05


Tree=74
num_leaves=31
num_cat=0
split_feature=7 14 10 13 7 5 7 17 9 8 6 12 18 15 19 17 16 8 8 7 12 7 6 7 7 16 0 16 13 10
split_gain=18.2172 17.6309 17.3643 15.5411 15.0569 15.1388 13.8508 14.1051 10.7412 10.1741 9.77127 9.4657 11.1017 25.2768 19.1957 12.8292 13.6685 11.222 11.7148 9.60417 9.41801 8.54616 8.41908 8.24067 7.61127 7.37145 9.88429 6.98128 7.21262 6.9976
threshold=9893.0000000000018 1.0000000180025095e-35 1.0000000180025095e-35 1.0000000180025095e-35 911.50000000000011 1.5000000000000002 1475.5000000000002 1.0000000180025095e-35 1.0000000180025095e-35 0.024498552749877209 5.5000000000000009 1.0000000180025095e-35 1.0000000180025095e-35 1.0000000180025095e-35 1.0000000180025095e-35 1.0000000180025095e-35 1.0000000180025095e-35 0.027755167860403739 1.0000000180025095e-35 2720.5000000000005 1.0000000180025095e-35 4788.5000000000009 1.5000000000000002 2269.5000000000005 1256.5000000000002 1.0000000180025095e-35 1.0000000180025095e-35 1.0000000180025095e-35 1.0000000180025095e-35 1.0000000180025095e-35
decision_type=2 2 2 2 2 2 2 2 2 2 2 2 2 2 2 2 2 2 2 2 2 2 2 2 2 2 2 2 2 2
left_child=1 4 3 8 -1 9 7 24 20 22 11 12 17 14 15 16 19 18 -8 23 -3 -21 -6 -14 -7 -11 -27 28 29 -13
right_child=-2 2 -4 -5 5 6 10 -9 -10 25 -12 27 13 -15 -16 -17 -18 -19 -20 21 -22 -23 -24 -25 -26 26 -28 -29 -30 -31
leaf_value=0.050753036778007077 -0.046262892220478961 -0.00091383432781208204 0.060484471591534306 0.060067939094069614 -0.064573256790374456 -0.017320045864258803 0.0012000566001130399 0.023836851230951268 0.068362432892484976 -0.038371955093871986 0.07835097104603167 -0.0034132495651570723 -0.0097591786579348371 0.070200934144874008 0.067256160518389924 0.056430279103128089 0.058870190855018593 -0.012961367241001151 0.054199107117409821 -0.036829654300300614 0.064691404115628279 -0.0022962837636222298 0.011278084748714256 0.020964736119237819 -0.060259870991422215 0.094549753985175414 -0.020594367358687565 0.056594366105903661 0.075995248099704649 0.057552495528128356
leaf_weight=13.365881965495644 20.387744765728712 123.94356541987509 19.467366346158087 14.201810107566414 4.1751148272305718 21.392414870671928 86.568162554875016 11.85342035256326 6.3946311753243199 58.802979432046413 4.2082814760506144 31.82301639765501 47.429010478779674 15.486177165061234 11.193546480499206 9.4502383759245259 8.3623764719814044 204.72203582432121 11.854240041226147 37.37098354101181 5.7230337485671035 34.413562843576074 29.55317971855402 40.427961546927691 19.93844791315496 2.4845961853861791 7.4596317671239376 11.438665384426711 4.0319673847407094 5.5236771646887055
leaf_count=328 504 1360 381 225 50 207 765 139 84 815 32 296 380 288 207 177 167 2027 150 681 76 297 269 434 202 20 134 111 41 89
internal_value=0.000475957 0.00153115 0.0160529 0.0102966 -0.00182994 -0.00280613 0.000147505 -0.0242451 0.00510152 -0.0206039 0.00244645 0.00187614 -0.000221256 0.00879258 0.00375154 -0.000254241 -0.00344275 -0.00629107 0.00758339 -0.00670684 0.00198175 -0.0202743 0.0018887 0.00437863 -0.0380347 -0.031639 0.00817475 0.0220203 0.0124627 0.00560375
internal_weight=923.448 903.06 169.73 150.263 733.33 719.964 617.488 53.1843 136.061 102.476 564.304 560.096 507.278 204.134 188.648 177.454 168.004 303.144 98.4224 159.642 129.667 71.7845 33.7283 87.857 41.3309 68.7472 9.94423 52.8173 41.3787 37.3467
internal_count=10936 10432 2126 1745 8306 7978 6690 548 1520 1288 6142 6110 5573 2631 2343 2136 1959 2942 915 1792 1436 978 319 814 409 969 154 537 426 385
is_linear=0
shrinkage=0.05


Tree=75
num_leaves=31
num_cat=0
split_feature=6 3 4 17 18 15 19 16 0 16 13 15 8 8 9 6 16 15 19 14 2 5 5 8 6 8 8 1 10 8
split_gain=17.8399 17.4118 16.9572 13.462 15.5575 20.6197 19.9921 18.8201 14.5498 14.2818 12.4079 9.75285 9.26142 8.92296 7.81061 7.65991 7.38287 17.7624 11.4909 7.22003 6.99666 6.41529 6.36625 5.78055 5.7774 8.13961 5.75452 5.53856 5.42641 5.28516
threshold=1.5000000000000002 2.5000000000000004 4.5000000000000009 1.0000000180025095e-35 1.0000000180025095e-35 1.0000000180025095e-35 1.0000000180025095e-35 1.0000000180025095e-35 1.0000000180025095e-35 1.0000000180025095e-35 1.0000000180025095e-35 1.0000000180025095e-35 0.28327923871349014 0.84308418440179567 1.0000000180025095e-35 1.0000000180025095e-35 1.0000000180025095e-35 1.0000000180025095e-35 1.0000000180025095e-35 1.0000000180025095e-35 2.5000000000000004 3.5000000000000004 1.5000000000000002 0.027755167860403739 2.5000000000000004 0.019830051785312244 0.4560222465959507 3.5000000000000004 1.0000000180025095e-35 0.029260235526879268
decision_type=2 2 2 2 2 2 2 2 2 2 2 2 2 2 2 2 2 2 2 2 2 2 2 2 2 2 2 2 2 2
left_child=15 2 3 4 10 6 7 12 -5 11 16 19 -6 28 26 -1 -2 18 21 20 -10 29 -17 -24 -3 -26 -4 -25 -14 -18
right_child=1 24 14 8 5 -7 -8 -9 9 -11 -12 -13 13 -15 -16 22 17 -19 -20 -21 -22 -23 23 27 25 -27 -28 -29 -30 -31
leaf_value=-0.047818404455997512 -0.016533274876689194 -0.058418747435531049 -0.0047960276097119654 0.061543344676535397 0.010412388244925495 0.066031491476537293 0.06028172544868559 0.060358355871743964 0.0018725391523147163 0.072054358198587645 0.02070389434618702 0.071721080965110789 -0.030585641821377432 0.049257789708621567 0.033050883533733776 -0.043057645352153763 0.0037906154337612277 0.0736508128374464 0.065673057697756096 0.036638192083035578 -0.06168795968815334 0.047744555317889487 0.011315380754554826 -0.01058890125780395 0.035363805410351827 -0.03791741937781664 -0.024492934941242543 -0.058636752615434197 0.00080501616700513626 -0.03312954641557897
leaf_weight=18.063533432781696 122.71741023845971 13.414929978549482 163.58545237500221 21.545841267332435 88.124934512190521 18.170710662379861 18.016382297500968 14.001863827928899 58.288858050480485 10.108957541175185 41.658219697885215 5.7851421181112519 39.689402470365167 5.0841214545071116 11.499884458258746 14.46441652625799 15.296445444226263 8.1238838005810958 5.037512124516069 14.184151768684385 4.6770968418568364 3.8628056775778523 28.201690074056387 49.370754241943359 5.5309840962290791 12.033422131091355 47.950364980846643 6.8271511495113364 21.079390730708838 26.462382033467293
leaf_count=277 1320 129 1674 475 993 380 355 295 494 116 492 74 490 55 132 263 139 96 79 118 45 28 296 623 45 121 635 115 295 296
internal_value=0.000357467 0.00303655 0.00452479 0.00930065 0.00521978 0.0151939 0.0102274 0.0048589 0.0245189 0.0159453 -0.00390552 0.00910621 -0.000187904 -0.0143733 -0.00707924 -0.0178791 -0.0095539 0.00501648 -0.00598997 0.004411 -0.00284872 -0.013903 -0.0124089 -0.00715633 -0.0337116 -0.0148414 -0.00926087 -0.016426 -0.0196969 -0.0196055
internal_weight=912.858 795.931 764.951 541.916 427.325 204.167 185.996 167.98 114.59 93.0442 223.159 82.9352 153.978 65.8529 223.036 116.928 181.5 58.783 50.6591 77.1501 62.966 45.6216 98.864 84.3996 30.9793 17.5644 211.536 56.1979 60.7688 41.7588
internal_count=10945 9371 9076 6635 5313 2863 2483 2128 1322 847 2450 731 1833 840 2441 1574 1958 638 542 657 539 463 1297 1034 295 166 2309 738 785 435
is_linear=0
shrinkage=0.05


Tree=76
num_leaves=31
num_cat=0
split_feature=11 10 6 13 12 17 0 18 15 19 8 7 9 6 15 15 19 5 8 9 10 8 7 7 7 7 8 7 12 8
split_gain=19.1042 25.6209 19.1437 17.8927 15.5619 13.5889 14.4021 13.524 25.8398 20.0773 14.8089 11.6199 9.43515 9.12505 9.11812 9.01706 15.4885 8.69448 7.48938 7.02558 7.34599 6.25413 7.73509 5.97696 8.89611 5.9558 8.77225 5.94837 5.86882 6.41372
threshold=1.0000000180025095e-35 1.0000000180025095e-35 1.5000000000000002 1.0000000180025095e-35 1.0000000180025095e-35 1.0000000180025095e-35 1.0000000180025095e-35 1.0000000180025095e-35 1.0000000180025095e-35 1.0000000180025095e-35 0.1991624000873983 2775.5000000000005 1.0000000180025095e-35 5.5000000000000009 1.0000000180025095e-35 1.0000000180025095e-35 1.0000000180025095e-35 1.5000000000000002 0.84308418440179567 1.0000000180025095e-35 1.0000000180025095e-35 0.043934788671410534 1454.5000000000002 911.50000000000011 1601.5000000000002 6101.0000000000009 0.12128419810593716 1680.5000000000002 1.0000000180025095e-35 0.15515501200874957
decision_type=2 2 2 2 2 2 2 2 2 2 2 2 2 2 2 2 2 2 2 2 2 2 2 2 2 2 2 2 2 2
left_child=2 3 -1 4 12 7 -7 13 9 10 11 27 17 15 -8 23 28 -2 19 20 -12 -19 -23 -4 -25 -13 -27 -9 29 -17
right_child=1 -3 5 -5 -6 6 14 8 -10 -11 18 25 -14 -15 -16 16 -18 21 -20 -21 -22 22 -24 24 -26 26 -28 -29 -30 -31
leaf_value=-0.025893676709600438 -0.029787654151975009 0.060779201960290963 0.053139337617672713 0.060606333923749894 0.070409268319945151 0.058369172174397035 0.004085882780534269 -0.0033733758417809653 0.06507384245988361 0.060990425524570492 -0.039088069319533313 -0.028619337968135674 0.063331754512408675 0.082046384958991136 0.071138679181082784 0.0019230429667534601 0.064569355651548296 0.015980063792983393 0.033798122254105417 0.022282896792400714 -0.0093747075679060203 -0.05423110527787324 -0.0013056120175342937 -0.054023379150242169 -0.017463264399908796 0.034153228365348773 -0.056174557371374605 0.033997257519519784 0.023597225420337285 -0.025975246637107569
leaf_weight=85.701336668804288 24.841355957090855 24.990749065764248 2.6857825508341184 14.446744766086338 8.1331064719706756 16.194226461462677 96.531791391782463 14.279487309046088 16.421171230264008 12.608951169997452 45.939399644732475 21.488108422607183 5.6294777663424602 2.5474747009575358 5.3510887557640663 40.473393734544516 8.1300721541047078 52.596768881194293 6.6170876715332261 8.4166225083172304 38.013432759791613 7.5220788307487956 83.962961081415415 19.064746517688036 130.76671980321407 11.265923351049421 3.5300924684852353 41.872732137329876 13.229978492483495 41.958588566631079
leaf_count=1174 351 527 65 246 103 350 878 139 301 247 541 266 80 20 65 405 99 576 78 88 477 94 937 182 1355 99 28 551 129 494
internal_value=0.000347704 0.0130857 -0.00379437 0.00703951 0.00280345 -0.000623992 0.0145696 -0.00436689 0.00473406 -0.000122291 -0.00414776 0.0102436 -0.000346572 -0.0121176 0.00760763 -0.0130535 -0.00168518 -0.00246869 -0.0175868 -0.0212679 -0.025634 0.00224141 -0.00565725 -0.02079 -0.0221152 -0.0118098 0.0126025 0.0244939 -0.00731599 -0.0122774
internal_weight=905.211 222.123 683.088 197.132 182.686 597.387 118.077 479.31 220.453 204.032 191.423 92.4363 174.553 258.857 101.883 256.309 103.792 168.923 98.9865 92.3695 83.9528 144.082 91.485 152.517 149.831 36.2841 14.796 56.1522 95.662 82.432
internal_count=10945 2914 8031 2387 2141 6857 1293 5564 2815 2514 2267 1083 2038 2749 943 2729 1127 1958 1184 1106 1018 1607 1031 1602 1537 393 127 690 1028 899
is_linear=0
shrinkage=0.05


Tree=77
num_leaves=31
num_cat=0
split_feature=11 10 14 13 6 12 17 0 16 18 15 19 16 7 15 6 5 6 15 16 19 4 7 7 1 7 7 7 2 7
split_gain=17.4734 24.5215 20.6642 20.2845 17.4232 17.2766 12.3738 13.8932 15.4412 12.3042 24.4136 18.9849 20.4343 11.2637 10.3327 9.19596 8.99973 8.49134 8.18912 18.2554 17.5709 6.94909 6.72305 8.092 7.09006 6.07755 9.52989 6.17288 6.36838 6.05847
threshold=1.0000000180025095e-35 1.0000000180025095e-35 1.0000000180025095e-35 1.0000000180025095e-35 1.5000000000000002 1.0000000180025095e-35 1.0000000180025095e-35 1.0000000180025095e-35 1.0000000180025095e-35 1.0000000180025095e-35 1.0000000180025095e-35 1.0000000180025095e-35 1.0000000180025095e-35 2775.5000000000005 1.0000000180025095e-35 4.5000000000000009 1.5000000000000002 5.5000000000000009 1.0000000180025095e-35 1.0000000180025095e-35 1.0000000180025095e-35 2.5000000000000004 6101.0000000000009 7341.5000000000009 1.0000000180025095e-35 2334.5000000000005 2119.5000000000005 1454.5000000000002 1.5000000000000002 5532.5000000000009
decision_type=2 2 2 2 2 2 2 2 2 2 2 2 2 2 2 2 2 2 2 2 2 2 2 2 2 2 2 2 2 2
left_child=4 2 3 5 -1 16 9 -8 14 17 11 12 13 21 25 22 -2 18 -6 20 -20 -11 -15 -24 -25 26 27 28 -9 -27
right_child=1 -3 -4 -5 6 -7 7 8 -10 10 -12 -13 -14 15 -16 -17 -18 -19 19 -21 -22 -23 23 24 -26 29 -28 -29 -30 -31
leaf_value=-0.024796123448058371 -0.035455013294013731 0.060389619499527904 0.062635766746448593 0.060201102917984077 -0.019873457232198077 0.069843124425176803 0.058092346335939488 0.048944347510304187 0.073055589333613044 0.042548131469323208 0.064524265594378516 0.060792173561309615 0.061499194597756601 -0.040025458259915547 0.070352941286239784 0.068531261246629269 -0.0015060304244689808 0.080954618290780309 -0.014314408123973669 0.069135400823579662 0.064048710425977026 -0.0023430004310151212 0.077805640586549096 0.053079189134437758 -0.031478253069632173 -0.031550162360083053 0.058015992573905134 -0.017917615072450568 -0.025309524175923678 0.0051176030142139764
leaf_weight=85.037395307794213 22.802676200866699 23.921426841057837 15.252847605384884 13.832336001098154 151.60251801367849 7.7975828526541582 15.475981539115308 9.1897831652313453 8.1943683503195626 9.3953293338417989 15.749994043260811 12.03212629817426 11.211899217218159 41.851677862927318 5.1455218484625211 2.5357577279210082 135.67140893172473 2.4550831690430632 86.924864492379129 8.3781255725771171 7.7948394212871781 104.57075734995306 2.581664232537153 2.9902258049696711 14.501886382699011 25.311329843476415 8.6103291399776918 20.762719510123134 4.2105856370180836 20.299672443419695
leaf_count=1174 335 527 268 246 1602 103 350 82 90 227 301 247 211 778 65 24 1435 20 930 98 99 836 22 25 144 293 48 163 43 159
internal_value=0.000340869 0.0126073 0.0067564 0.00202402 -0.00363329 -0.00281579 -0.000592228 0.0139567 0.00724207 -0.0041852 0.00457049 -0.000111741 -0.00397594 -0.00809022 0.001476 -0.0247942 -0.00639092 -0.011588 -0.01248 -0.00160822 -0.00786561 0.00135781 -0.0286157 -0.00482755 -0.0170234 -0.00253385 0.0110054 -0.000842968 0.0256127 -0.0152308
internal_weight=896.093 219.278 195.357 180.104 676.814 166.272 591.777 117.2 101.724 474.577 217.421 201.671 189.639 178.427 93.5299 64.4612 158.474 257.155 254.7 103.098 94.7197 113.966 61.9255 20.0738 17.4921 88.3844 42.7734 34.1631 13.4004 45.611
internal_count=10945 2914 2387 2119 8031 1873 6857 1293 943 5564 2815 2514 2267 2056 853 993 1770 2749 2729 1127 1029 1063 969 191 169 788 336 288 125 452
is_linear=0
shrinkage=0.05


Tree=78
num_leaves=31
num_cat=0
split_feature=11 10 13 6 7 6 17 0 16 18 15 19 16 8 7 15 7 5 8 9 4 7 7 7 7 0 6 10 16 0
split_gain=15.9963 23.4536 16.1633 15.8487 11.7182 11.338 11.0819 13.5548 14.9283 11.5183 23.8378 18.7634 19.6004 12.0361 11.5607 9.74615 8.72397 8.35828 7.64596 6.85023 6.78549 7.2168 6.98081 6.86277 6.77115 6.24118 6.08705 5.94873 5.40944 16.1713
threshold=1.0000000180025095e-35 1.0000000180025095e-35 1.0000000180025095e-35 1.5000000000000002 948.50000000000011 5.5000000000000009 1.0000000180025095e-35 1.0000000180025095e-35 1.0000000180025095e-35 1.0000000180025095e-35 1.0000000180025095e-35 1.0000000180025095e-35 1.0000000180025095e-35 0.1991624000873983 3169.5000000000005 1.0000000180025095e-35 1601.5000000000002 1.5000000000000002 0.84308418440179567 1.0000000180025095e-35 4.5000000000000009 1560.5000000000002 7583.0000000000009 911.50000000000011 1680.5000000000002 1.0000000180025095e-35 2.5000000000000004 1.0000000180025095e-35 1.0000000180025095e-35 1.0000000180025095e-35
decision_type=2 2 2 2 2 2 2 2 2 2 2 2 2 2 2 2 2 2 2 2 2 2 2 2 2 2 2 2 2 2
left_child=3 2 17 -1 -5 6 9 -8 15 16 11 12 13 14 24 -9 -6 -2 19 27 21 23 -23 -19 -11 -26 -25 -15 -18 -30
right_child=1 -3 -4 4 5 -7 7 8 -10 10 -12 -13 -14 18 -16 -17 28 20 -20 -21 -22 22 -24 26 25 -27 -28 -29 29 -31
leaf_value=-0.023734964020270158 -0.024196683575853341 0.060011690193943916 0.059811384595941076 0.048651179258966039 -0.039121368121564463 0.080512557155652031 0.058252380365843029 -0.0040388453175788323 0.072715398951812255 -0.014948366403805008 0.06427457400128532 0.060705650487536768 0.061649392457887725 -0.042689464847326601 -0.021323268274555083 0.071283664297408858 -0.014828465803883509 0.053278169485013085 0.031542972529849556 0.019172973123784267 -0.010767417812947053 0.023073558165551337 -0.011957621064373097 -0.088265739123651474 0.03329300836357077 -0.043700566505291472 -0.0069852155939421658 -0.014864671917292408 0.067100540183077026 -0.0069607187499747501
leaf_weight=84.413683812133968 25.093356121331453 22.894453675486147 13.241293951869009 11.851696919649838 28.129593379795551 4.1756325736641875 13.839618008583782 85.833104019984603 7.5950316600501528 11.842258127406238 14.763576593250034 11.365599920041857 10.256498645059763 43.007448682561517 28.15032060071826 4.5208053626120082 151.70569382607937 2.2892392436042419 6.236590825021266 7.7022468484938136 40.220821784809232 86.239553661085665 17.029420118778944 4.1678687408566457 38.132691331207752 2.8272157534956923 5.1491753570735455 34.712991930544376 8.3944266056641919 60.43163594789803
leaf_count=1174 367 527 246 297 282 37 308 756 80 81 286 241 192 519 323 46 1641 56 72 77 455 1010 161 37 462 18 55 437 101 601
internal_value=0.000336523 0.0121576 0.00649364 -0.00348084 -0.000560601 -0.00157737 -0.00217932 0.0119338 0.00538922 -0.00562661 0.00302559 -0.0016299 -0.00550417 -0.0094944 0.00455479 -0.000270127 -0.0128987 0.00257557 -0.0219025 -0.0258045 0.00690711 0.0130954 0.0172968 -0.024287 0.0183511 0.0279786 -0.0433451 -0.0302618 -0.00955391 0.00207222
internal_weight=886.214 216.325 193.431 669.888 585.475 573.623 569.447 111.789 97.9489 457.659 208.997 194.234 182.868 172.612 80.9525 90.3539 248.661 180.189 91.6593 85.4227 155.096 114.875 103.269 11.6063 52.8022 40.9599 9.31704 77.7204 220.532 68.8261
internal_count=10945 2914 2387 8031 6857 6560 6523 1190 882 5333 2708 2422 2181 1989 884 802 2625 2141 1105 1033 1774 1319 1171 148 561 480 92 956 2343 702
is_linear=0
shrinkage=0.05


Tree=79
num_leaves=31
num_cat=0
split_feature=16 0 17 9 10 11 13 14 12 11 14 13 12 6 8 5 7 4 6 8 1 12 6 14 5 7 7 8 7 7
split_gain=15.0349 32.2817 19.3789 16.4125 12.2536 20.1982 21.9252 21.4996 13.4546 10.799 15.4324 16.1687 16.1726 13.2034 10.2507 6.8118 7.21662 6.36069 11.0075 6.82705 6.45408 6.32061 6.20022 6.571 6.03118 5.73366 5.56276 5.45327 5.45469 13.3683
threshold=1.0000000180025095e-35 1.0000000180025095e-35 1.0000000180025095e-35 1.0000000180025095e-35 1.0000000180025095e-35 1.0000000180025095e-35 1.0000000180025095e-35 1.0000000180025095e-35 1.0000000180025095e-35 1.0000000180025095e-35 1.0000000180025095e-35 1.0000000180025095e-35 1.0000000180025095e-35 2.5000000000000004 0.84308418440179567 1.5000000000000002 1102.5000000000002 2.5000000000000004 3.5000000000000004 0.022926376248720529 2.5000000000000004 1.0000000180025095e-35 4.5000000000000009 1.0000000180025095e-35 1.5000000000000002 1435.5000000000002 4996.5000000000009 0.41776671863150655 1971.5000000000002 2191.5000000000005
decision_type=2 2 2 2 2 2 2 2 2 2 2 2 2 2 2 2 2 2 2 2 2 2 2 2 2 2 2 2 2 2
left_child=3 -2 21 4 9 6 7 8 15 13 11 12 24 27 17 16 -6 18 26 20 -19 22 23 -3 -11 -26 -15 28 -1 -30
right_child=1 2 -4 -5 5 -7 -8 -9 -10 10 -12 -13 -14 14 -16 -17 -18 19 -20 -21 -22 -23 -24 -25 25 -27 -28 -29 29 -31
leaf_value=-0.043297457796133559 0.060301648145301416 -0.015768249507166595 0.067558252575853628 0.025714912796277051 0.038655980425950663 0.05910737816385845 0.061219180478318126 0.057815171727637484 0.065973183867252788 -0.037163927785870354 0.06078828409231303 0.060749021294505302 0.071675549132587724 0.019844166043801591 0.071398092218071377 -0.0060120636114472485 -0.04186610451996281 -0.014346009746236236 0.067989211155259563 -0.02269230245604445 0.024950194454940802 0.037947347971188067 0.055518359990866586 0.016473250775365208 -0.046062116986538934 -0.0034125577593621123 -0.023815176867110321 -0.045722384304546122 0.043378246174209018 -0.022692333013229822
leaf_weight=22.208744026720524 30.854205542244017 77.566553601063788 10.59513176884502 47.632735134102404 3.1366781573742655 15.762622204609213 13.978765751235185 13.421647537499664 6.0301635144278398 19.302563837729394 10.110148276202379 9.2569834878668171 6.1374386148527256 14.109887123107912 4.2004988901317111 164.78712291829288 24.646884700283408 24.462220329791307 6.7789132511243215 73.597025798633695 18.240190103650093 8.5831956807523948 3.8469752892851821 19.846497818827629 8.5622624047100526 98.940647847950459 15.107604112476109 30.588013488799334 8.650303799659012 66.60230403766036
leaf_count=215 592 880 134 598 24 396 291 303 110 280 194 182 83 225 39 1854 369 211 85 811 172 82 31 192 98 1021 132 465 67 809
internal_value=0.000331088 0.0146701 0.00298014 -0.00265602 -0.00464739 0.00438416 0.000567449 -0.00343135 -0.00757046 -0.00964561 0.00109934 -0.00314444 -0.00759342 -0.0153971 -0.00565455 -0.0098734 -0.0327754 -0.00777975 0.0105872 -0.0134646 0.00243923 -0.00324886 -0.00674081 -0.00919951 -0.0114301 -0.00680946 -0.00273094 -0.027304 -0.0215235 -0.0150975
internal_weight=877.545 151.293 120.438 726.252 678.62 241.764 226.001 212.022 198.601 436.856 152.31 142.2 132.943 284.546 156.496 192.571 27.7836 152.296 35.9964 116.299 42.7024 109.843 101.26 97.4131 126.805 107.503 29.2175 128.049 97.4614 75.2526
internal_count=10945 1911 1319 9034 8436 3347 2951 2660 2357 5089 1858 1664 1482 3231 1675 2247 393 1636 442 1194 383 1185 1103 1072 1399 1119 357 1556 1091 876
is_linear=0
shrinkage=0.05


Tree=80
num_leaves=31
num_cat=0
split_feature=8 8 10 13 11 14 12 6 9 15 16 11 13 14 12 8 17 6 9 5 19 4 5 1 13 14 12 9 1 6
split_gain=16.4138 15.8094 14.3126 18.9561 19.4106 14.3756 13.7183 12.4235 10.7947 10.5377 12.9727 10.9734 9.33345 9.40732 9.56254 8.80306 8.56551 8.13662 7.67302 7.65349 6.09349 5.50653 5.47352 5.42228 4.4694 13.0847 10.3706 10.868 5.03565 4.4988
threshold=0.029260235526879268 1.0000000180025095e-35 1.0000000180025095e-35 1.0000000180025095e-35 1.0000000180025095e-35 1.0000000180025095e-35 1.0000000180025095e-35 5.5000000000000009 1.0000000180025095e-35 1.0000000180025095e-35 1.0000000180025095e-35 1.0000000180025095e-35 1.0000000180025095e-35 1.0000000180025095e-35 1.0000000180025095e-35 0.019830051785312244 1.0000000180025095e-35 4.5000000000000009 1.0000000180025095e-35 3.5000000000000004 1.0000000180025095e-35 4.5000000000000009 1.5000000000000002 1.5000000000000002 1.0000000180025095e-35 1.0000000180025095e-35 1.0000000180025095e-35 1.0000000180025095e-35 1.0000000180025095e-35 2.5000000000000004
decision_type=2 2 2 2 2 2 2 2 2 2 2 2 2 2 2 2 2 2 2 2 2 2 2 2 2 2 2 2 2 2
left_child=1 17 7 4 5 6 8 9 22 11 16 24 13 14 18 -3 20 21 19 -13 -11 -1 -4 -23 -2 26 27 28 -26 -30
right_child=2 15 3 -5 -6 -7 -8 -9 -10 10 -12 12 -14 -15 -16 -17 -18 -19 -20 -21 -22 23 -24 -25 25 -27 -28 -29 29 -31
leaf_value=0.0079122891509421419 -0.028107822526707411 0.061636022914327043 -0.033409460823310172 0.065688471318672892 0.060406291094390913 0.060416095456705655 0.069032553163125288 0.11603345366884282 0.062636036407462597 -0.0087224610778721678 0.080730586575833777 -0.02093056310718314 0.064049424873353661 0.058981468901072767 0.061808460850587527 0.011766021803082359 0.066518798515676145 0.053243530147761987 0.065546940988574484 0.035073385698075998 0.06120078634278734 -0.031270086002090296 -0.007155554352401926 -9.9470781492319541e-05 -0.078710492845984803 0.061085814991308843 0.075604531401619393 0.069427464566719777 -0.040063583344272971 -0.0093116364303004722
leaf_weight=177.0107989879325 132.86277842428535 20.591254741884768 23.268331912346184 12.238919077441095 13.031566911377011 8.5583028970286232 5.8801985662430516 1.9113768003880967 5.1370043493807307 63.175627341493964 5.2416198635473839 75.689785156399012 4.998882705345749 5.2539146998897186 4.4253100072965017 15.517667167820035 4.43170132767409 8.4036481585353595 2.9579705577343693 6.6352423802018157 3.2773873042315236 19.220310211181641 135.24063250888139 50.898555677384138 4.6476406138390294 5.5876144487410775 2.7573734931647769 2.9614162519574156 23.032654786482453 24.590348759666085
leaf_count=2211 1556 401 370 224 278 170 96 13 91 817 53 901 81 98 58 194 58 85 36 65 36 177 1524 504 50 91 27 31 323 296
internal_value=-0.000433592 0.00923618 -0.00531443 0.00536395 0.00150082 -0.00280967 -0.00600154 -0.0111138 -0.00869769 -0.0117661 0.00482727 -0.0160279 -0.00254142 -0.00604681 -0.0098553 0.0402046 -0.000785456 0.0048601 -0.0135739 -0.0164168 -0.00527393 0.00321482 -0.0110095 -0.00864366 -0.0228907 -0.0119881 -0.0190292 -0.0237536 -0.0290328 -0.0241847
internal_weight=869.436 291.642 577.794 203.355 191.116 178.084 169.526 374.439 163.646 372.527 76.1263 296.401 99.9611 94.9622 89.7083 36.1089 70.8847 255.533 85.283 82.325 66.453 247.13 158.509 70.1189 196.44 63.577 57.9894 55.2321 52.2706 47.623
internal_count=10915 3572 7343 2753 2529 2251 2081 4590 1985 4577 964 3613 1239 1158 1060 595 911 2977 1002 966 853 2892 1894 681 2374 818 727 700 669 619
is_linear=0
shrinkage=0.05


Tree=81
num_leaves=31
num_cat=0
split_feature=6 7 4 7 7 3 4 7 7 4 7 6 7 8 14 4 6 12 2 7 5 12 7 8 8 18 7 7 0 2
split_gain=15.6176 14.9737 15.4871 14.5827 13.8002 11.8814 11.448 10.4242 10.2845 11.7998 12.7781 10.2631 9.83137 9.3962 9.04512 7.52248 6.88138 5.97938 5.94549 5.74534 5.11706 5.1127 5.86784 5.39174 10.8887 10.1575 5.25726 6.128 8.77848 5.67696
threshold=1.0000000180025095e-35 2720.5000000000005 2.5000000000000004 4518.5000000000009 12869.000000000002 2.5000000000000004 2.5000000000000004 3392.5000000000005 2005.5000000000002 5.5000000000000009 1102.5000000000002 3.5000000000000004 4106.5000000000009 0.53250000000000008 1.0000000180025095e-35 3.5000000000000004 4.5000000000000009 1.0000000180025095e-35 2.5000000000000004 9032.5000000000018 1.5000000000000002 1.0000000180025095e-35 4721.5000000000009 0.029260235526879268 1.0000000180025095e-35 1.0000000180025095e-35 8031.5000000000009 4875.5000000000009 1.0000000180025095e-35 1.5000000000000002
decision_type=2 2 2 2 2 2 2 2 2 2 2 2 2 2 2 2 2 2 2 2 2 2 2 2 2 2 2 2 2 2
left_child=-1 2 -2 6 13 8 12 -8 9 10 -4 14 -3 16 15 -10 18 -15 19 21 -12 23 -23 24 26 -25 27 28 29 -5
right_child=1 3 5 4 -6 -7 7 -9 11 -11 20 -13 -14 17 -16 -17 -18 -19 -20 -21 -22 22 -24 25 -26 -27 -28 -29 -30 -31
leaf_value=-0.046842763920377839 0.033025163044035195 0.035476000397705099 0.036726692962142884 -0.04728374750692569 -0.051589378144616595 -0.051730605797494028 -0.013063017690979712 -0.045450887834567438 0.02839956222250857 -0.033360882811858138 -0.028066525853254677 -0.0098015405280884038 -0.04567519183930531 -0.040584233371510937 0.04007076766766348 0.0037574198600693735 0.066314575152509436 0.032610669858205203 -0.029960668292871563 0.032067902444323414 -0.00035281777062451554 0.090697660604581273 0.015852542463444752 -0.018184723245967021 0.055536811405909395 0.018805718938504121 0.033953914775523356 -0.021835585431832873 0.050940511907206304 0.020348924817105665
leaf_weight=17.736152965575457 49.073066086973995 14.091888818889858 22.208951882086694 6.1502366065979004 12.381664827466009 9.5657232217490655 53.140008741989732 46.656287198886275 45.871644260361791 28.574160868301988 19.151703728362918 43.079777613282204 5.0767597351223221 17.917220916599039 35.265008110553026 95.336925876326859 4.5802529305219641 3.3048491794615975 11.902377396821974 19.67542112711817 127.81737134885043 3.0862055458128479 17.288599010556936 64.025496192276478 11.49356530420482 26.134098151698709 10.640637483447788 25.06729844212532 9.3738502934575081 6.2616395838558674
leaf_count=283 1526 228 287 60 452 62 531 1490 539 298 215 327 91 424 467 804 45 31 93 170 1020 20 147 531 121 266 95 168 67 57
internal_value=-0.000409133 0.000566419 0.00642385 -0.00700404 -0.000130491 0.00336576 -0.0214071 -0.0282048 0.00462871 -0.00364201 0.0013775 0.0120782 0.0139833 0.00255901 0.0174193 0.0117624 0.00568258 -0.0291858 0.00436704 0.00641818 -0.00396422 0.00360699 0.0271895 0.00058784 0.0111088 -0.00746249 0.00222724 -0.0049781 0.0144186 -0.0131639
internal_weight=861.929 844.193 475.944 368.248 249.283 426.871 118.965 99.7963 417.306 197.752 169.178 219.553 19.1686 236.902 176.474 141.209 215.68 21.2221 211.099 199.197 146.969 179.522 20.3748 159.147 68.9872 90.1596 57.4937 46.853 21.7857 12.4119
internal_count=10915 10632 5545 5087 2747 4019 2340 2021 3957 1820 1522 2137 319 2295 1810 1343 1840 455 1795 1702 1235 1532 167 1365 568 797 447 352 184 117
is_linear=0
shrinkage=0.05


Tree=82
num_leaves=31
num_cat=0
split_feature=6 3 8 6 10 13 11 12 14 14 13 11 11 13 12 9 7 7 9 12 5 7 7 18 7 0 7 6 9 15
split_gain=15.0481 14.4038 17.2782 11.6998 10.2977 14.8093 16.2042 10.8602 11.403 9.71615 9.42272 11.1296 9.01399 10.7021 10.2566 10.5474 8.70129 9.23531 8.38665 8.0693 7.88822 7.76881 7.30022 7.27554 7.38085 7.26792 9.93748 9.17891 7.15017 6.67622
threshold=5.5000000000000009 2.5000000000000004 0.059306134682057254 1.0000000180025095e-35 1.0000000180025095e-35 1.0000000180025095e-35 1.0000000180025095e-35 1.0000000180025095e-35 1.0000000180025095e-35 1.0000000180025095e-35 1.0000000180025095e-35 1.0000000180025095e-35 1.0000000180025095e-35 1.0000000180025095e-35 1.0000000180025095e-35 1.0000000180025095e-35 2636.5000000000005 4721.5000000000009 1.0000000180025095e-35 1.0000000180025095e-35 3.5000000000000004 1971.5000000000002 1034.5000000000002 1.0000000180025095e-35 2074.5000000000005 1.0000000180025095e-35 3291.5000000000005 3.5000000000000004 1.0000000180025095e-35 1.0000000180025095e-35
decision_type=2 2 2 2 2 2 2 2 2 2 2 2 2 2 2 2 2 2 2 2 2 2 2 2 2 2 2 2 2 2
left_child=1 2 16 -4 9 6 7 8 18 12 11 19 -5 14 15 20 21 25 -6 28 23 22 -1 -14 -25 26 27 -18 -11 -28
right_child=-2 -3 3 4 5 -7 -8 -9 -10 10 -12 -13 13 -15 -16 -17 17 -19 -20 -21 -22 -23 -24 24 -26 -27 29 -29 -30 -31
leaf_value=0.04411393446312678 0.086250930472454745 -0.033655167685227708 -0.058440691325260335 -0.023249325420025026 -0.0099313316677000427 0.065208528122305098 0.060911932860591156 0.070037632593953333 0.060624485745505191 -0.01513635896013104 0.060056697086936998 0.060741578946177092 -0.032356653050022555 0.060608263236565818 0.072480802633057645 0.066247695168391657 0.040103180853414341 0.010485665724107661 0.063373250650216637 0.067373123137825869 0.036662887203090848 0.028072611810565175 0.00053227685546929277 -0.051033773446718937 0.012579909587683966 -0.034968919628571814 -0.047692494362054472 -0.045221988347046743 0.063145550372766007 0.027767250607857494
leaf_weight=11.111693786457179 4.9817348737269631 32.292665204033256 10.230912758968769 136.17439014371485 136.8016687547788 9.753792596049605 10.817528185434638 5.0012725209817281 6.3561553657054892 55.954736599698663 7.1851749233901492 6.7814529854804269 45.430889851413667 6.1507352516055098 3.8263502186164251 4.1788956383243194 16.182344249449674 98.117541175335646 4.0163669660687438 3.4725737366825333 6.7162471432238808 83.670792921911925 71.041789405047894 5.6987969595938948 22.814193101599813 25.043497976846993 12.075666978955267 3.9143535317853084 3.07740943878889 3.8707126285880795
leaf_count=288 43 334 189 1675 1642 191 232 82 137 687 113 123 551 108 51 57 250 886 75 34 71 1233 728 60 314 361 260 39 47 54
internal_value=-0.000395125 -0.000904287 0.000392653 -0.00553228 -0.00440506 0.00536317 0.00178192 -0.00242139 -0.0048837 -0.00989332 0.00555458 -9.74504e-05 -0.0150075 -0.00317057 -0.00759492 -0.0112064 0.00933286 0.000983597 -0.00784056 -0.00669818 -0.0152192 0.0173488 0.00642693 -0.0199316 -0.000134347 -0.0142787 9.73556e-05 0.0234839 -0.0110554 -0.0293759
internal_weight=852.742 847.761 815.468 490.44 480.209 172.747 162.993 152.175 147.174 307.462 76.4713 69.2862 230.99 94.8161 88.6654 84.839 325.028 159.204 140.818 62.5047 80.6601 165.824 82.1535 73.9439 28.513 61.0866 36.0431 20.0967 59.0321 15.9464
internal_count=10915 10872 10538 6439 6250 2359 2168 1936 1854 3891 1004 891 2887 1212 1104 1053 4099 1850 1717 768 996 2249 1016 925 374 964 603 289 734 314
is_linear=0
shrinkage=0.05


Tree=83
num_leaves=31
num_cat=0
split_feature=15 18 16 19 7 7 8 7 7 7 11 6 8 8 2 6 4 7 7 4 14 7 8 8 5 7 1 6 7 10
split_gain=14.4688 25.8803 20.4509 19.1987 13.5607 18.9986 12.7102 10.6984 14.2069 10.1037 9.78747 8.62051 8.0992 8.04571 8.19308 7.83938 7.37992 7.43626 6.74076 6.53431 8.85158 6.33835 6.20086 5.58951 5.44693 6.04746 5.43531 5.39498 5.09676 5.05366
threshold=1.0000000180025095e-35 1.0000000180025095e-35 1.0000000180025095e-35 1.0000000180025095e-35 2720.5000000000005 4721.5000000000009 0.33756582745456359 2005.5000000000002 948.50000000000011 12869.000000000002 1.0000000180025095e-35 3.5000000000000004 0.83450000000000013 0.26116732428670969 1.5000000000000002 3.5000000000000004 2.5000000000000004 4106.5000000000009 3333.5000000000005 3.5000000000000004 1.0000000180025095e-35 6674.5000000000009 0.50067970212401691 0.36506727902088337 1.5000000000000002 1102.5000000000002 1.5000000000000002 2.5000000000000004 3392.5000000000005 1.0000000180025095e-35
decision_type=2 2 2 2 2 2 2 2 2 2 2 2 2 2 2 2 2 2 2 2 2 2 2 2 2 2 2 2 2 2
left_child=4 2 3 6 7 16 -2 8 -1 10 15 19 -8 24 -15 -7 17 26 29 -9 -21 -17 -16 -12 25 -10 -6 -24 -28 -18
right_child=1 -3 -4 -5 5 9 12 11 13 -11 23 -13 -14 14 22 21 18 -19 -20 20 -22 -23 27 -25 -26 -27 28 -29 -30 -31
leaf_value=0.045006415831527334 0.0049651357272281213 0.064080614048688755 0.070040952143965371 0.064068682454745826 0.082854508186161357 -0.010274213873075656 -0.037353715022250204 0.028530978550106702 0.022260512212099511 -0.051533327534331791 0.024418061500062753 -0.011563232749423731 0.033700667862931674 -0.039016355740503376 -0.037616609650480054 -0.017076322358975722 -0.03270442700038622 -0.036728695758243071 -0.047046103189334887 6.8750768746728353e-07 0.036848389213573661 0.069891093988223962 -0.010621043422162503 -0.039655805653513065 0.0013352110875175054 -0.045431458367119079 0.054016950441205171 0.071321126662911891 -0.031684040590340759 0.0036886232336195649
leaf_weight=12.648008392192422 91.995742081664503 21.307428348809481 11.287646095268427 10.83769216109067 3.1768963807262498 114.6745416847989 34.482386472634971 60.789185564033687 4.3862248286604908 9.7582900924608094 45.50978637766093 35.643490185029805 4.5383582413196555 36.541618674062192 4.8160584960132828 3.3020562715828401 26.378596076741815 7.6014173366129389 48.348587797954679 78.083446718752384 20.59748419187963 5.7318324008956552 3.6866200519725663 3.6788504533469668 104.40871743811294 13.31622753292322 2.9855172960087657 4.4133910555392504 4.1413364075124264 14.94281316641718
leaf_count=359 1068 510 166 156 40 982 526 977 35 372 351 314 47 397 50 40 234 136 1598 621 239 44 41 74 1070 152 76 35 45 160
internal_value=-0.000374718 0.0124507 0.00526718 0.000112993 -0.00371629 -0.0118512 -0.00517743 0.00250784 -0.00613385 -0.00203376 0.000759986 0.0106669 -0.0290896 -0.0099039 -0.0269174 -0.00674145 -0.0285206 0.000786606 -0.0343726 0.0156356 0.00769184 0.0381029 0.00731248 0.0196259 -0.00301306 -0.0286591 0.0284629 0.0340262 0.00421705 -0.0195438
internal_weight=844.01 174.449 153.142 141.854 669.561 290.231 131.016 379.33 184.217 182.655 172.897 195.114 39.0207 171.569 49.4577 123.708 107.575 17.9052 89.67 159.47 98.6809 9.03389 12.9161 49.1886 122.111 17.7025 10.3038 8.10001 7.12685 41.3214
internal_count=10915 2473 1963 1797 8442 4152 1641 4290 2139 1863 1491 2151 573 1780 523 1066 2289 297 1992 1837 860 84 126 425 1257 187 161 76 121 394
is_linear=0
shrinkage=0.05


Tree=84
num_leaves=31
num_cat=0
split_feature=6 6 16 0 17 15 7 4 1 7 7 7 8 7 4 1 7 18 8 7 8 12 15 15 11 10 6 7 7 7
split_gain=14.0567 13.3538 13.1229 27.3369 18.0509 14.5925 12.5656 12.6328 10.9228 9.79064 9.22532 8.59791 8.56302 8.51403 11.9928 8.12805 9.39429 8.00966 13.378 7.55398 7.02728 7.09138 6.43074 6.23458 9.53218 6.23213 6.20475 7.522 6.27393 5.95472
threshold=5.5000000000000009 1.0000000180025095e-35 1.0000000180025095e-35 1.0000000180025095e-35 1.0000000180025095e-35 1.0000000180025095e-35 2720.5000000000005 2.5000000000000004 1.5000000000000002 2094.5000000000005 4518.5000000000009 12869.000000000002 0.31942788265514288 3987.5000000000005 2.5000000000000004 3.5000000000000004 1341.5000000000002 1.0000000180025095e-35 0.1940853065540428 8696.5000000000018 0.055780762221924733 1.0000000180025095e-35 1.0000000180025095e-35 1.0000000180025095e-35 1.0000000180025095e-35 1.0000000180025095e-35 3.5000000000000004 2607.5000000000005 2160.5000000000005 1283.5000000000002
decision_type=2 2 2 2 2 2 2 2 2 2 2 2 2 2 2 2 2 2 2 2 2 2 2 2 2 2 2 2 2 2
left_child=1 -1 6 -4 5 20 7 15 17 22 13 12 23 14 -8 -3 -17 -9 -19 -14 21 -5 25 24 -12 -10 -11 28 -28 -27
right_child=-2 2 3 4 -6 -7 10 8 9 26 11 -13 19 -15 -16 16 -18 18 -20 -21 -22 -23 -24 -25 -26 29 27 -29 -30 -31
leaf_value=-0.045071674136958326 0.085116712079242998 0.038490350205167279 0.059964750910434052 0.0010108183617125177 0.068759325388387707 0.074445850015158174 0.036351296592585923 -0.026517411354972476 -0.019127525551072114 0.02362967142864849 -0.012251398983133795 -0.051434034571649793 -0.035134717172246227 -0.046686259058294502 -0.022673507926181211 -0.18964091359195295 0.002647550928829877 0.028237705386120276 -0.020791872430417427 0.032992914671288676 -0.021287184259469946 0.081665917147243014 0.018141804811000986 0.02047543157809021 0.018519508831183411 0.036098374689860414 -0.05844731143505108 -0.090382717975377433 0.017928184862342395 -0.0054835841068146714
leaf_weight=16.728984526358545 4.7823165487498036 33.7296232865192 26.366861536633223 42.699695974588394 9.5767794195562583 5.7127049304544917 10.135971156880258 54.13999352697283 59.65158199891448 84.514463761821389 82.616045822389424 9.2789691528305394 28.197538666427135 27.753698701038957 57.006480652838945 0.81306106597185079 2.9033037046901882 24.477956050075591 32.234054991975427 4.7549565583467475 47.727944383397698 2.9110479820519677 28.684441325254738 37.633496597409248 36.194443077780306 11.784945942461489 3.2899787519127193 2.392840437591075 14.717000466771422 31.9558662828058
leaf_count=283 43 1089 565 391 132 70 170 472 509 969 657 374 630 915 912 18 81 316 270 29 623 24 261 325 270 108 17 14 133 245
internal_value=-0.000359531 -0.000851684 5.7268e-05 0.0142951 0.00320986 -0.00312778 -0.00277399 0.00316393 0.000193374 0.00625307 -0.010567 -0.00444134 -0.00213905 -0.0233919 -0.013763 0.030758 -0.039421 -0.0127617 0.000370203 -0.0253041 -0.0078756 0.00615853 -0.00280454 0.0027403 -0.00287735 -0.00861574 0.0176557 -0.00709382 0.00397394 0.00571971
internal_weight=835.367 830.585 813.856 134.995 108.628 99.0514 678.861 385.289 347.843 236.991 293.572 198.675 189.396 94.8962 67.1425 37.446 3.71636 110.852 56.712 32.9525 93.3387 45.6107 132.077 156.444 118.81 103.392 104.914 20.3998 18.007 43.7408
internal_count=10915 10872 10589 1805 1240 1108 8784 4502 3314 2256 4282 2285 1911 1997 1082 1188 99 1058 586 659 1038 415 1123 1252 927 862 1133 164 150 353
is_linear=0
shrinkage=0.05


Tree=85
num_leaves=31
num_cat=0
split_feature=14 10 11 13 8 8 5 6 12 18 15 19 17 12 16 9 6 11 7 7 7 7 7 7 5 8 1 8 9 10
split_gain=14.0232 13.7996 15.1221 14.7636 11.5854 15.3697 11.9286 9.92149 9.06313 8.62705 18.922 18.3763 12.9027 12.3892 9.12396 8.06874 7.00589 6.87825 6.65559 6.5894 8.96261 7.24757 6.51415 13.3207 6.41587 7.58252 7.51179 5.87392 5.89999 6.7266
threshold=1.0000000180025095e-35 1.0000000180025095e-35 1.0000000180025095e-35 1.0000000180025095e-35 0.024498552749877209 1.0000000180025095e-35 1.5000000000000002 1.0000000180025095e-35 1.0000000180025095e-35 1.0000000180025095e-35 1.0000000180025095e-35 1.0000000180025095e-35 1.0000000180025095e-35 1.0000000180025095e-35 1.0000000180025095e-35 1.0000000180025095e-35 4.5000000000000009 1.0000000180025095e-35 2753.5000000000005 3169.5000000000005 8031.5000000000009 9893.0000000000018 4835.5000000000009 4918.5000000000009 3.5000000000000004 0.34216027829529938 1.5000000000000002 0.87150000000000005 1.0000000180025095e-35 1.0000000180025095e-35
decision_type=2 2 2 2 2 2 2 2 2 2 2 2 2 2 2 2 2 2 2 2 2 2 2 2 2 2 2 2 2 2
left_child=4 2 3 8 5 19 -6 -8 15 13 11 12 14 18 17 16 -2 27 24 -1 -21 -22 -20 -24 26 -26 -9 28 29 -11
right_child=1 -3 -4 -5 6 -7 7 9 -10 10 -12 -13 -14 -15 -16 -17 -18 -19 22 20 21 -23 23 -25 25 -27 -28 -29 -30 -31
leaf_value=0.010189485177056541 -0.010263321654777656 0.059517954637672177 0.061017233545129605 0.058983037434874243 -0.027835584167576567 0.049158718382687698 -0.064617118190901698 -0.029745134925078132 0.062349244525040509 -0.039755354525034925 0.071270406993764662 0.073923396488871099 0.063993714406684832 0.026752996107272754 0.059573515144514061 0.060223460137684495 0.05792169307673755 0.010252984908038927 -0.040654134671203872 -0.017370560066715189 0.042171315419525783 -0.045847399402099885 0.074667466895467841 -0.019715392989518982 0.058741903398123643 -0.029711923869101611 -0.0011380369196058375 0.045250978126166026 0.022052635002218678 -0.010425031070617714
leaf_weight=116.32270105369389 98.615261942148209 15.118544335011391 12.745749394409357 11.041106414049862 60.351921542547643 19.631335945334285 6.6340177664533249 31.509326220024377 5.2789022577926508 33.79426998924464 10.410352431237696 8.2634149705991131 6.8617416536435476 21.958678078372031 5.047378229442983 4.5728371189907184 3.9168893843889228 33.938786204904318 33.508615789934993 60.616524394601583 12.360707482323049 2.8845174480229607 4.0502795260399571 48.542093166150153 7.649259861558674 3.5459584966301918 84.451901943422854 3.7446368727833024 8.0741159282624704 46.370699933730066
leaf_count=1416 1147 363 276 212 1076 354 138 297 83 389 211 182 151 225 120 79 36 410 722 689 118 58 38 498 60 29 780 45 94 554
internal_value=0.000448065 0.0141983 0.00916664 0.00381218 -0.00265439 0.0070174 -0.0071205 -0.00398211 -0.00160806 -0.00295522 0.00614143 0.00150051 -0.00284146 -0.00900784 -0.00634307 -0.00476033 -0.00765855 -0.00898522 -0.0126901 0.00271273 -0.00875175 0.0255175 -0.0234244 -0.0124467 -0.00542154 0.0307252 -0.00891124 -0.0160834 -0.0186863 -0.0227895
internal_weight=821.813 151.289 136.171 123.425 670.523 211.816 458.707 398.356 112.384 391.722 156.505 146.095 137.832 235.216 130.97 107.105 102.532 125.923 213.257 192.184 75.8617 15.2452 86.101 52.5924 127.156 11.1952 115.961 91.9837 88.2391 80.165
internal_count=10850 2196 1833 1557 8654 2635 6019 4943 1345 4805 2156 1945 1763 2649 1612 1262 1183 1492 2424 2281 865 176 1258 536 1166 89 1077 1082 1037 943
is_linear=0
shrinkage=0.05


Tree=86
num_leaves=31
num_cat=0
split_feature=13 10 17 0 16 14 11 12 9 11 10 14 12 15 18 15 16 7 7 4 18 8 7 1 8 8 4 6 7 7
split_gain=12.9986 14.5571 11.615 21.441 13.1618 11.4684 13.3947 13.4539 13.1056 11.4198 21.3274 16.2065 9.67862 9.209 8.96191 20.0808 11.5257 7.70943 11.1203 7.59794 7.10024 7.52912 6.8666 9.90687 6.67335 7.69056 6.58 6.30077 6.20558 6.74254
threshold=1.0000000180025095e-35 1.0000000180025095e-35 1.0000000180025095e-35 1.0000000180025095e-35 1.0000000180025095e-35 1.0000000180025095e-35 1.0000000180025095e-35 1.0000000180025095e-35 1.0000000180025095e-35 1.0000000180025095e-35 1.0000000180025095e-35 1.0000000180025095e-35 1.0000000180025095e-35 1.0000000180025095e-35 1.0000000180025095e-35 1.0000000180025095e-35 1.0000000180025095e-35 2811.5000000000005 2344.5000000000005 2.5000000000000004 1.0000000180025095e-35 0.022926376248720529 3561.5000000000005 1.0000000180025095e-35 0.1940853065540428 0.83450000000000013 2.5000000000000004 4.5000000000000009 1876.5000000000002 1314.5000000000002
decision_type=2 2 2 2 2 2 2 2 2 2 2 2 2 2 2 2 2 2 2 2 2 2 2 2 2 2 2 2 2 2
left_child=2 5 9 -4 13 6 7 8 22 14 11 12 -11 20 -1 16 17 18 19 -16 21 -5 23 -2 -21 -26 -25 -19 29 -28
right_child=1 -3 3 4 -6 -7 -8 -9 -10 10 -12 -13 -14 -15 15 -17 -18 27 -20 24 -22 -23 -24 26 25 -27 28 -29 -30 -31
leaf_value=-0.017203203537602532 -0.058615912223578662 0.060996763808346594 0.063510832428415848 0.015156792075754381 0.069435942821615734 0.058586985131171734 0.058687980144485313 0.07365364103041834 0.065729933007404304 -0.0082663513181569972 0.0608634827687487 0.061156214894553897 0.069602974419226915 0.06898504406746532 0.044818879098916256 0.060812872882352924 0.058336975779971129 -0.025505720208204043 0.023384935269942824 0.0018085409822952852 0.077396367443729686 -0.015150244080418582 -0.028929397401408315 0.049206130971057749 -0.038674680083725398 0.051047447590916478 0.015211473188692877 0.067595201986006256 0.011799540791296451 -0.04788399851250498
leaf_weight=211.5073173251003 6.6050351466983548 14.775024258065967 16.830807719379663 28.743491665460169 7.0102871819399288 10.57182943401858 10.342870279680936 5.7489783046767107 6.1787922503426662 115.78533080965281 15.882489455863832 9.8430764004588109 4.1328746424987903 4.4687367090955368 5.348458436317741 11.876315271947531 6.5924957036040714 61.253938532434404 32.846844780258834 25.809990389272571 2.5901803206652394 71.389834510162473 30.759814050979912 7.6529599586501709 31.551978989504278 2.5839495565742245 6.7764315567910698 1.8728614859282959 35.420705473050475 11.286147179082034
leaf_count=2502 53 346 403 248 98 212 238 69 79 1440 426 226 68 58 151 258 149 1058 369 238 28 720 538 139 242 18 56 18 290 112
internal_value=0.000434452 0.0139429 -0.00252074 0.0108258 0.00306121 0.00864976 0.00427847 -0.000817576 -0.00490751 -0.0057781 0.00617374 -0.000520159 -0.00558265 -0.00127964 -0.0102273 -0.00201827 -0.00646364 -0.00911263 -0.00034488 -0.0122823 -0.00433634 -0.00645054 -0.00933846 -0.000442653 -0.017377 -0.0318831 0.00584227 -0.0227436 -0.000362698 -0.0242128
internal_weight=814.04 146.119 667.921 131.033 114.203 131.344 120.772 110.429 104.68 536.888 145.644 129.761 119.918 107.192 391.244 179.737 167.861 161.268 98.1412 65.2944 102.724 100.133 98.5011 67.7413 59.9459 34.1359 61.1362 63.1268 53.4833 18.0626
internal_count=10850 2132 8718 1555 1152 1786 1574 1336 1267 7163 2160 1734 1508 1054 5003 2501 2243 2094 1018 649 996 968 1188 650 498 260 597 1076 458 168
is_linear=0
shrinkage=0.05


Tree=87
num_leaves=31
num_cat=0
split_feature=14 10 7 13 13 10 12 9 5 5 5 17 0 7 7 7 16 8 12 5 0 1 2 8 4 0 7 6 7 1
split_gain=12.4016 13.1357 11.2511 10.7623 10.7605 16.3388 11.1303 10.3957 9.60707 9.39671 9.1615 8.9009 12.3384 7.63594 8.06089 8.69052 7.2679 7.05994 6.8025 6.78245 8.88001 9.4676 6.48139 6.47826 6.07852 6.0031 6.04747 6.10206 5.9816 7.61459
threshold=1.0000000180025095e-35 1.0000000180025095e-35 863.50000000000011 1.0000000180025095e-35 1.0000000180025095e-35 1.0000000180025095e-35 1.0000000180025095e-35 1.0000000180025095e-35 1.5000000000000002 5.5000000000000009 1.0000000180025095e-35 1.0000000180025095e-35 1.0000000180025095e-35 1475.5000000000002 2720.5000000000005 4613.5000000000009 1.0000000180025095e-35 0.20200244866430014 1.0000000180025095e-35 3.5000000000000004 1.0000000180025095e-35 1.5000000000000002 1.0000000180025095e-35 0.23125663362083212 5.5000000000000009 1.0000000180025095e-35 3987.5000000000005 3.5000000000000004 3561.5000000000005 1.0000000180025095e-35
decision_type=2 2 2 2 2 2 2 2 2 2 2 2 2 2 2 2 2 2 2 2 2 2 2 2 2 2 2 2 2 2
left_child=2 3 -1 18 8 6 7 28 10 11 -4 13 -13 22 19 25 -14 -12 -2 20 21 24 -10 -21 -15 26 27 -16 29 -6
right_child=1 -3 4 -5 5 -7 -8 -9 9 -11 17 12 16 14 15 -17 -18 -19 -20 23 -22 -23 -24 -25 -26 -27 -28 -29 -30 -31
leaf_value=0.053326581825865652 0.0021350248166521436 0.059095816262129855 0.063808810921126696 0.058208586911978145 -0.043557039671721254 0.060748139004830753 0.073226027771612134 0.065414688978397223 0.036492878033805097 -0.071879448177791738 -0.015030238177624411 0.064004038483257364 0.00080923414712474103 -0.0046575599549430139 0.0094540419386340818 -0.0041392543048838345 0.066748596195345331 -0.04843447985218946 0.061780655115946381 0.067857689905998497 -0.017064123864219034 0.018015178512167471 -0.040555634200658164 -0.005328418872573854 -0.062986569539820722 -0.055118029481528066 -0.047692339742879064 -0.047062818151642649 -0.021231484927070759 0.0098581922047529368
leaf_weight=8.9010990518145245 117.58675097720698 14.295750007964669 2.8759087584912768 10.11995610874146 7.4247783757746211 13.913085263688115 5.4485110100358716 5.7679459303617469 3.0745098972693112 5.0115774329751721 43.06909164134413 9.8389185108244401 73.242159385234118 28.013293726369739 19.260862052440647 101.48383548483253 4.4317323397845021 24.998364049009979 4.9828253341838709 7.5045850849710387 50.717912676744163 75.847641377709806 24.321749969385564 5.064140840433538 5.3137489780783644 15.641096564941106 11.903594627045093 6.3506815340369931 32.868933154270053 65.807381699793041
leaf_count=287 1538 363 26 212 73 326 66 73 29 64 573 235 661 345 306 1084 53 525 83 76 372 984 295 42 35 336 413 67 566 742
internal_value=0.000426739 0.0135577 -0.00250604 0.00865148 -0.00327156 0.00951729 0.00344165 4.2841e-05 -0.00651172 -0.00379899 -0.0236049 -0.00302708 0.0112534 -0.00655241 -0.00442868 -0.0127177 0.00457145 -0.0272982 0.0045598 0.00300382 0.000223798 0.00825503 -0.031909 0.0383698 -0.0139577 -0.0290955 -0.0182459 -0.00455997 -0.00351095 0.00444259
internal_weight=805.082 146.985 658.097 132.69 649.196 131.231 117.318 111.869 517.965 447.022 70.9434 442.01 87.5128 354.498 327.101 154.64 77.6739 68.0675 122.57 172.461 159.893 109.175 27.3963 12.5687 33.327 53.1562 37.5151 25.6115 106.101 73.2322
internal_count=10850 2196 8654 1833 8367 1846 1520 1454 6521 5397 1124 5333 949 4384 4060 2206 714 1098 1621 1854 1736 1364 324 118 380 1122 786 373 1381 815
is_linear=0
shrinkage=0.05


Tree=88
num_leaves=31
num_cat=0
split_feature=7 7 14 7 11 13 8 5 8 11 12 13 9 6 18 15 19 17 12 7 5 16 11 12 7 7 1 7 7 7
split_gain=12.1198 13.8317 12.0753 10.714 10.623 9.98166 9.71601 12.0225 10.8117 9.27886 9.84918 9.14364 8.69741 7.36113 6.67157 13.8599 12.7784 10.2646 8.97303 6.66008 6.44894 6.27733 6.4824 6.09846 5.4936 6.10257 5.33715 7.11075 7.96682 5.24998
threshold=9893.0000000000018 9032.5000000000018 1.0000000180025095e-35 863.50000000000011 1.0000000180025095e-35 1.0000000180025095e-35 0.026010797726828721 1.5000000000000002 1.0000000180025095e-35 1.0000000180025095e-35 1.0000000180025095e-35 1.0000000180025095e-35 1.0000000180025095e-35 1.0000000180025095e-35 1.0000000180025095e-35 1.0000000180025095e-35 1.0000000180025095e-35 1.0000000180025095e-35 1.0000000180025095e-35 1560.5000000000002 5.5000000000000009 1.0000000180025095e-35 1.0000000180025095e-35 1.0000000180025095e-35 8107.5000000000009 3241.0000000000005 1.0000000180025095e-35 3561.5000000000005 5532.5000000000009 1867.5000000000002
decision_type=2 2 2 2 2 2 2 2 2 2 2 2 2 2 2 2 2 2 2 2 2 2 2 2 2 2 2 2 2 2
left_child=1 2 3 -1 11 6 8 19 20 10 12 23 26 -9 18 16 17 21 -15 -8 24 22 -16 -4 25 -5 -7 29 -29 -28
right_child=-2 -3 4 5 -6 9 7 13 -10 -11 -12 -13 -14 14 15 -17 -18 -19 -20 -21 -22 -23 -24 -25 -26 -27 27 28 -30 -31
leaf_value=0.053170139959475331 -0.042846629740481715 0.048580683100314312 0.003641944873205859 0.0070411910859584197 0.060751943293812276 -0.03768050740682552 -0.00163665554999012 -0.065344436886684634 0.047631411815748349 0.058773969350366211 0.07253536330751939 0.05786433184957121 0.064560127585455887 -0.016827505791605094 -0.020074883081508187 0.071363442773270558 0.075699926471200288 0.066112246856179155 0.01971384236086695 -0.047830362290011114 -0.092250633641731555 0.061133737453818796 0.0077278000165036985 0.061299706347409735 0.047594430053422933 -0.015148676977120124 -0.0089376044701704131 -0.047829383948574937 0.0050476742815504308 0.020864818034231146
leaf_weight=8.4912710487842542 15.869422120973466 15.162249349057673 115.31299360888079 84.84548403788358 11.015470883809028 8.9793878123164159 10.368883375078438 5.4523794967681161 12.897398657631127 8.7821682719513756 5.2308824239298692 9.1206602631136757 5.3463635984808198 155.77642082981765 65.731644863262773 6.8879490140825501 5.0773424841463557 4.7714559379965058 18.830879451707006 31.530155898071826 1.8769727516919363 3.0949651943519703 30.784057506360114 4.776059445925056 6.0643347781151524 48.808721750974655 21.638380997814238 12.698520142585041 16.225316737778485 46.604336900170892
leaf_count=287 497 155 1540 940 262 111 134 118 225 206 66 206 72 1662 734 152 121 98 186 633 15 76 369 83 53 561 254 343 121 570
internal_value=0.000412298 0.00128996 0.000355133 -0.0026122 0.0136189 -0.00337826 -0.00658428 -0.0113287 0.00380486 0.00921024 0.0054811 0.00960064 0.00233512 -0.00778485 -0.0067062 0.00256902 -0.00176 -0.0055278 -0.0128866 -0.0363987 -0.000187136 -0.00895943 -0.0112071 0.00593505 0.00104964 -0.00106225 -0.000799036 0.00260927 -0.0181671 0.0114151
internal_weight=798.053 782.183 767.021 626.796 140.225 618.304 492.799 338.306 154.493 125.505 116.723 129.21 111.492 296.407 290.955 116.347 109.459 104.382 174.607 41.899 141.596 99.6107 96.5157 120.089 139.719 133.654 106.146 97.1666 28.9238 68.2427
internal_count=10850 10353 10198 8107 2091 7820 6077 4283 1794 1743 1537 1829 1471 3516 3398 1550 1398 1277 1848 767 1569 1179 1103 1623 1554 1501 1399 1288 464 824
is_linear=0
shrinkage=0.05


Tree=89
num_leaves=31
num_cat=0
split_feature=6 7 7 15 18 17 16 19 7 5 5 5 2 17 18 16 7 5 7 1 7 13 8 12 4 6 11 5 4 14
split_gain=11.3386 10.9893 12.566 10.9761 23.7058 18.7519 20.4357 19.0456 10.3384 8.06369 8.40285 9.73152 8.05587 9.83849 12.6279 9.14699 7.15115 9.2506 9.60277 8.97167 8.92365 6.60803 6.22223 6.18586 6.12979 6.09736 7.10241 6.02402 5.29092 5.71572
threshold=5.5000000000000009 9893.0000000000018 9032.5000000000018 1.0000000180025095e-35 1.0000000180025095e-35 1.0000000180025095e-35 1.0000000180025095e-35 1.0000000180025095e-35 948.50000000000011 5.5000000000000009 1.5000000000000002 1.0000000180025095e-35 2.5000000000000004 1.0000000180025095e-35 1.0000000180025095e-35 1.0000000180025095e-35 2720.5000000000005 3.5000000000000004 1867.5000000000002 1.0000000180025095e-35 4613.5000000000009 1.0000000180025095e-35 0.26116732428670969 1.0000000180025095e-35 5.5000000000000009 3.5000000000000004 1.0000000180025095e-35 2.5000000000000004 2.5000000000000004 1.0000000180025095e-35
decision_type=2 2 2 2 2 2 2 2 2 2 2 2 2 2 2 2 2 2 2 2 2 2 2 2 2 2 2 2 2 2
left_child=1 2 3 8 5 6 7 21 -1 10 11 -10 13 16 15 24 17 18 23 -20 -18 -5 -19 -12 -15 26 -22 -14 -21 -30
right_child=-2 -3 -4 4 -6 -7 -8 -9 9 -11 12 -13 27 14 -16 -17 20 22 19 28 25 -23 -24 -25 -26 -27 -28 -29 29 -31
leaf_value=0.047071105930540473 0.079357031560061866 -0.041775428395258191 0.046913970725610397 -0.01818162121733722 0.063871874653916902 0.072576159077813285 0.067078876820755459 0.064100850683086061 0.059616623543538361 -0.065034882598469165 -0.021410763922028803 -0.02222120075447339 -0.054545472184418492 0.0078644346548000822 0.061646365511295764 0.062666267257184535 -0.02751531777372291 0.057981862310938818 -0.028419240780496464 0.043759308179962778 -0.014525842144791315 0.015234107854301265 -0.019294055215834216 0.041359907877402131 -0.033456011029362361 0.044919996844118529 0.018328143347900543 -0.0055524063620825707 0.0022223043550767966 0.029831083941288583
leaf_weight=10.078476890921591 4.5208636568859211 15.472761194221674 14.484844429418443 88.293759949505329 19.153564132284373 9.3861585278063995 10.212515232153235 8.7664253292605263 3.8116038758307687 5.3622539024800053 57.309034515637904 77.331126892007887 11.851972643285992 82.81430952064693 12.088812487665562 6.9975330228917292 57.175740717444569 11.420813972130416 16.317850447259843 11.211387307383118 62.341030781157315 17.772939494810998 3.3746541757136574 4.2134481701068571 10.066448717378078 6.3560136128216973 22.346899667754769 13.331687435507773 92.884849375113845 23.486467834562063
leaf_count=339 44 497 152 1087 518 170 165 143 37 67 600 1152 131 754 328 109 1228 128 148 411 611 230 30 49 131 61 197 173 851 309
internal_value=0.000399556 -5.47509e-05 0.000783341 -0.000100798 0.0118305 0.00441578 -0.00070046 -0.00672832 -0.00314391 -0.00399866 -0.00344083 -0.0183769 -0.00104372 0.000401335 0.0133811 0.00753931 -0.00354318 0.00217163 -0.000578589 0.00648995 -0.012034 -0.0125824 0.0403562 -0.0171118 0.00338611 -0.0023117 -0.00585655 -0.0286096 0.0109548 0.00779441
internal_weight=790.236 785.715 770.243 755.758 153.585 134.432 125.046 114.833 602.172 592.094 586.732 81.1427 505.589 480.405 111.967 99.8783 368.438 220.219 205.423 143.901 148.22 106.067 14.7955 61.5225 92.8808 91.0439 84.6879 25.1837 127.583 116.371
internal_count=10850 10806 10309 10157 2313 1795 1625 1460 7844 7505 7438 1189 6249 5945 1322 994 4623 2526 2368 1719 2097 1317 158 649 885 869 808 304 1571 1160
is_linear=0
shrinkage=0.05


Tree=90
num_leaves=31
num_cat=0
split_feature=3 17 0 16 15 16 0 15 18 15 19 7 7 8 7 8 3 12 7 7 7 7 7 4 8 10 18 6 11 7
split_gain=12.8296 12.8039 19.5403 14.0572 10.101 9.67101 25.5676 11.0154 10.6451 27.5135 31.5349 9.52468 11.3521 7.2383 6.69537 6.67798 6.50588 6.30753 7.12934 7.15566 5.38645 5.34474 5.15595 5.32211 5.75648 8.54106 5.13593 4.53441 4.94098 4.61613
threshold=2.5000000000000004 1.0000000180025095e-35 1.0000000180025095e-35 1.0000000180025095e-35 1.0000000180025095e-35 1.0000000180025095e-35 1.0000000180025095e-35 1.0000000180025095e-35 1.0000000180025095e-35 1.0000000180025095e-35 1.0000000180025095e-35 2720.5000000000005 2344.5000000000005 0.055780762221924733 4802.5000000000009 0.56450000000000011 1.0000000180025095e-35 1.0000000180025095e-35 1867.5000000000002 994.50000000000011 2138.5000000000005 1992.5000000000002 3435.5000000000005 2.5000000000000004 0.072097267516584254 1.0000000180025095e-35 1.0000000180025095e-35 1.5000000000000002 1.0000000180025095e-35 4963.0000000000009
decision_type=2 2 2 2 2 2 2 2 2 2 2 2 2 2 2 2 2 2 2 2 2 2 2 2 2 2 2 2 2 2
left_child=1 5 -3 4 16 8 -7 17 13 10 11 12 -10 -1 22 27 26 18 19 -8 21 -20 23 -13 25 -25 -4 -16 -29 -30
right_child=-2 2 3 -5 -6 6 7 -9 9 -11 -12 14 -14 -15 15 -17 -18 -19 20 -21 -22 -23 -24 24 -26 -27 -28 28 29 -31
leaf_value=-0.00069207415698707025 -0.029554742898079252 0.060352946883782059 -0.004078108456937529 0.069958743885897789 0.067398160500463919 0.059763689875635066 0.03820914765264008 0.070386013596496544 -0.0072887895623262259 0.062999265057177956 0.0643031354575299 0.065178642660114805 0.023397710303791362 -0.019194400997119512 -0.036092281845342994 -0.054458881760748451 0.053742860096194757 0.044616716958461804 -0.0035249340373139089 -0.043882864334255055 -0.0058913750626356769 0.060888332970514714 -0.048174701250626208 -0.042949608263209899 -0.050863847343727731 0.050826618521009927 0.073573729697475138 -0.0053021658334642813 0.069076702744004417 0.008295991228026987
leaf_weight=88.746224133297801 32.050804078578949 21.293303600046784 100.96237939037383 8.6448861253447813 5.9269449920393518 22.959152057301253 3.1092884102836278 5.3897500867024055 96.18635861389339 17.909812153782696 17.149692317470908 1.9223719658330107 43.891039726324379 130.71970836445689 6.8326432611793271 6.128349667415022 5.4236322036012998 6.3999814586713901 6.1138639599084836 18.149698389694095 48.965067624114454 6.80488589592278 23.825842965394258 4.7928923666477221 9.0505886441096646 4.9211993329226971 2.1752684125676742 23.656391920521855 5.2834097370505315 7.6423971047624946
leaf_count=978 349 605 1038 142 87 563 60 76 1002 529 429 37 502 1818 88 151 57 67 48 208 620 51 856 37 91 55 30 233 30 64
internal_value=0.00142529 0.00274748 0.0161269 0.00847895 0.00383667 -0.000438311 0.0124156 0.000964551 -0.00353938 0.00312399 -0.00114352 -0.00593733 0.00232634 -0.0117125 -0.0182444 -0.0055995 0.000366508 -0.00321406 -0.00689587 -0.0318763 0.00168567 0.0304044 -0.0323182 -0.0140559 -0.0221732 0.00455782 -0.00244036 0.00129739 0.00828085 0.03314
internal_weight=783.028 750.977 144.426 123.133 114.488 606.551 117.892 94.9325 488.659 269.193 251.283 234.133 140.077 219.466 94.0561 49.5432 108.561 89.5428 83.1428 21.259 61.8838 12.9187 44.5129 20.6871 18.7647 9.71409 103.138 43.4148 36.5822 12.9258
internal_count=10901 10552 1959 1354 1212 8593 1693 1130 6900 4104 3575 3146 1504 2796 1642 566 1125 1054 987 268 719 99 1076 220 183 92 1068 415 327 94
is_linear=0
shrinkage=0.05


Tree=91
num_leaves=31
num_cat=0
split_feature=7 17 0 16 6 15 18 15 19 16 16 0 15 7 7 7 1 8 8 5 7 6 8 8 6 8 8 5 8 6
split_gain=12.4464 11.3912 19.4142 13.5703 9.76582 9.64184 8.48353 24.5665 27.4143 17.5429 8.58189 16.8267 11.2396 7.37235 8.83891 8.38494 9.87986 7.17433 6.7592 5.75768 5.16181 5.23379 5.55038 6.18645 4.96963 4.85057 6.44961 6.063 6.20102 5.43231
threshold=9893.0000000000018 1.0000000180025095e-35 1.0000000180025095e-35 1.0000000180025095e-35 5.5000000000000009 1.0000000180025095e-35 1.0000000180025095e-35 1.0000000180025095e-35 1.0000000180025095e-35 1.0000000180025095e-35 1.0000000180025095e-35 1.0000000180025095e-35 1.0000000180025095e-35 2720.5000000000005 4802.5000000000009 2344.5000000000005 1.0000000180025095e-35 0.47314644562273095 0.56450000000000011 2.5000000000000004 3435.5000000000005 3.5000000000000004 0.072097267516584254 0.68514806065432865 1.5000000000000002 0.022926376248720529 1.0000000180025095e-35 2.5000000000000004 0.26502182685511116 1.5000000000000002
decision_type=2 2 2 2 2 2 2 2 2 2 2 2 2 2 2 2 2 2 2 2 2 2 2 2 2 2 2 2 2 2
left_child=1 4 -3 5 6 25 10 8 9 13 19 -12 17 15 20 -8 -17 -13 24 -1 21 22 -15 -24 -16 26 -4 28 -27 -29
right_child=-2 2 3 -5 -6 -7 7 -9 -10 -11 11 12 -14 14 18 16 -18 -19 -20 -21 -22 -23 23 -25 -26 27 -28 29 -30 -31
leaf_value=-0.020092399924075393 -0.043579923457236415 0.060154712660756587 0.0070244166618043408 0.069414397517517101 0.083678626925340102 0.066751839975109126 -0.0066260759710678368 0.062963128946852284 0.06415508253520523 0.058936249608244909 0.061296151929834924 -0.0015494311492725025 0.069553851633291364 0.02879122498400663 -0.035095330463817714 -0.03220689164901331 0.030329410371539984 -0.049724298582859865 -0.05417010278620308 -0.0039952000273185814 -0.048613409800476182 -0.057417019745279574 -0.059110423522262846 0.041113099014181642 0.012170154754475112 -0.031612837028680639 0.069856497975302551 -0.040219736055419203 0.014821502634688847 0.013795513299402599
leaf_weight=113.92274145130068 15.096632862463592 20.302500474732369 27.11578713729978 8.2717278641648573 3.4074066672474137 5.6784334359690538 98.572523944079876 17.263849546201527 16.319998763501644 11.009404756594448 11.810153031721709 80.829273022711277 5.1866766894236198 8.0887862816452998 6.569180140271782 7.6295307343825689 36.678312572650611 8.5452651474624854 5.4566281717270604 108.41498833382502 23.696170043200254 5.3203400280326596 5.4398229271173468 2.1475871549919248 36.247145669534802 30.113777219317853 4.8084973478689781 5.3431539218872777 9.4450072105973941 36.125664432998747
leaf_count=1475 504 604 229 141 35 86 1018 527 426 328 252 847 76 99 68 57 449 151 135 1251 874 44 63 19 268 325 60 61 119 310
internal_value=0.00137522 0.00226849 0.0147575 0.00749459 -0.000732768 0.00317712 -0.00120494 0.00518333 0.00139307 -0.00275622 -0.00665512 0.00502507 -0.00200287 -0.00563605 -0.0165954 0.00149467 0.0195611 -0.00615552 -0.00176083 -0.0122432 -0.0326183 -0.0145666 -2.36159e-05 -0.0307425 0.00491835 -1.89773e-05 0.0164883 -0.00652273 -0.0205262 0.00683578
internal_weight=774.857 759.76 147.205 126.902 612.556 118.63 609.148 280.439 263.175 246.855 328.709 106.371 94.5612 235.846 92.9657 142.88 44.3078 89.3745 48.273 222.338 44.6927 20.9965 15.6762 7.58741 42.8163 112.952 31.9243 81.0276 39.5588 41.4688
internal_count=10901 10397 1935 1331 8462 1190 8427 4375 3848 3422 4052 1326 1074 3094 1570 1524 506 998 471 2726 1099 225 181 82 336 1104 289 815 444 371
is_linear=0
shrinkage=0.05


Tree=92
num_leaves=31
num_cat=0
split_feature=7 6 17 0 16 6 15 18 15 16 16 0 15 8 9 10 11 4 7 7 7 1 8 13 8 8 1 7 11 7
split_gain=11.5334 10.8995 10.719 17.0706 12.2885 8.98523 8.68894 8.15248 22.2436 13.8197 8.08524 15.4517 10.2564 6.7139 6.6941 5.92664 9.3911 6.17232 6.0032 8.05506 6.76774 5.68571 8.34348 5.63192 4.9466 7.47382 5.50796 8.28909 5.29329 5.79721
threshold=9893.0000000000018 1.0000000180025095e-35 1.0000000180025095e-35 1.0000000180025095e-35 1.0000000180025095e-35 5.5000000000000009 1.0000000180025095e-35 1.0000000180025095e-35 1.0000000180025095e-35 1.0000000180025095e-35 1.0000000180025095e-35 1.0000000180025095e-35 1.0000000180025095e-35 0.47314644562273095 1.0000000180025095e-35 1.0000000180025095e-35 1.0000000180025095e-35 1.5000000000000002 2700.5000000000005 2074.5000000000005 8031.5000000000009 1.0000000180025095e-35 0.33756582745456359 1.0000000180025095e-35 0.024498552749877209 1.0000000180025095e-35 2.5000000000000004 2924.5000000000005 1.0000000180025095e-35 1851.5000000000002
decision_type=2 2 2 2 2 2 2 2 2 2 2 2 2 2 2 2 2 2 2 2 2 2 2 2 2 2 2 2 2 2
left_child=1 -1 5 -4 6 7 -5 10 9 14 24 -12 13 -13 15 17 23 -9 19 -19 -20 22 -21 -17 25 26 28 -28 29 -3
right_child=-2 2 3 4 -6 -7 -8 8 -10 -11 11 12 -14 -15 -16 16 -18 18 20 21 -22 -23 -24 -25 -26 -27 27 -29 -30 -31
leaf_value=-0.040383671399311462 -0.042523475466344988 -0.07230521301943453 0.060084970313138725 0.0014238434758494861 0.068845775036949552 0.08259251701740869 0.066084581484934457 0.021854052499824229 0.062881164719675281 0.058793654583450483 0.060997423948972077 -0.00056014944569740674 0.06875155154017909 -0.048677187340734639 0.030493013154177896 -6.4932973923107235e-05 0.06260345195131635 -0.022333520514827832 -0.033218781769406562 0.010078069865413673 0.032718360197286155 0.017632499626171302 -0.09730928811790622 0.059368478774118973 -0.016591035832677081 0.050793053217807388 0.035699586951615743 -0.016703286768224371 0.016607435561231339 -0.017109407984069295
leaf_weight=14.743581175804136 14.708124213851987 5.9544864948838976 18.576572290621698 109.34394100913778 7.9316570931114248 3.2827668776735655 5.4546524393372229 14.864350472111253 16.184830178972334 10.428348910994826 11.287792127579449 79.474044797942042 4.9898374062031499 7.9773459285497657 16.777875956147909 75.608465650584549 7.2232930730096987 34.400051994249225 40.514068345539272 4.9402400702238074 4.305079558864235 38.089894191361964 2.8535107560455799 4.2078131171874693 144.0607695793733 6.4308001762256017 15.600253484211864 14.61711050570011 8.4743295554071647 23.657802363857627
leaf_count=277 504 46 595 1058 141 35 86 202 523 326 252 815 76 143 244 1032 183 329 801 44 30 422 15 117 1861 91 152 149 108 244
internal_value=0.00132606 0.00218341 0.00303437 0.015416 0.0086549 9.97828e-05 0.0044962 -0.000356945 0.00604624 0.00242776 -0.00572524 0.00577228 -0.000971136 -0.0049494 1.66018e-05 -0.00223588 0.00800906 -0.00860677 -0.012226 -0.00404241 -0.0268852 0.00967088 -0.0292395 0.00306832 -0.0111761 -0.000738153 -0.0055898 0.0103506 -0.0182367 -0.0282083
internal_weight=766.964 752.256 737.512 141.307 122.73 596.205 114.799 592.922 270.398 254.213 322.525 103.729 92.4412 87.4514 243.785 227.007 87.0396 139.967 125.103 80.2837 44.8191 45.8836 7.79375 79.8163 218.796 74.7348 68.304 30.2174 38.0866 29.6123
internal_count=10901 10397 10120 1880 1285 8240 1144 8205 4268 3745 3937 1286 1034 958 3419 3175 1332 1843 1641 810 831 481 59 1149 2651 790 699 301 398 290
is_linear=0
shrinkage=0.05


Tree=93
num_leaves=31
num_cat=0
split_feature=3 17 0 16 15 6 13 10 11 12 14 9 11 10 14 12 3 6 1 6 8 9 5 5 5 4 6 8 8 5
split_gain=11.1286 9.91269 17.5387 11.9882 8.45471 8.44684 7.62647 9.44221 8.86152 9.39357 9.74179 10.6167 6.98908 16.9652 11.7165 7.11178 5.99689 5.10049 4.34663 5.64561 4.18608 4.15916 4.01962 3.90476 3.67375 3.62291 4.88386 3.50454 3.82939 5.36151
threshold=2.5000000000000004 1.0000000180025095e-35 1.0000000180025095e-35 1.0000000180025095e-35 1.0000000180025095e-35 5.5000000000000009 1.0000000180025095e-35 1.0000000180025095e-35 1.0000000180025095e-35 1.0000000180025095e-35 1.0000000180025095e-35 1.0000000180025095e-35 1.0000000180025095e-35 1.0000000180025095e-35 1.0000000180025095e-35 1.0000000180025095e-35 1.0000000180025095e-35 1.5000000000000002 2.5000000000000004 3.5000000000000004 0.066053163665115502 1.0000000180025095e-35 5.5000000000000009 1.0000000180025095e-35 3.5000000000000004 5.5000000000000009 1.0000000180025095e-35 0.66243341280101109 0.024498552749877209 2.5000000000000004
decision_type=2 2 2 2 2 2 2 2 2 2 2 2 2 2 2 2 2 2 2 2 2 2 2 2 2 2 2 2 2 2
left_child=1 5 -3 4 16 6 12 8 9 10 11 18 17 14 15 21 25 20 -8 -20 -1 24 23 -19 -14 26 -4 28 -28 -30
right_child=-2 2 3 -5 -6 -7 7 -9 -10 -11 -12 -13 13 -15 -16 -17 -18 22 19 -21 -22 -23 -24 -25 -26 -27 27 -29 29 -31
leaf_value=-0.0037741855849766008 -0.027895630211893809 0.059772735493217613 -0.067762005167527145 0.068249637163646723 0.065394954945269132 0.082236554033431442 -0.022125786456029407 0.05906650133584479 0.059951832210034209 0.070440508787213682 0.056741026610390648 0.064898004288049829 -0.010098446340607359 0.05976445316747632 0.060637491665780599 0.067984616028472486 0.052507761282489795 0.068028714658083259 -0.0083775034644775533 0.043919390306875312 -0.035780844496724501 0.058746880111047041 -0.064057112768027696 -0.0047244848525377194 0.025415062100321219 -0.028634788339957945 0.017595696289650759 0.045226655769597612 -0.02252626897732482 0.007570504568346046
leaf_weight=16.793775564059615 31.340724496170878 18.56837218394503 2.502125395461916 7.624987604096531 5.2560104983858755 3.0836135772988191 40.830536600202322 9.4877348588779551 7.2340554734691969 4.7932481588795772 6.5994565994478753 4.8654870875179759 97.315100010484457 13.389707187656311 7.5551163759082547 3.3541507786139837 5.2619550190865985 1.8556149774231006 24.250281483866278 6.5556613793596616 26.080424050800502 2.4282951205968848 2.8385590668767682 302.28643374983221 7.8712110910564652 11.523697258904575 23.991183172911406 4.6704595265910021 27.037679706700146 32.686408197507262
leaf_count=224 349 605 32 142 87 34 533 262 172 56 155 66 1269 417 212 69 57 17 339 67 519 56 36 3999 91 182 221 48 312 273
internal_value=0.00127803 0.00253295 0.0145377 0.00757044 0.00347339 -0.000300353 -0.000734388 0.0115022 0.00675832 0.0023803 -0.00154538 -0.00657347 -0.00339157 0.00641597 0.00038916 -0.00371274 0.000450726 -0.00708953 -0.0114278 0.00275154 -0.0232439 -0.00594742 -0.00483334 -0.00428061 -0.00744093 -0.00222399 0.00112464 0.00307477 0.000723119 -0.0060546
internal_weight=759.932 728.591 139.123 120.555 112.93 589.468 586.385 104.616 95.1287 87.8947 83.1014 76.502 481.768 131.914 118.524 110.969 107.674 349.855 71.6365 30.8059 42.8742 107.615 306.981 304.142 105.186 102.412 90.8879 88.3857 83.7153 59.7241
internal_count=10901 10552 1959 1354 1212 8593 8559 1650 1388 1216 1160 1005 6909 2114 1697 1485 1125 4795 939 406 743 1416 4052 4016 1360 1068 886 854 806 585
is_linear=0
shrinkage=0.05


Tree=94
num_leaves=31
num_cat=0
split_feature=7 3 17 0 16 15 7 7 16 0 18 19 15 7 1 7 7 2 12 7 7 4 1 8 3 5 8 11 8 18
split_gain=10.5438 9.32526 9.7384 16.0082 10.8959 7.63932 7.45959 7.87735 7.67315 18.1372 8.9667 21.4582 23.8151 9.06903 7.40641 7.53243 7.23102 6.94682 6.86512 6.59673 7.25698 7.16642 6.87573 6.22274 5.45605 4.78771 4.71469 5.02157 5.67957 4.48383
threshold=9893.0000000000018 2.5000000000000004 1.0000000180025095e-35 1.0000000180025095e-35 1.0000000180025095e-35 1.0000000180025095e-35 911.50000000000011 1475.5000000000002 1.0000000180025095e-35 1.0000000180025095e-35 1.0000000180025095e-35 1.0000000180025095e-35 1.0000000180025095e-35 2720.5000000000005 3.5000000000000004 1256.5000000000002 6101.0000000000009 1.0000000180025095e-35 1.0000000180025095e-35 2344.5000000000005 1500.0000000000002 3.5000000000000004 2.5000000000000004 0.47314644562273095 1.0000000180025095e-35 1.5000000000000002 0.27314794216319577 1.0000000180025095e-35 0.14448402798436091 1.0000000180025095e-35
decision_type=2 2 2 2 2 2 2 2 2 2 2 2 2 2 2 2 2 2 2 2 2 2 2 2 2 2 2 2 2 2
left_child=1 2 6 -4 5 24 -1 14 10 -10 25 12 13 19 15 -8 26 -17 23 20 -12 -22 -21 -11 29 -9 27 -15 -29 -5
right_child=-2 -3 3 4 -6 -7 7 8 9 18 11 -13 -14 16 -16 17 -18 -19 -20 22 21 -23 -24 -25 -26 -27 -28 28 -30 -31
leaf_value=0.048281439801830126 -0.041432648914809272 -0.026142674321839324 0.059596911173473148 -0.0023802233463399588 0.067767611092106869 0.064830400412775296 0.0078232094955919419 -0.031470142902862805 0.059740463822859059 0.0042511644149590697 0.067834617305942299 0.064229641468393175 0.063044285316055271 -0.025854540717339575 -0.065278406929235699 0.040142458543544708 0.0091492532386925653 -0.045117501234130081 0.052949795862756069 0.004776471114380617 0.012579854209705921 -0.020039531772772519 0.045714314793170951 -0.0459556856929361 0.052280128715311062 -0.0066122799390212622 -0.04127591534825481 -0.0071218731935228808 0.06854888801561114 0.072231503538699296
leaf_weight=8.0023326850496215 14.20942140650004 28.214233174920082 17.695581667125225 97.483653242699802 7.2884035594761363 5.028820203151553 23.91000759229064 21.913767890073359 17.824215968605131 66.946089667268097 3.4332822114229193 14.43068739119917 14.545986932702361 26.613725033588707 7.3915658071637145 2.7640906958840814 22.196490606293082 17.610650675836951 6.5731667540967456 24.830227755941451 28.590319108217955 40.962536975741386 17.475344027392566 6.7982821008190504 5.0808466617017976 166.90185753675178 24.375064936466515 9.8763846978545171 3.3110055634751907 2.0560762602835885
leaf_count=292 504 263 604 958 141 86 268 416 462 699 21 401 491 395 88 25 170 236 61 277 375 336 225 129 55 1924 830 109 30 30
internal_value=0.0012303 0.00204937 0.00316667 0.0152759 0.00856905 0.00463412 0.000342539 -0.000331341 0.0015271 0.0141128 -0.00141762 0.00519682 0.00125675 -0.00319996 -0.0189458 -0.0112124 -0.0154503 -0.0335509 0.00398701 0.00597755 -0.00312816 -0.00663104 0.0216868 -0.000377261 0.00174065 -0.00949726 -0.0239584 -0.0133528 0.0118771 -0.000839056
internal_weight=754.334 740.125 711.91 134.633 116.938 109.649 577.277 569.275 517.598 98.1418 419.457 230.641 216.21 201.664 51.6763 44.2847 86.3727 20.3747 80.3175 115.292 72.9861 69.5529 42.3056 73.7444 104.621 188.816 64.1762 39.8011 13.1874 99.5397
internal_count=10901 10397 10134 1874 1270 1129 8260 7968 7351 1351 6000 3660 3259 2768 617 529 1534 261 889 1234 732 711 502 828 1043 2340 1364 534 139 988
is_linear=0
shrinkage=0.05


Tree=95
num_leaves=31
num_cat=0
split_feature=6 6 7 11 10 14 13 12 10 13 14 12 9 9 5 8 4 1 8 9 8 19 7 0 16 2 15 8 8 6
split_gain=13.2359 10.6621 9.50005 9.00586 16.45 11.2558 11.6882 9.28422 8.19064 17.9612 17.0312 10.689 7.63367 7.4978 7.26242 6.15565 5.67409 5.33306 5.32416 5.45201 5.14509 7.0059 4.84466 4.145 6.47413 6.7062 5.74409 5.37524 8.57405 4.94305
threshold=1.0000000180025095e-35 5.5000000000000009 863.50000000000011 1.0000000180025095e-35 1.0000000180025095e-35 1.0000000180025095e-35 1.0000000180025095e-35 1.0000000180025095e-35 1.0000000180025095e-35 1.0000000180025095e-35 1.0000000180025095e-35 1.0000000180025095e-35 1.0000000180025095e-35 1.0000000180025095e-35 1.5000000000000002 0.040002406973764205 4.5000000000000009 2.5000000000000004 0.84308418440179567 1.0000000180025095e-35 0.4560222465959507 1.0000000180025095e-35 1694.5000000000002 1.0000000180025095e-35 1.0000000180025095e-35 1.5000000000000002 1.0000000180025095e-35 0.20804942129023798 0.26502182685511116 1.5000000000000002
decision_type=2 2 2 2 2 2 2 2 2 2 2 2 2 2 2 2 2 2 2 2 2 2 2 2 2 2 2 2 2 2
left_child=-1 2 -2 8 5 6 7 12 14 10 11 13 16 20 -4 17 -5 -16 19 22 23 -22 -17 24 25 26 -10 -27 -29 -25
right_child=1 -3 3 4 -6 -7 -8 -9 9 -11 -12 -13 -14 -15 15 18 -18 -19 -20 -21 21 -23 -24 29 -26 27 -28 28 -30 -31
leaf_value=-0.048338698840305595 0.052818578823229559 0.079488514771378874 -0.028295617054679784 -0.0007128385156274647 0.0590332404973299 0.05777793622559213 0.057440142322319809 0.066246232702468905 0.0039854573345786811 0.060147599500591981 0.057862367894535506 0.06459326942443859 0.061959243617642872 0.057450664314719714 -0.0069288420722496552 -0.043301116345508116 -0.023987852086879563 0.015980600155571598 0.032218761258020333 0.010009910930441525 -0.030313471771395928 0.041489895854866628 -0.014037294846751668 -0.04987067694513974 0.073599225957322142 -0.0034014864476106053 0.044641907966454453 -0.1146353919284735 -0.011972379042278082 -0.0073347929028537394
leaf_weight=14.465719223022459 8.260091432835905 4.1900899941101661 43.708472866564989 89.20946467295289 14.985044728266073 9.191252976190297 8.5374741829000396 4.6881917435675851 36.104131506755948 12.968356152530758 11.861253048293291 5.5693231713958076 4.0781159400939933 4.6041592876426867 56.61941442778334 15.843227172270415 37.064640405587852 46.075618587899953 6.5337748713791362 21.071530217304826 35.177553502842784 3.7602850403636685 131.78819056646898 7.606863744556903 3.2605105033144346 24.315862464718521 11.440556715242563 3.1791158998385054 5.6449629059061408 66.882315305061638
leaf_count=293 360 43 738 1066 478 242 215 93 426 343 344 124 79 115 629 221 495 510 74 253 549 56 1673 106 65 304 162 37 76 687
internal_value=-0.000975575 -4.24185e-05 -0.000498896 -0.00110907 0.00904073 0.00413699 0.000703121 -0.00288389 -0.0041824 0.00297011 -0.000409451 -0.00373969 -0.00537019 -0.00562391 -0.00934987 -0.0063704 -0.00754464 0.00334981 -0.0120668 -0.0137819 -0.00709527 -0.0233793 -0.0171778 -0.0030932 0.00452507 0.00173375 0.0137685 -0.0155321 -0.0489595 -0.0116786
internal_weight=748.686 734.22 730.03 721.77 167.754 152.769 143.578 135.04 554.015 232.375 219.407 207.546 130.352 201.976 321.64 277.932 126.274 102.695 175.237 168.703 197.372 38.9378 147.631 158.434 83.9451 80.6846 47.5447 33.1399 8.82408 74.4892
internal_count=10856 10563 10520 10160 2668 2190 1948 1733 7492 3394 3051 2707 1640 2583 4098 3360 1561 1139 2221 2147 2468 605 1894 1863 1070 1005 588 417 113 793
is_linear=0
shrinkage=0.05


Tree=96
num_leaves=31
num_cat=0
split_feature=6 6 17 0 16 11 7 14 13 8 4 12 15 8 7 7 16 0 7 1 1 8 8 18 7 7 3 7 4 7
split_gain=12.2644 9.9881 9.6244 18.8185 11.0316 10.158 7.53788 7.50516 7.26279 7.16772 6.61282 6.07355 5.67265 5.6294 5.08172 10.7803 5.43608 10.6378 4.77961 4.71926 7.89942 6.86404 5.37417 5.50329 4.94484 5.07219 5.36858 4.50005 7.93178 4.58062
threshold=1.0000000180025095e-35 5.5000000000000009 1.0000000180025095e-35 1.0000000180025095e-35 1.0000000180025095e-35 1.0000000180025095e-35 994.50000000000011 1.0000000180025095e-35 1.0000000180025095e-35 0.064011150828225283 5.5000000000000009 1.0000000180025095e-35 1.0000000180025095e-35 0.87150000000000005 1876.5000000000002 1884.5000000000002 1.0000000180025095e-35 1.0000000180025095e-35 9178.5000000000018 2.5000000000000004 3.5000000000000004 1.0000000180025095e-35 0.026010797726828721 1.0000000180025095e-35 5532.5000000000009 2970.5000000000005 1.0000000180025095e-35 2720.5000000000005 2.5000000000000004 2685.0000000000005
decision_type=2 2 2 2 2 2 2 2 2 2 2 2 2 2 2 2 2 2 2 2 2 2 2 2 2 2 2 2 2 2
left_child=-1 2 5 -4 10 6 -2 8 11 19 12 -7 18 14 -11 -16 27 -18 -5 21 -21 24 -23 -24 25 -8 -27 28 -17 -30
right_child=1 -3 3 4 -6 7 9 -9 -10 13 -12 -13 -14 -15 15 16 17 -19 -20 20 -22 22 23 -25 -26 26 -28 -29 29 -31
leaf_value=-0.047089095265370889 0.042837681822947449 0.07833802224651748 0.061648320465872625 0.0044184910053136359 0.068220770471284248 0.0012076414642410759 -0.010850215480820012 0.057190449812420698 0.057623667676660141 -0.029618987578238849 -0.034953497066276949 0.069854340081882196 0.062116961037272926 0.028212326270178702 0.076437373537715736 0.040025879453721068 0.065657383636084296 -0.0078053455357896782 -0.065001095630935479 0.020732144403042867 -0.011645141386265967 0.054495522031292799 -0.01458394403970709 0.049904531762718522 0.019653772344274224 -0.050085852619509832 0.040240743656844373 -0.024888369568038138 -0.015465131342736506 0.042241389027840665
leaf_weight=14.116134565323589 7.4820335218682876 4.0427857963368288 16.363377758767456 100.52857059752569 6.4679251266643396 117.06909672985785 48.20336299110204 7.5457938667386761 6.433339459821581 45.137081332504749 11.449476012028752 3.3133261022157958 4.1808577603660515 7.9879233548417679 3.4584065070375791 7.6831304272636762 6.1258824197575477 25.198026387020946 2.5422280319035044 51.225188766140491 29.79725140100345 6.5457575479522374 13.29012126196176 4.4046859391964963 9.1852763956412655 17.103013820014898 1.820066962391137 78.641736269928515 81.330181618686765 3.5906865894794455
leaf_count=293 204 43 595 902 134 1800 589 211 170 564 175 67 86 110 26 214 120 349 87 626 347 134 147 88 95 247 14 1734 643 42
internal_value=-0.000929079 -3.42034e-05 -0.000471768 0.0112233 0.00463123 -0.00331302 -0.00692791 0.00874571 0.00586315 -0.00777276 0.00116629 0.00309703 0.0050222 -0.0131101 -0.0144243 -0.0110954 -0.0125898 0.00656145 0.00270627 -0.000155027 0.0088249 -0.00739082 0.0157878 0.00146887 -0.0147536 -0.0194617 -0.041398 -0.0160929 -0.00862363 -0.0130251
internal_weight=742.263 728.147 724.104 141.532 125.169 582.571 448.21 134.362 126.816 440.728 118.701 120.382 107.252 259.153 251.165 206.028 202.57 31.3239 103.071 181.575 81.0224 100.552 24.2406 17.6948 76.3117 67.1264 18.9231 171.246 92.604 84.9209
internal_count=10856 10563 10520 1979 1384 8541 6293 2248 2037 6089 1250 1867 1075 3802 3692 3128 3102 469 989 2287 973 1314 369 235 945 850 261 2633 899 685
is_linear=0
shrinkage=0.05


Tree=97
num_leaves=31
num_cat=0
split_feature=6 6 17 0 11 10 14 13 4 7 12 10 13 14 12 5 9 7 1 5 1 8 7 9 7 9 0 8 5 6
split_gain=11.3535 9.36244 8.78037 18.0569 9.23668 14.0776 8.85286 8.61473 7.14797 6.97999 6.93354 6.77959 12.4936 11.0585 6.61464 6.22305 5.69829 5.30806 5.41343 5.22835 6.39958 5.25184 7.22244 5.16506 4.69571 4.55806 4.1527 5.51782 5.16088 4.44056
threshold=1.0000000180025095e-35 5.5000000000000009 1.0000000180025095e-35 1.0000000180025095e-35 1.0000000180025095e-35 1.0000000180025095e-35 1.0000000180025095e-35 1.0000000180025095e-35 5.5000000000000009 994.50000000000011 1.0000000180025095e-35 1.0000000180025095e-35 1.0000000180025095e-35 1.0000000180025095e-35 1.0000000180025095e-35 4.5000000000000009 1.0000000180025095e-35 9178.5000000000018 3.5000000000000004 1.5000000000000002 2.5000000000000004 0.040002406973764205 1500.0000000000002 1.0000000180025095e-35 2753.5000000000005 1.0000000180025095e-35 1.0000000180025095e-35 0.10400953337169926 3.5000000000000004 2.5000000000000004
decision_type=2 2 2 2 2 2 2 2 2 2 2 2 2 2 2 2 2 2 2 2 2 2 2 2 2 2 2 2 2 2
left_child=-1 2 4 -4 9 6 7 10 15 -2 25 19 13 14 16 17 26 18 -5 -11 23 -22 -23 -21 -25 -6 27 -13 -28 -29
right_child=1 -3 3 8 5 -7 -8 -9 -10 11 -12 12 -14 -15 -16 -17 -18 -19 -20 20 21 22 -24 24 -26 -27 28 29 -30 -31
leaf_value=-0.045834211331683312 0.042031087844696141 0.077245556170326135 0.061484738548210419 0.016076943955871413 -0.0074046127328740345 0.059001260173764059 0.05685775318818842 0.057303759121304892 -0.033563002753207553 -0.030722364208952652 0.069198792853251284 0.011881840371268845 0.058664486472866866 0.055518721735033527 0.056932962771571394 -0.080156316553173831 0.055025922675482598 -0.063040192568805609 -0.015215623068248191 -0.02130792092943825 0.015053835080510428 -0.080741281335020232 -0.0049247301285834603 0.023379637984676866 -0.034866165367914009 0.059516928166238638 -0.025319301232071087 0.0021357445354234905 0.029417476889309371 -0.02350128916164081
leaf_weight=13.786008757539092 7.250268743839114 3.8986237808130673 15.605697710532693 92.524591245222837 102.01151442248374 12.446422192500902 7.2187203965149811 6.152883472852408 11.26058182492852 34.768296818248928 3.1808405057527116 39.139464757870883 8.621623929589985 7.7172631076537064 4.1108254636637858 1.9579788804985572 3.5876407143659881 2.4484828859567633 16.247666868846864 108.4026436638087 35.890681446529925 3.3321578968316308 54.81335581978783 12.965022924356164 4.7200393928214899 2.6095066126435986 47.090545454993844 31.33232828322798 4.7397449063137165 36.644840671680868
leaf_count=293 204 43 595 940 1322 415 211 170 178 611 67 516 243 269 92 20 88 88 158 1314 391 45 756 145 75 63 579 463 50 452
internal_value=-0.000886009 -2.85792e-05 -0.000447703 0.0107863 -0.00316611 0.00836285 0.00316148 -0.000240027 0.00442833 -0.00662692 -0.00352439 -0.00743259 -8.96919e-05 -0.00299488 -0.00570462 0.00820823 -0.00728885 0.00976384 0.0114027 -0.012704 -0.00985799 1.39172e-05 -0.00926957 -0.0172205 0.00783417 -0.00573542 -0.00869537 -0.00307361 -0.0203138 -0.0116846
internal_weight=736.476 722.69 718.792 140.045 578.747 133.62 121.173 113.955 124.439 445.127 107.802 437.876 182.984 174.363 166.645 113.179 162.535 111.221 108.772 254.892 220.124 94.0362 58.1455 126.088 17.6851 104.621 158.947 107.117 51.8303 67.9772
internal_count=10856 10563 10520 1979 8541 2248 1833 1622 1384 6293 1452 6089 2752 2509 2240 1206 2148 1186 1098 3337 2726 1192 801 1534 220 1385 2060 1431 629 915
is_linear=0
shrinkage=0.05


Tree=98
num_leaves=31
num_cat=0
split_feature=6 6 7 7 4 7 7 1 17 0 7 5 16 10 11 9 13 8 13 11 7 6 8 0 7 8 15 4 5 3
split_gain=10.5017 8.78031 8.42368 8.01919 8.4893 22.2672 14.6149 10.4855 10.2378 9.71672 8.29374 7.39135 7.10828 6.60058 7.1732 6.4536 6.20453 6.06077 6.59867 9.90561 5.20257 5.79759 4.74811 5.84959 7.41861 4.51633 4.88917 4.82179 4.23389 4.37298
threshold=1.0000000180025095e-35 5.5000000000000009 863.50000000000011 12869.000000000002 4.5000000000000009 5532.5000000000009 3169.5000000000005 3.5000000000000004 1.0000000180025095e-35 1.0000000180025095e-35 1454.5000000000002 1.5000000000000002 1.0000000180025095e-35 1.0000000180025095e-35 1.0000000180025095e-35 1.0000000180025095e-35 1.0000000180025095e-35 0.89550000000000007 1.0000000180025095e-35 1.0000000180025095e-35 1764.5000000000002 3.5000000000000004 0.10275403154680235 1.0000000180025095e-35 4040.5000000000005 0.019830051785312244 1.0000000180025095e-35 1.5000000000000002 1.5000000000000002 2.5000000000000004
decision_type=2 2 2 2 2 2 2 2 2 2 2 2 2 2 2 2 2 2 2 2 2 2 2 2 2 2 2 2 2 2
left_child=-1 2 -2 4 7 6 15 8 13 -10 -9 -12 25 17 16 20 22 18 19 -4 -6 28 23 -15 -25 27 -27 -11 -22 -30
right_child=1 -3 3 -5 5 -7 -8 10 9 12 11 -13 -14 14 -16 -17 -18 -19 -20 -21 21 -23 -24 24 -26 26 -28 -29 29 -31
leaf_value=-0.044576150326187426 0.052623920301301301 0.076206847811972914 -0.019956438020150062 -0.051050104177103199 -0.025577694912071482 0.065964581388650578 -0.039271677165722718 -0.074309451385658934 0.06343686641481748 -0.027498982715063236 -0.051922742394199008 -0.0029821012147413567 0.069123818114508115 0.032133617073899133 0.057705604334902155 0.03632078021648439 0.058168959362234929 0.066673527965952314 0.010893973886061285 0.0054507261965831373 -0.033812407121918735 -0.024274020236868924 -0.0043318984468688412 -0.034850796941817662 0.028666877971717037 -0.00097292268270852001 0.064116332440816687 0.041114540866086804 0.0083392017317857527 -0.048840621899434639
leaf_weight=13.474384478293358 7.4059310064185402 3.7577502033673218 91.28431064914912 7.907213336788117 32.915607480332255 9.4858855353668314 40.444306653924286 5.3918349258601657 11.79392822110094 3.0152575559914139 8.9555741129443032 55.683209469541907 5.5787710282020262 27.240106470184401 7.9101777656469485 8.6809965050779265 5.9095983039587727 3.0700745852664104 54.59281641151756 66.171604477334768 7.2683617845177642 25.245014770887792 55.712213067803532 9.5725802415981907 8.8441707948222739 49.325309573672712 3.0643019266426554 16.978421201463789 80.533627710770816 3.4885825701057902
leaf_count=293 360 43 1081 454 436 101 1193 49 449 39 140 736 100 522 311 102 189 33 799 929 75 173 764 87 82 419 42 146 690 19
internal_value=-0.000843739 -2.21488e-05 -0.000423637 -0.000980055 -0.000412969 -0.00887496 -0.01245 0.00317945 0.0061656 0.0211398 -0.0147323 -0.00976273 0.0147412 0.0020966 0.0117557 -0.00559002 0.00836757 -0.00307551 -0.00408535 -0.00927896 -0.00802444 -0.00306651 0.00546425 0.0174179 -0.00434807 0.0105497 0.00283419 0.0307669 0.00279811 0.00596511
internal_weight=730.702 717.228 713.47 706.064 698.157 208.062 198.576 490.094 420.064 89.756 70.0306 64.6388 77.9621 330.308 115.189 158.132 107.279 215.119 212.049 157.456 149.451 116.536 101.369 45.6569 18.4168 72.3833 52.3896 19.9937 91.2906 84.0222
internal_count=10856 10563 10520 10160 9706 2789 2688 6917 5992 1195 925 876 746 4797 1955 1495 1644 2842 2809 2010 1393 957 1455 691 169 646 461 185 784 709
is_linear=0
shrinkage=0.05


Tree=99
num_leaves=31
num_cat=0
split_feature=6 6 7 7 4 7 7 1 17 7 15 5 9 7 7 10 16 18 10 11 13 7 1 14 8 13 11 7 7 14
split_gain=9.70402 8.23912 7.9848 7.62952 7.74951 20.6521 13.8726 9.52172 9.39501 7.62269 7.25422 6.90891 6.40724 6.47832 7.77308 6.33448 6.19989 7.05494 6.01022 6.89671 5.9342 5.76828 6.93479 5.74296 5.49681 5.96333 8.94652 5.40919 6.09365 5.09566
threshold=1.0000000180025095e-35 5.5000000000000009 863.50000000000011 12869.000000000002 4.5000000000000009 5532.5000000000009 2775.5000000000005 3.5000000000000004 1.0000000180025095e-35 1454.5000000000002 1.0000000180025095e-35 1.5000000000000002 1.0000000180025095e-35 2179.5000000000005 2146.5000000000005 1.0000000180025095e-35 1.0000000180025095e-35 1.0000000180025095e-35 1.0000000180025095e-35 1.0000000180025095e-35 1.0000000180025095e-35 2252.5000000000005 2.5000000000000004 1.0000000180025095e-35 0.89550000000000007 1.0000000180025095e-35 1.0000000180025095e-35 1232.5000000000002 1283.5000000000002 1.0000000180025095e-35
decision_type=2 2 2 2 2 2 2 2 2 2 2 2 2 2 2 2 2 2 2 2 2 2 2 2 2 2 2 2 2 2
left_child=-1 2 -2 4 7 6 12 8 18 -9 16 -11 13 14 15 -6 17 -10 24 20 23 -15 -23 -20 25 26 -4 -17 -29 -28
right_child=1 -3 3 -5 5 -7 -8 9 10 11 -12 -13 -14 21 -16 27 -18 -19 19 -21 -22 22 -24 -25 -26 -27 29 28 -30 -31
leaf_value=-0.043317095208665668 0.052501678499323745 0.075217890611246854 -0.018972119282255461 -0.050998283948932514 -0.025759945129238085 0.064723713534200478 -0.034739746809583326 -0.071598255528239632 0.0077882652275941397 -0.050699764065967767 0.073363930965224339 -0.0028333257037649203 0.038478319907642909 0.041030960934498678 -0.092489287563310221 -0.053159080525140491 0.068526318905428027 0.05765698560611663 0.0023721743436614863 0.057409357811891673 0.057862357128686662 -0.014369314023779051 0.024537837403814652 0.055286172826565783 0.063670024396745434 0.010375637927402741 0.0014189011681964379 0.087334403992030726 0.0040602311742365237 0.056380405873672428
leaf_weight=13.180332188960163 7.0607283995486787 3.620287563186138 91.221023295540363 7.5290239863097659 42.320173912681639 9.1918567041866464 49.860802095849067 5.3181211045011869 69.462768072960898 8.7190947998315078 6.0121526469010851 55.676897770958021 8.2924303570762259 9.596562401391564 3.212325941771268 3.7029389198869458 5.3517932444810858 7.8985820584930471 95.640848209150136 7.5622437323909244 5.6504200943745664 33.867943295277655 17.304664705879986 5.4183548842556766 3.0545633984729639 54.457658836618066 61.607767075300217 2.3992834202945259 26.035240524448454 4.5270836763083926
leaf_count=293 360 43 1081 454 457 101 1300 49 668 140 132 736 98 71 23 29 100 295 1242 311 189 283 169 213 33 799 784 19 239 145
internal_value=-0.000806479 -1.9064e-05 -0.000403806 -0.000936771 -0.000393168 -0.00852977 -0.0119548 0.00304091 0.00589486 -0.0140657 0.0203349 -0.00931435 -0.00421226 -0.00676941 -0.0163366 -0.0130512 0.0164804 0.0128799 0.00200232 0.0112672 0.00799725 0.00545863 -0.00121237 0.00520919 -0.00292498 -0.00388535 -0.00882078 0.00368431 0.0110868 0.00518114
internal_weight=724.754 711.574 707.953 700.893 693.364 205.784 196.592 487.579 417.865 69.7141 88.7253 64.396 146.732 138.439 77.67 74.4576 82.7131 77.3614 329.14 114.272 106.71 60.7692 51.1726 101.059 214.868 211.814 157.356 32.1375 28.4345 66.1349
internal_count=10856 10563 10520 10160 9706 2789 2688 6917 5992 925 1195 876 1388 1290 767 744 1063 963 4797 1955 1644 523 452 1455 2842 2809 2010 287 258 929
is_linear=0
shrinkage=0.05


end of trees

feature_importances:
Total_Trans_Amt=818
Avg_Utilization_Ratio=319
Total_Relationship_Count=233
Months_Inactive_12_mon=154
Contacts_Count_12_mon=144
Income_Category_$80K_-_$120K=129
Gender=124
Education_Level_High_School=122
Education_Level_Uneducated=104
Education_Level_Graduate=102
Income_Category_$60K_-_$80K=101
Income_Category_$40K_-_$60K=98
Education_Level_Post-Graduate=96
Education_Level_Unknown=87
Income_Category_Less_than_$40K=81
Dependent_count=76
Card_Category=66
Education_Level_Doctorate=64
Income_Category_Unknown=50
Marital_Status=32

parameters:
[boosting: gbdt]
[objective: binary]
[metric: binary_logloss]
[tree_learner: serial]
[device_type: cpu]
[data_sample_strategy: bagging]
[data: ]
[valid: ]
[num_iterations: 100]
[learning_rate: 0.05]
[num_leaves: 31]
[num_threads: 0]
[seed: 42]
[deterministic: 0]
[force_col_wise: 0]
[force_row_wise: 0]
[histogram_pool_size: -1]
[max_depth: -1]
[min_data_in_leaf: 20]
[min_sum_hessian_in_leaf: 0.001]
[bagging_fraction: 0.8]
[pos_bagging_fraction: 1]
[neg_bagging_fraction: 1]
[bagging_freq: 5]
[bagging_seed: 400]
[bagging_by_query: 0]
[feature_fraction: 0.9]
[feature_fraction_bynode: 1]
[feature_fraction_seed: 30056]
[extra_trees: 0]
[extra_seed: 12879]
[early_stopping_round: 0]
[early_stopping_min_delta: 0]
[first_metric_only: 0]
[max_delta_step: 0]
[lambda_l1: 0]
[lambda_l2: 0]
[linear_lambda: 0]
[min_gain_to_split: 0]
[drop_rate: 0.1]
[max_drop: 50]
[skip_drop: 0.5]
[xgboost_dart_mode: 0]
[uniform_drop: 0]
[drop_seed: 17869]
[top_rate: 0.2]
[other_rate: 0.1]
[min_data_per_group: 100]
[max_cat_threshold: 32]
[cat_l2: 10]
[cat_smooth: 10]
[max_cat_to_onehot: 4]
[top_k: 20]
[monotone_constraints: ]
[monotone_constraints_method: basic]
[monotone_penalty: 0]
[feature_contri: ]
[forcedsplits_filename: ]
[refit_decay_rate: 0.9]
[cegb_tradeoff: 1]
[cegb_penalty_split: 0]
[cegb_penalty_feature_lazy: ]
[cegb_penalty_feature_coupled: ]
[path_smooth: 0]
[interaction_constraints: ]
[verbosity: -1]
[saved_feature_importance_type: 0]
[use_quantized_grad: 0]
[num_grad_quant_bins: 4]
[quant_train_renew_leaf: 0]
[stochastic_rounding: 1]
[linear_tree: 0]
[max_bin: 255]
[max_bin_by_feature: ]
[min_data_in_bin: 3]
[bin_construct_sample_cnt: 200000]
[data_random_seed: 175]
[is_enable_sparse: 1]
[enable_bundle: 1]
[use_missing: 1]
[zero_as_missing: 0]
[feature_pre_filter: 1]
[pre_partition: 0]
[two_round: 0]
[header: 0]
[label_column: ]
[weight_column: ]
[group_column: ]
[ignore_column: ]
[categorical_feature: ]
[forcedbins_filename: ]
[precise_float_parser: 0]
[parser_config_file: ]
[objective_seed: 16083]
[num_class: 1]
[is_unbalance: 0]
[scale_pos_weight: 1]
[sigmoid: 1]
[boost_from_average: 1]
[reg_sqrt: 0]
[alpha: 0.9]
[fair_c: 1]
[poisson_max_delta_step: 0.7]
[tweedie_variance_power: 1.5]
[lambdarank_truncation_level: 30]
[lambdarank_norm: 1]
[label_gain: ]
[lambdarank_position_bias_regularization: 0]
[eval_at: ]
[multi_error_top_k: 1]
[auc_mu_weights: ]
[num_machines: 1]
[local_listen_port: 12400]
[time_out: 120]
[machine_list_filename: ]
[machines: ]
[gpu_platform_id: -1]
[gpu_device_id: -1]
[gpu_use_dp: 0]
[num_gpu: 1]

end of parameters

pandas_categorical:[]
